smiles,true_target,rank_evidence,rank_similarity,achieved_similarity,original_reference_depth,near_exact
Brc1ccc(CCN2CCn3c(nc4ccccc43)C2)cc1,CHEMBL5137,1.0,1.0,0.696,1873,False
Brc1cccc(Nc2ncnc3cc4c(cc23)OCCOCOCOCCO4)c1,CHEMBL203,1.0,1.0,0.894,11022,False
C#CC(C)NC(=O)[C@H]1CN(C2CCCC2)CC[C@@H]1NC(=O)c1cc(-c2ccc(F)cc2F)on1,CHEMBL2010631,1.0,1.0,0.843,1433,False
C#CC(O)C(=O)N(CC)CCN1CCC(c2noc3cc(F)ccc23)CC1,CHEMBL224,2.0,2.0,0.721,6081,False
C#CC(O)C(=O)N(CC)CCN1CCC(c2noc3cc(F)ccc23)CC1,CHEMBL3155,1.0,1.0,0.721,3175,False
C#CCCCC(=O)OC(C)(C)[C@H]1CC[C@]2(CO2)[C@@H](OC(=O)N[C@@H](Cc2c[nH]c3ccccc23)C(=O)OCc2ccccc2)C1,CHEMBL3334418,1.0,1.0,1.0,67,True
C#CCN(C)C[C@@H]1OC(C2CCCCC2)Cc2c1ccc(O)c2O,CHEMBL2056,1.0,1.0,0.623,1513,False
C#CCN1CCN(CN2C(=O)S/C(=C/c3ccc(OCc4ccccc4)cc3)C2=O)CC1,CHEMBL2039,2.0,2.0,0.661,4794,False
C#CCN1CCN(CN2C(=O)S/C(=C/c3ccc(OCc4ccccc4)cc3)C2=O)CC1,CHEMBL1951,1.0,1.0,0.661,3112,False
C#CCNC[C@@H]1OC(C2CCCCC2)Cc2c1ccc(O)c2O,CHEMBL2056,1.0,1.0,0.692,1513,False
C#CCN[C@@H]1CCc2ccc(OC(=O)N(C)CC)cc21.C#CCN[C@@H]1CCc2ccc(OC(=O)N(C)CC)cc21,CHEMBL1914,4.0,4.0,0.632,3653,True
C#CCN[C@@H]1CCc2ccc(OC(=O)N(C)CC)cc21.C#CCN[C@@H]1CCc2ccc(OC(=O)N(C)CC)cc21,CHEMBL1951,1.0,1.0,1.0,3112,True
C#CCN[C@@H]1CCc2ccc(OC(=O)N(C)CC)cc21.C#CCN[C@@H]1CCc2ccc(OC(=O)N(C)CC)cc21,CHEMBL2039,3.0,3.0,1.0,4794,True
C#CCOc1ccc(C[C@@H]2NC(=O)[C@@H](C)NC(=O)C(=C)N(C)C(=O)CC[C@H](C(=O)O)NC(=O)[C@@H](C)[C@H](/C=C/C(C)=C/[C@H](C)[C@H](Cc3ccccc3)OC)NC(=O)[C@H](CCCNC(=N)N)NC(=O)[C@@H](C)[C@H](C(=O)O)NC2=O)cc1,CHEMBL1743121,9.0,9.0,0.745,124,False
C#CCOc1ccc(C[C@@H]2NC(=O)[C@@H](C)NC(=O)C(=C)N(C)C(=O)CC[C@H](C(=O)O)NC(=O)[C@@H](C)[C@H](/C=C/C(C)=C/[C@H](C)[C@H](Cc3ccccc3)OC)NC(=O)[C@H](CCCNC(=N)N)NC(=O)[C@@H](C)[C@H](C(=O)O)NC2=O)cc1,CHEMBL1697668,10.0,10.0,0.745,177,False
C#CN1CCC(C(=O)NO)C(CS(=O)(=O)c2ccc(OCc3cc(C)nc4ccccc34)cc2)C1,CHEMBL3706,1.0,1.0,0.737,1918,False
C#CN1CCC(C(=O)NO)C(CS(=O)(=O)c2ccc(OCc3cc(C)nc4ccccc34)cc2)C1,CHEMBL280,2.0,2.0,0.711,2826,False
C#Cc1c(Nc2c(F)ccc(NS(=O)(=O)CCC)c2Cl)ccc2ncn(C)c(=O)c12,CHEMBL5145,1.0,1.0,0.634,5743,False
C#Cc1cc(C(O)Cc2ccccc2)c2cn[nH]c2c1,CHEMBL4685,1.0,1.0,0.674,3604,False
C#Cc1ccc(-c2ccc3ncnc(N[C@H]4CCN(C(=O)C5CCOCC5)C4)c3n2)cc1C=O,CHEMBL3130,1.0,1.0,0.781,7171,False
C#Cc1cccc(C#Cc2ccc3ncn(-c4ccnc(N)n4)c3c2)n1,CHEMBL5888,1.0,1.0,0.796,1345,False
C#Cc1cccc(Oc2ccc(-c3nn([C@@H]4CCCN(C(=O)C=C)C4)c4ncnc(N)c34)cc2)c1,CHEMBL4105713,88.0,38.0,0.5,10,False
C#Cc1cccc(Oc2ncnc3ccc(OCc4ccc(S(=O)(=O)N(C)C#C)cc4)cc23)c1,CHEMBL203,1.0,1.0,0.409,11022,False
C#Cc1ccnc(C#Cc2ccc3ncn(-c4ccnc(N)n4)c3c2)c1,CHEMBL5888,1.0,1.0,0.878,1345,False
C(#Cc1nc2c(N3CCOCC3)ccnn2c1-c1ccc(N2CCNCC2)nc1)c1ccc2ccccc2n1,CHEMBL4409,1.0,1.0,0.689,5483,False
C(=N\Nc1nc(-c2ccccc2)cs1)/c1cccs1,CHEMBL1741207,449.0,27.0,0.429,630,False
C(=N\Nc1nc(-c2ccccc2)cs1)/c1cccs1,CHEMBL1741213,520.0,28.0,0.429,814,False
C(=N\Nc1nc(-c2ccccc2)cs1)/c1cccs1,CHEMBL1741215,414.0,26.0,0.429,697,False
C(=N\Nc1nc(-c2ccccc2)cs1)/c1cccs1,CHEMBL2334,26.0,46.0,0.396,1965,False
C.C[C@H]1CN(CC2CCCC2)CCN1C(=O)N1Cc2c(NC(=O)c3ccc(F)cc3F)n[nH]c2C1(C)C,CHEMBL3045,1.0,1.0,0.944,728,False
C/C(=C\CC[C@@H](C)[C@H]1CC[C@@]2(C)C3=CC[C@H]4C(C)(C)[C@@H](O)CC[C@]4(C)C3=CC[C@]12C)C(=O)O,CHEMBL220,2.0,2.0,0.589,6051,False
C/C(=C\CC[C@@H](C)[C@H]1CC[C@@]2(C)C3=CC[C@H]4C(C)(C)[C@@H](O)CC[C@]4(C)C3=CC[C@]12C)CO,CHEMBL220,1.0,1.0,0.629,6051,False
C/C(=N/Nc1ccccc1[N+](=O)[O-])c1ccc([N+](=O)[O-])cc1,CHEMBL5573,1445.0,406.0,0.276,327,False
C/C(=N\Nc1ccc([N+](=O)[O-])cc1)c1cccc(N)c1,CHEMBL3402,1236.0,378.0,0.279,415,False
C/C(=N\OC(=O)C1CCCCC1)c1nccs1,CHEMBL1075121,348.0,1.0,0.542,8,False
C/C=C(/C)B1OC(C)(C)C(C)(C)O1,CHEMBL1628481,76.0,146.0,0.129,3358,False
C/C=C/C1=C(C(=O)O)N2C(=O)[C@@H](NC(=O)c3ccc(COc4ccc(Br)cc4Cl)o3)[C@H]2SC1,CHEMBL4523140,2.0,1.0,0.679,24,False
C/C=C/Cn1cc(-c2cc(C(=O)N3CCC3)ccc2OC)c2cc[nH]c2c1=O,CHEMBL3108639,4.0,2.0,0.776,173,False
C/C=C1\C2C=C(C)CC1(NCC(=O)OC)c1ccc(=O)[nH]c1C2,CHEMBL220,2.0,2.0,0.576,6051,False
C1=C(c2nc(-c3cccnc3)no2)CCC1,CHEMBL239,1.0,1.0,0.565,2834,False
C=C(C)[C@@H]1CC=C2[C@@H](CC[C@]3(C)[C@@H]([C@H](C)C[C@@H]4C[C@@H](C)C(=O)O4)CC[C@@]23C)[C@@]1(C)CCC(=O)O,CHEMBL1806,1.0,1.0,0.566,364,False
C=C(C)[C@@H]1CC=C2[C@@H](CC[C@]3(C)[C@@H]([C@H](C)C[C@@H]4C[C@@H](C)C(=O)O4)CC[C@@]23C)[C@@]1(C)CCC(=O)OC,CHEMBL1806,1.0,1.0,0.684,364,False
C=C1C(=O)N[C@H](C)C(=O)N[C@@H](Cc2ccc(O)cc2)C(=O)N[C@@H](C(=O)O)[C@H](C)C(=O)N[C@@H](CCCNC(=N)N)C(=O)N[C@@H](/C=C/C(C)=C/[C@H](C)[C@H](Cc2ccccc2)OC)[C@H](C)C(=O)N[C@@H](C(=O)O)CCC(=O)N1C,CHEMBL1743121,10.0,9.0,0.769,124,False
C=C1C(=O)N[C@H](C)C(=O)N[C@@H](Cc2ccc(O)cc2)C(=O)N[C@@H](C(=O)O)[C@H](C)C(=O)N[C@@H](CCCNC(=N)N)C(=O)N[C@@H](/C=C/C(C)=C/[C@H](C)[C@H](Cc2ccccc2)OC)[C@H](C)C(=O)N[C@@H](C(=O)O)CCC(=O)N1C,CHEMBL1697668,11.0,10.0,0.769,177,False
C=C1CC(CBr)(c2ccc(F)cc2)OC1=O,CHEMBL203,1.0,2.0,0.375,11022,False
C=C1CC(CI)(c2ccc(F)cc2)OC1=O,CHEMBL203,1.0,2.0,0.347,11022,False
C=C1CC(CI)(c2ccccc2)OC1=O,CHEMBL203,1.0,1.0,0.465,11022,False
C=CC(=O)N(CC(=O)NCCN1CCOCC1)c1nc(-c2ccccc2)cs1,CHEMBL3174,1.0,1.0,0.698,75,False
C=CC(=O)N1CC(OCCn2c(=O)c(-c3c(Cl)c(OC)cc(OC)c3Cl)cc3cnc(NCCN4CCOCC4)cc32)C1,CHEMBL3650,2.0,2.0,0.793,4143,False
C=CC(=O)N1CC(OCCn2c(=O)c(-c3c(Cl)c(OC)cc(OC)c3Cl)cc3cnc(NCCN4CCOCC4)cc32)C1,CHEMBL4142,1.0,1.0,0.793,1791,False
C=CC(=O)N1CC=C(c2c[nH]c3ncnc(-c4ccc(CNC(=O)Nc5ccccc5)c(F)c4)c23)CC1,CHEMBL5251,2.0,2.0,0.823,9782,False
C=CC(=O)N1CCC2(CC1)CNC(=O)c1cc(-c3ccnc(Nc4ccccc4OC)c3)[nH]c12,CHEMBL203,1.0,1.0,0.766,11022,False
C=CC(=O)N1CCCC(c2c(Cl)c(-c3ccc(Oc4ccc(Cl)c(Cl)c4)c(OC)c3)c3c(N)ncnn23)C1,CHEMBL5251,1.0,1.0,0.562,9782,False
C=CC(=O)N1CCCC(c2c(Cl)c(-c3ccc(Oc4cccc(Cl)c4)c(OC)c3)c3c(N)ncnn23)C1,CHEMBL5251,1.0,1.0,0.561,9782,False
C=CC(=O)N1CCCN(C(=O)c2cc(Sc3cnc(NC(=O)c4cccc(CN5CCOCC5)c4)s3)c(C)cc2OC)CC1,CHEMBL2959,4.0,4.0,0.677,1430,False
C=CC(=O)N1CCCN(C(=O)c2cc(Sc3cnc(NC(=O)c4cccc(CN5CCOCC5)c4)s3)c(C)cc2OC)CC1,CHEMBL4367,3.0,3.0,0.795,455,False
C=CC(=O)N1CCCN(C(=O)c2cc(Sc3cnc(NC(=O)c4cccc(CN5CCOCC5)c4)s3)c(C)cc2OC)CC1,CHEMBL2148,1.0,1.0,0.795,7416,False
C=CC(=O)N1CCCN(C(=O)c2cc(Sc3cnc(NC(=O)c4cccc(CN5CCOCC5)c4)s3)c(C)cc2OC)CC1,CHEMBL5251,2.0,2.0,0.795,9782,False
C=CC(=O)N1CCC[C@@H](NC(=O)c2sc3nccc4c3c2NC(=O)N4c2ccc(Oc3cccnn3)cc2)C1,CHEMBL5251,1.0,1.0,0.925,9782,False
C=CC(=O)N1CCC[C@@H](NC(=O)c2sc3nccc4c3c2NC(=O)N4c2ccc(Oc3cccnn3)cc2C)C1,CHEMBL5251,1.0,1.0,0.929,9782,False
C=CC(=O)N1CCC[C@@H](Nc2nc(Nc3ccc(N4CCOCC4)c(F)c3)nc3[nH]cc(Cl)c23)C1,CHEMBL2148,1.0,1.0,0.731,7416,False
C=CC(=O)N1CCC[C@@H](Nc2nc(Nc3ccc(N4CCOCC4)c(F)c3)nc3[nH]cc(Cl)c23)C1,CHEMBL5251,2.0,2.0,0.731,9782,False
C=CC(=O)N1CCC[C@@H](Nc2nc(Nc3ccc(N4CCOCC4)cc3)nc3[nH]cc(Cl)c23)C1,CHEMBL2148,2.0,2.0,0.855,7416,False
C=CC(=O)N1CCC[C@@H](Nc2nc(Nc3ccc(N4CCOCC4)cc3)nc3[nH]cc(Cl)c23)C1,CHEMBL5251,1.0,1.0,0.855,9782,False
C=CC(=O)N1CCC[C@@H](Nc2nc(Nc3ccc(N4CCOCC4)cc3)nc3[nH]ccc23)C1,CHEMBL2148,2.0,2.0,0.889,7416,False
C=CC(=O)N1CCC[C@@H](Nc2nc(Nc3ccc(N4CCOCC4)cc3)nc3[nH]ccc23)C1,CHEMBL5251,1.0,1.0,0.889,9782,False
C=CC(=O)N1CCC[C@@H](Nc2nc(Nc3ccc(N4CCOCC4)cc3F)nc3[nH]cc(Cl)c23)C1,CHEMBL5251,1.0,1.0,0.688,9782,False
C=CC(=O)N1CCC[C@@H](n2nc(-c3ccc(Oc4c(F)c(F)cc(F)c4F)cc3F)c3c(N)ncnc32)C1,CHEMBL5251,1.0,1.0,1.0,9782,True
C=CC(=O)N1CCC[C@@H](n2nc(-c3ccc(Oc4ccc(F)cc4)cc3)c3c(N)ncnc32)C1,CHEMBL203,1.0,1.0,0.903,11022,False
C=CC(=O)N1CCC[C@@H](n2nc(-c3ccc(Oc4ccccc4)c(Cl)c3)c3c(N)ncnc32)C1,CHEMBL203,4.0,4.0,0.806,11022,False
C=CC(=O)N1CCC[C@@H](n2nc(-c3ccc(Oc4ccccc4)cc3)c3c(N)ncnc32)C1,CHEMBL1961792,111.0,67.0,0.448,9,True
C=CC(=O)N1CCC[C@@H](n2nc(-c3ccc(Oc4ccccc4)cc3)c3c(N)ncnc32)C1,CHEMBL3879824,,,0.0,1,True
C=CC(=O)N1CCC[C@@H](n2nc(-c3ccc(Oc4ccccc4)cc3)c3c(N)ncnc32)C1,CHEMBL3905,7.0,7.0,1.0,668,True
C=CC(=O)N1CCC[C@@H](n2nc(-c3ccc(Oc4ccccc4)cc3)c3c(N)ncnc32)C1,CHEMBL2073,27.0,26.0,0.667,221,True
C=CC(=O)N1CCC[C@@H](n2nc(-c3ccc(Oc4ccccc4)cc3)c3c(N)ncnc32)C1,CHEMBL1841,26.0,25.0,0.667,1222,True
C=CC(=O)N1CCC[C@@H](n2nc(-c3ccc(Oc4ccccc4)cc3)c3c(N)ncnc32)C1,CHEMBL4454,24.0,23.0,0.667,129,True
C=CC(=O)N1CCC[C@@H](n2nc(-c3ccc(Oc4ccccc4)cc3)c3c(N)ncnc32)C1,CHEMBL4142,5.0,5.0,1.0,1791,True
C=CC(=O)N1CCC[C@@H](n2nc(-c3ccc(Oc4ccccc4)cc3)c3c(N)ncnc32)C1,CHEMBL258,14.0,14.0,0.727,2369,True
C=CC(=O)N1CCC[C@@H](n2nc(-c3ccc(Oc4ccccc4)cc3)c3c(N)ncnc32)C1,CHEMBL340,15.0,15.0,0.689,5556,True
C=CC(=O)N1CCC[C@@H](n2nc(-c3ccc(Oc4ccccc4)cc3)c3c(N)ncnc32)C1,CHEMBL2041,47.0,48.0,0.469,4396,True
C=CC(=O)N1CCC[C@@H](n2nc(-c3ccc(Oc4ccccc4)cc3)c3c(N)ncnc32)C1,CHEMBL4948,56.0,59.0,0.45,114,True
C=CC(=O)N1CCC[C@@H](n2nc(-c3ccc(Oc4ccccc4)cc3)c3c(N)ncnc32)C1,CHEMBL203,2.0,2.0,1.0,11022,True
C=CC(=O)N1CCC[C@@H](n2nc(-c3ccc(Oc4ccccc4)cc3)c3c(N)ncnc32)C1,CHEMBL2073673,1639.0,1591.0,0.179,34,True
C=CC(=O)N1CCC[C@@H](n2nc(-c3ccc(Oc4ccccc4)cc3)c3c(N)ncnc32)C1,CHEMBL3397,23.0,17.0,0.689,2945,True
C=CC(=O)N1CCC[C@@H](n2nc(-c3ccc(Oc4ccccc4)cc3)c3c(N)ncnc32)C1,CHEMBL4729,1590.0,763.0,0.227,232,True
C=CC(=O)N1CCC[C@@H](n2nc(-c3ccc(Oc4ccccc4)cc3)c3c(N)ncnc32)C1,CHEMBL4105713,46.0,33.0,0.618,10,True
C=CC(=O)N1CCC[C@@H](n2nc(-c3ccc(Oc4ccccc4)cc3)c3c(N)ncnc32)C1,CHEMBL3234,11.0,11.0,0.792,535,True
C=CC(=O)N1CCC[C@@H](n2nc(-c3ccc(Oc4ccccc4)cc3)c3c(N)ncnc32)C1,CHEMBL4601,32.0,29.0,0.667,306,True
C=CC(=O)N1CCC[C@@H](n2nc(-c3ccc(Oc4ccccc4)cc3)c3c(N)ncnc32)C1,CHEMBL5251,3.0,3.0,1.0,9782,True
C=CC(=O)N1CCC[C@@H](n2nc(-c3ccc(Oc4ccccc4)cc3)c3c(N)ncnc32)C1,CHEMBL1844,92.0,92.0,0.424,2620,True
C=CC(=O)N1CC[C@H](C(=O)N(C)[C@H](C(=O)N[C@H]2Cc3cc(O)cc(c3)-c3ccc4c(c3)c(c(-c3cc(CN(C)C)nn3C)n4CC)CC(C)(C)COC(=O)[C@@H]3CCCN(N3)C2=O)C(C)C)C1,CHEMBL2189121,1.0,1.0,0.86,2721,False
C=CC(=O)N1C[C@H](C)N(c2nc(=O)n(-c3c(C(C)C)cc(C4CCC4)nc3C(C)C)c3nc(-c4ccccc4F)c(Cl)cc23)C[C@H]1C,CHEMBL2189121,1.0,1.0,0.828,2721,False
C=CC(=O)N1C[C@H]2CN(CCCc3nc4c(-c5c(Cl)c(OC)cc(OC)c5Cl)cc5cnc(NC)nc5n4n3)C[C@H]2C1,CHEMBL3650,1.0,1.0,0.844,4143,False
C=CC(=O)N1Cc2nc(-c3cc(F)c(F)c(Oc4cccc(F)n4)c3)n(-c3ccncn3)c2C1,CHEMBL203,1.0,1.0,0.684,11022,False
C=CC(=O)N1Cc2nc(-c3cc(Oc4cc(Cl)c(F)cn4)c(F)cc3F)n(-c3ccncn3)c2C1,CHEMBL203,1.0,1.0,0.679,11022,False
C=CC(=O)N1Cc2nc(-c3cc(Oc4cc(Cl)ccn4)c(F)cc3F)n(-c3ccncn3)c2C1,CHEMBL203,1.0,1.0,0.688,11022,False
C=CC(=O)N1Cc2nc(-c3cc(Oc4cccc(F)n4)c(F)cc3F)n(-c3ccncn3)c2C1,CHEMBL203,1.0,1.0,0.803,11022,False
C=CC(=O)N1Cc2nc(-c3cc(Oc4cccc(F)n4)cc(F)c3F)n(-c3ccncn3)c2C1,CHEMBL203,1.0,1.0,0.632,11022,False
C=CC(=O)N1Cc2nc(-c3cc(Oc4cccc(F)n4)ccc3F)n(-c3ccncn3)c2C1,CHEMBL203,1.0,1.0,0.676,11022,False
C=CC(=O)N1Cc2nc(-c3cc(Oc4nc(F)ccc4F)c(F)cc3F)n(-c3ccncn3)c2C1,CHEMBL203,1.0,1.0,0.685,11022,False
C=CC(=O)N1Cc2nc(-c3cc(Oc4nc(F)ccc4F)ccc3F)n(-c3ccncn3)c2C1,CHEMBL203,1.0,1.0,0.671,11022,False
C=CC(=O)N1Cc2nc(-c3cc(Oc4nccc(Cl)c4F)c(F)cc3F)n(-c3ccncn3)c2C1,CHEMBL203,1.0,1.0,0.733,11022,False
C=CC(=O)N1Cc2nc(-c3ccc(F)c(Oc4cccc(F)n4)c3)n(-c3ccncn3)c2C1,CHEMBL203,1.0,1.0,0.803,11022,False
C=CC(=O)N1Cc2nc(-c3cccc(Oc4ccc(Cl)cn4)c3)n(-c3ccncn3)c2C1,CHEMBL203,1.0,1.0,0.6,11022,False
C=CC(=O)N1Cc2nc(-c3cccc(Oc4cccc(F)n4)c3)n(-c3ccncn3)c2C1,CHEMBL203,1.0,1.0,0.797,11022,False
C=CC(=O)N1Cc2nc(-c3cccc(Oc4nc(F)ccc4Cl)c3)n(-c3ccncn3)c2C1,CHEMBL203,1.0,1.0,0.62,11022,False
C=CC(=O)N1Cc2nc(-c3cccc(Oc4nccc(Cl)c4F)c3)n(-c3ccncn3)c2C1,CHEMBL203,1.0,1.0,0.613,11022,False
C=CC(=O)NC1CC(C2CCNc3c(C(N)=O)c(-c4ccc(OCCc5ccccc5)cc4)nn32)C1,CHEMBL5251,1.0,1.0,0.75,9782,False
C=CC(=O)NC1CN(C2CCN(C)CC2)CC1Nc1ncc2c(n1)N(C)C(=O)N(c1c(Cl)c(OC)cc(OC)c1Cl)C2,CHEMBL3973,1.0,1.0,0.851,2112,False
C=CC(=O)N[C@@H]1CCC(NC(=O)c2sc3nccc4c3c2NC(=O)N4c2ccc(Oc3ccccc3)nc2)C1,CHEMBL5251,1.0,1.0,0.947,9782,False
C=CC(=O)N[C@@H]1CCCC[C@H]1NC(=O)c1sc2nccc3c2c1NC(=O)N3c1ccnc(-c2ccccc2)c1,CHEMBL5251,1.0,1.0,0.971,9782,False
C=CC(=O)N[C@@H]1CCC[C@@H](NC(=O)c2sc3nccc4c3c2NC(=O)N4c2ccnc(-c3ccccc3)c2)C1,CHEMBL5251,1.0,1.0,0.944,9782,False
C=CC(=O)N[C@@H]1CCC[C@H]1NC(=O)c1sc2nccc3c2c1NC(=O)N3c1ccc(Oc2ccccc2)nc1,CHEMBL5251,1.0,1.0,0.973,9782,False
C=CC(=O)N[C@@H]1CCC[C@H]1NC(=O)c1sc2nccc3c2c1NC(=O)N3c1ccc(Oc2ccccc2)nc1C,CHEMBL5251,1.0,1.0,0.973,9782,False
C=CC(=O)N[C@@H]1CCC[C@H]1NC(=O)c1sc2nccc3c2c1NC(=O)N3c1cnc(Oc2ccccc2)cc1C,CHEMBL5251,1.0,1.0,0.974,9782,False
C=CC(=O)N[C@@H]1CC[C@@H](NC(=O)c2sc3nccc4c3c2NC(=O)N4c2ccc(Oc3ccccc3)nc2)C1,CHEMBL5251,1.0,1.0,0.947,9782,False
C=CC(=O)N[C@@H]1CC[C@@H](NC(=O)c2sc3nccc4c3c2NC(=O)N4c2cnc(Oc3ccccc3)cc2C)C1,CHEMBL5251,1.0,1.0,0.949,9782,False
C=CC(=O)N[C@@H]1CC[C@H](NC(=O)c2sc3nccc4c3c2NC(=O)N4c2cnc(Oc3ccccc3)cc2C)C1,CHEMBL5251,1.0,1.0,0.949,9782,False
C=CC(=O)N[C@@H]1Cn2c(c(-c3ccc(C(=O)NCc4ccccn4)cc3)c3c(N)ncnc32)C1=C,CHEMBL5251,1.0,1.0,0.77,9782,False
C=CC(=O)N[C@@H]1Cn2c(c(-c3ccc(C(=O)N[C@@H](C)c4ccccn4)cc3)c3c(N)ncnc32)C1=C,CHEMBL5251,1.0,1.0,0.75,9782,False
C=CC(=O)N[C@@H]1Cn2c(c(-c3ccc(C(=O)N[C@@H](COC)c4ccccn4)cc3)c3c(N)ncnc32)C1=C,CHEMBL5251,1.0,1.0,0.695,9782,False
C=CC(=O)N[C@H]1CCCC[C@H]1NC(=O)c1sc2nccc3c2c1NC(=O)N3c1ccnc(-c2ccccc2)c1,CHEMBL5251,1.0,1.0,0.971,9782,False
C=CC(=O)N[C@H]1CCC[C@H]1NC(=O)c1sc2nccc3c2c1NC(=O)N3c1ccc(Oc2ccccc2)nc1,CHEMBL5251,1.0,1.0,0.973,9782,False
C=CC(=O)N[C@H]1CCC[C@H]1NC(=O)c1sc2nccc3c2c1NC(=O)N3c1cnc(Oc2ccccc2)cc1C,CHEMBL5251,1.0,1.0,0.974,9782,False
C=CC(=O)N[C@H]1CC[C@@H](NC(=O)c2sc3nccc4c3c2NC(=O)N4c2cnc(Oc3ccccc3)cc2C)C1,CHEMBL5251,1.0,1.0,0.949,9782,False
C=CC(=O)N[C@H]1CC[C@H](NC(=O)c2sc3nccc4c3c2NC(=O)N4c2ccc(Oc3ccccc3)nc2)C1,CHEMBL5251,1.0,1.0,0.947,9782,False
C=CC(=O)N[C@H]1CC[C@H](NC(=O)c2sc3nccc4c3c2NC(=O)N4c2cnc(Oc3ccccc3)cc2C)C1,CHEMBL5251,1.0,1.0,0.949,9782,False
C=CC(=O)Nc1cc(CCN(C(=O)OC(C)(C)C)C2CC(C)(C)C2)cc(C)c1Nc1ncc2cc(-c3c(Cl)c(OC)cc(OC)c3Cl)ccc2n1,CHEMBL3973,1.0,1.0,0.716,2112,False
C=CC(=O)Nc1cc(CCNC2CC(F)(F)C2)cc(C)c1Nc1ncc2cc(-c3c(Cl)c(OC)cc(OC)c3Cl)ccc2n1,CHEMBL3973,1.0,1.0,0.753,2112,False
C=CC(=O)Nc1cc(CN2CCOCC2)ccc1-c1cc(C(=O)NCc2c(SC)cc(C)[nH]c2=O)c(C)c(N(CC)C2CCC(F)(F)CC2)c1,CHEMBL2189110,1.0,1.0,0.895,1122,False
C=CC(=O)Nc1cc(CNc2nc(Nc3cc(OC)cc(OC)c3)c(C(N)=O)c3nccn23)ccn1,CHEMBL2803,1.0,1.0,0.811,305,False
C=CC(=O)Nc1ccc(Nc2c(C)cccc2C)c(-c2cn(C)c(=O)c3cc(C(=O)NCC)sc23)c1,CHEMBL1163125,1.0,1.0,0.747,9315,False
C=CC(=O)Nc1ccc(S(=O)(=O)N2CCN(CCCc3ccccc3)CC2)cc1,CHEMBL2730,2.0,2.0,0.94,581,False
C=CC(=O)Nc1ccc(S(=O)(=O)N2CCN(CCCc3ccccc3)CC2)cc1,CHEMBL2810,3.0,3.0,0.94,83,False
C=CC(=O)Nc1ccc(S(=O)(=O)N2CCN(CCCc3ccccc3)CC2)cc1,CHEMBL4530,1.0,1.0,0.94,179,False
C=CC(=O)Nc1cccc(-n2c(=O)cc(C)c3cnc(Nc4ccc(N5CCN(CCCCCC(=O)N[C@H](C(=O)N6C[C@H](O)C[C@H]6C(=O)NCc6ccc(-c7scnc7C)cc6)C(C)(C)C)CC5)cc4OC)nc32)c1,CHEMBL203,3.0,6.0,0.574,11022,False
C=CC(=O)Nc1cccc(-n2cnc3cnc(Nc4ccc(N5CCN(C(C)=O)C(C)C5)cc4)nc32)c1,CHEMBL2148,2.0,2.0,0.658,7416,False
C=CC(=O)Nc1cccc(-n2cnc3cnc(Nc4ccc(N5CCN(C(C)=O)C(C)C5)cc4)nc32)c1,CHEMBL5251,1.0,1.0,0.72,9782,False
C=CC(=O)Nc1cccc(-n2cnc3cnc(Nc4ccc(N5CCN(C)CC5)cc4)nc32)c1,CHEMBL2148,4.0,4.0,0.75,7416,False
C=CC(=O)Nc1cccc(-n2cnc3cnc(Nc4ccc(N5CCN(C)CC5)cc4)nc32)c1,CHEMBL5251,1.0,1.0,0.833,9782,False
C=CC(=O)Nc1cccc(-n2cnc3cnc(Nc4ccc(N5CCN(CC)CC5)cc4)nc32)c1,CHEMBL2148,2.0,2.0,0.704,7416,False
C=CC(=O)Nc1cccc(-n2cnc3cnc(Nc4ccc(N5CCN(CC)CC5)cc4)nc32)c1,CHEMBL5251,1.0,1.0,0.797,9782,False
C=CC(=O)Nc1cccc(-n2cnc3cnc(Nc4ccc(N5CCN(S(C)(=O)=O)C(C)C5)cc4)nc32)c1,CHEMBL2148,2.0,2.0,0.641,7416,False
C=CC(=O)Nc1cccc(-n2cnc3cnc(Nc4ccc(N5CCN(S(C)(=O)=O)C(C)C5)cc4)nc32)c1,CHEMBL5251,1.0,1.0,0.701,9782,False
C=CC(=O)Nc1cccc(-n2cnc3cnc(Nc4ccc(N5CCN(S(C)(=O)=O)CC5)cc4)nc32)c1,CHEMBL2148,2.0,2.0,0.694,7416,False
C=CC(=O)Nc1cccc(-n2cnc3cnc(Nc4ccc(N5CCN(S(C)(=O)=O)CC5)cc4)nc32)c1,CHEMBL5251,1.0,1.0,0.786,9782,False
C=CC(=O)Nc1ccccc1Nc1nccc(N2CCCC(NS(=O)(=O)CCC)C2)n1,CHEMBL3973,3.0,4.0,0.405,2112,False
C=CC(C)(O)c1cc(F)c2c(c1)C(=O)N(Cc1ccc(C#N)cn1)[C@@]2(OCC1(CO)CC1)c1ccc(Cl)cc1,CHEMBL5023,1.0,1.0,0.824,4821,False
C=CC1(O)C(C)=C[C@@H](OC(C)=O)[C@@]2(C)C1CC[C@]1(C)C2[C@H](OC(C)=O)[C@H](OC(C)=O)[C@@]2([C@@H](C)OC(C)=O)COCC=CC12,CHEMBL4633,1.0,1.0,0.753,587,False
C=CC1=C(C(=O)O)N2C(=O)[C@@H](NC(=O)c3ccc(COc4ccc(Br)cc4Cl)o3)[C@H]2SC1,CHEMBL4523140,1.0,1.0,0.805,24,False
C=CC1=C(C(=O)O)N2C(=O)[C@@H](NC(=O)c3ccc(COc4ccc(C#N)cc4Cl)o3)[C@H]2SC1,CHEMBL4523140,3.0,1.0,0.675,24,False
C=CC1=C(C(=O)O)N2C(=O)[C@@H](NC(=O)c3ccc(COc4ccc(F)cc4)o3)[C@H]2SC1,CHEMBL4523140,3.0,1.0,0.767,24,False
C=CC1=C(C(=O)O)N2C(=O)[C@@H](NC(=O)c3ccc(COc4ccc(F)cc4Cl)o3)[C@H]2SC1,CHEMBL4523140,3.0,1.0,0.703,24,False
C=CC1=C(C(=O)O)N2C(=O)[C@@H](NC(=O)c3ccc(COc4ccccc4)o3)[C@H]2SC1,CHEMBL4523140,2.0,1.0,0.838,24,False
C=CCC1(CC=C)CCCN1C(=O)c1cc(COc2ccc(C)nc2)on1,CHEMBL1293222,3.0,4.0,0.388,395,False
C=CCC1(CC=C)CCCN1C(=O)c1cc(COc2ccc(C)nc2)on1,CHEMBL1825,5.0,5.0,0.388,1873,False
C=CCC1(CC=C)CCCN1C(=O)c1cc(COc2ccc(C)nc2)on1,CHEMBL2731,32.0,3.0,0.39,198,False
C=CCC1(CC=C)CCCN1C(=O)c1cc(COc2ccc(C)nc2)on1,CHEMBL1961790,1.0,1.0,0.676,217,False
C=CCC1(O)C(C)=C[C@@H](OC(C)=O)[C@@]2(C)C1CC[C@]1(C)C2[C@H](OC(C)=O)[C@H](OC(C)=O)[C@@]2([C@@H](C)OC(C)=O)COCC=CC12,CHEMBL4633,1.0,1.0,0.783,587,False
C=CCCC(=O)N1CCC(CNC(=O)c2cccc(COCCC3CCN(c4nnc(NC(=O)Cc5ccccc5)s4)CC3)c2)CC1,CHEMBL2146302,1.0,1.0,0.88,1424,False
C=CCCC1(O)C(C)=C[C@@H](OC(C)=O)[C@@]2(C)C1CC[C@]1(C)C2[C@H](OC(C)=O)[C@H](OC(C)=O)[C@@]2([C@@H](C)OC(C)=O)COCC=CC12,CHEMBL4633,1.0,1.0,0.788,587,False
C=CCCSCC1C2CCC(O2)C1C/C=C\CCCC(=O)O,CHEMBL2069,1.0,1.0,0.698,1031,False
C=CCN(C)C[C@@H]1OC(C2CCCCC2)Cc2c1ccc(O)c2O,CHEMBL2056,1.0,1.0,0.623,1513,False
C=CCN1CCC(C(=O)NO)C(CS(=O)(=O)c2ccc(OCc3cc(C)nc4ccccc34)cc2)C1,CHEMBL3706,1.0,1.0,0.718,1918,False
C=CCN1CCC(C(=O)NO)C(CS(=O)(=O)c2ccc(OCc3cc(C)nc4ccccc34)cc2)C1,CHEMBL280,2.0,2.0,0.692,2826,False
C=CCN1CCN(c2c(Cl)cccc2NC(=O)c2cccc(Br)c2)CC1,CHEMBL2637,1.0,1.0,0.707,1597,False
C=CCN1CCN(c2c(Cl)cccc2NC(=O)c2cccc(Br)c2)CC1,CHEMBL2276,2.0,2.0,0.683,1907,False
C=CCN1CC[C@@]2(CCCc3ccccc3)c3cc(O)ccc3O[C@H]2C1,CHEMBL237,3.0,3.0,0.893,6265,False
C=CCN1CC[C@@]2(CCCc3ccccc3)c3cc(O)ccc3O[C@H]2C1,CHEMBL236,1.0,1.0,0.893,4835,False
C=CCN1CC[C@@]2(CCCc3ccccc3)c3cc(O)ccc3O[C@H]2C1,CHEMBL233,2.0,2.0,0.893,7306,False
C=CCN1C[C@@H](OCCCN)C[C@@H]1CNC(=O)c1cc(CCCF)cc(OC)c1OC,CHEMBL234,2.0,2.0,1.0,6166,True
C=CCN1C[C@@H](OCCCN)C[C@@H]1CNC(=O)c1cc(CCCF)cc(OC)c1OC,CHEMBL217,1.0,1.0,1.0,9217,True
C=CCN1C[C@H](OCCCN)C[C@@H]1CNC(=O)c1cc(CCCF)cc(OC)c1OC,CHEMBL217,1.0,1.0,1.0,9217,True
C=CCN1C[C@H](OCCCN)C[C@@H]1CNC(=O)c1cc(CCCF)cc(OC)c1OC,CHEMBL234,2.0,2.0,1.0,6166,True
C=CCNC[C@@H]1OC(C2CCCCC2)Cc2c1ccc(O)c2O,CHEMBL2056,1.0,1.0,0.692,1513,False
C=CCSCC1C2CCC(O2)C1C/C=C\CCCC(=O)O,CHEMBL2069,1.0,1.0,0.7,1031,False
C=CCc1cc(/C=C/C(=O)c2cc3c(cc2N(C)C)OCO3)c(OC)cc1O,CHEMBL335,1.0,1.0,0.712,3606,False
C=CCc1ccccc1OC[C@@H](O)CNCCCc1cn(CCCCc2ccc(OC)cc2)nn1,CHEMBL210,1.0,1.0,0.824,2135,False
C=CCc1ccccc1OC[C@@H](O)CNCCCc1cn(CCCCc2ccc(OC[C@@H](O)CNC(C)C)cc2)nn1,CHEMBL210,1.0,1.0,0.972,2135,False
C=CCc1ccccc1OC[C@@H](O)CNCCCc1cn(CCCCc2ccccc2)nn1,CHEMBL210,1.0,1.0,0.818,2135,False
C=CCn1/c(=N/C(C)=O)c2cnc(Nc3ccc(N4CCN(C)CC4)cc3)nc2n1-c1cccc(C(C)(C)O)n1,CHEMBL5491,9.0,9.0,0.805,1122,False
C=CCn1c(=N)c2cnc(Nc3ccc(N4CCN(C)CC4)cc3)nc2n1-c1cccc(C(C)(C)O)n1,CHEMBL5491,12.0,12.0,0.836,1122,False
C=CCn1c(=O)c2cnc(Nc3ccc(N4CCN(C)CC4)cc3)nc2n1-c1cscn1,CHEMBL5491,1.0,1.0,0.757,1122,False
C=CS(=O)(=O)N1CCC[C@@H](n2nc(-c3ccc(Oc4ccccc4)cc3)c3c(N)ncnc32)C1,CHEMBL5251,1.0,1.0,1.0,9782,True
C=C[C@@H](c1ccc(Cl)cn1)N1C(=O)c2cc(C(C)(C)O)cc(F)c2[C@]1(OCC1(O)CC1)c1ccc(Cl)cc1,CHEMBL5023,1.0,1.0,0.598,4821,False
C=Cc1cc(C(=O)NCC2CC23CCN(C(=O)c2c(CC)noc2C)CC3)oc1C=N,CHEMBL1744525,1.0,1.0,0.658,4583,False
C=Cc1ccnc(C#Cc2ccc3ncn(-c4ccnc(N)n4)c3c2)c1,CHEMBL5888,1.0,1.0,0.75,1345,False
C=Cc1ccsc1Cn1ccnc1CCc1c(Cl)c(O)cc(O)c1C(=O)OC,CHEMBL1075323,2.0,2.0,0.706,249,False
C=Cc1ccsc1Cn1ccnc1CCc1c(Cl)c(O)cc(O)c1C(=O)OC,CHEMBL3880,1.0,1.0,0.706,1708,False
CC#CC(=O)N1CC=C(c2c[nH]c3ncnc(-c4ccc(CNC(=O)Nc5ccccc5)c(F)c4)c23)CC1,CHEMBL5251,1.0,1.0,0.827,9782,False
CC#CC(=O)N1CCC[C@@H](n2nc(-c3ccc(Oc4ccccc4)cc3)c3c(N)ncnc32)C1,CHEMBL5251,1.0,1.0,0.824,9782,False
CC#CC(=O)N1CCC[C@@H](n2nc(-c3ccc(Oc4ccccc4)cc3)c3c(N)ncnc32)C1,CHEMBL2959,3.0,3.0,0.746,1430,False
CC#CC(=O)N1CCC[C@@H](n2nc(-c3ccc(Oc4ccccc4)cc3)c3c(N)ncnc32)C1,CHEMBL203,4.0,4.0,0.746,11022,False
CC#CC(=O)N1CCC[C@@H](n2nc(-c3ccc(Oc4ccccc4)cc3)c3c(N)ncnc32)C1,CHEMBL258,10.0,10.0,0.676,2369,False
CC#CCn1c(N2CCNCC2)nc2c1c(=O)n(Cc1nn(-c3ccccc3)nc1C)c(=O)n2C,CHEMBL284,1.0,1.0,0.727,4372,False
CC#CCn1c(N2CCNCC2)nc2c1c(=O)n(Cc1nn(-c3ccccc3)nc1C)c(=O)n2C,CHEMBL4793,5.0,5.0,0.506,794,False
CC#C[C@@]1(O)CC[C@@]2(CC)c3ccc(OCc4ccncc4)cc3CC[C@@H]2C1,CHEMBL2034,1.0,1.0,0.735,3039,False
CC#C[C@@]1(O)CC[C@@]2(CC)c3ccc(OCc4ccncc4)cc3CC[C@@H]2C1,CHEMBL242,4.0,4.0,0.672,2308,False
CC#C[C@@]1(O)CC[C@@]2(CC)c3ccc(OCc4ccncc4)cc3CC[C@@H]2C1,CHEMBL206,5.0,5.0,0.672,4427,False
CC#C[C@]1(O)CC[C@H]2[C@@H]3CCC4=CC(=O)CCC4=C3[C@@H](c3ccc(Oc4ccccc4)cc3)C[C@@]21C,CHEMBL2034,1.0,1.0,0.857,3039,False
CC(=O)C(CCC(=O)NCCOCCOCCNS(=O)(=O)c1cccc([C@@H]2CN(C)Cc3c(Cl)cc(Cl)cc32)c1)(CCC(=O)NCCOCCOCCNS(=O)(=O)c1cccc([C@@H]2CN(C)Cc3c(Cl)cc(Cl)cc32)c1)CCC(=O)NCCOCCOCCNS(=O)(=O)c1cccc([C@@H]2CN(C)Cc3c(Cl)cc(Cl)cc32)c1,CHEMBL3273,1.0,1.0,0.868,350,False
CC(=O)C(c1ccc(Cl)c(Cl)c1)C1CCNCC1,CHEMBL238,1.0,1.0,0.568,3420,False
CC(=O)C(c1ccc(Cl)c(Cl)c1)C1CCNCC1,CHEMBL222,2.0,2.0,0.5,3692,False
CC(=O)C(c1ccc(Cl)c(Cl)c1)C1CCNCC1,CHEMBL228,3.0,3.0,0.5,5328,False
CC(=O)C1=C(C)N(c2cccc(C(F)(F)F)c2)C(=O)N[C@@H]1c1ccc(C#N)nc1,CHEMBL248,1.0,1.0,0.754,2511,False
CC(=O)C1=C(C)N(c2cccc(C(F)(F)F)c2)C(=O)N[C@@H]1c1ccc(C#N)nc1,CHEMBL214,157.0,266.0,0.273,5809,False
CC(=O)C1=C(C)N(c2cccc(C(F)(F)F)c2)C(=O)N[C@@H]1c1ccc(C#N)nc1,CHEMBL264,69.0,104.0,0.299,4372,False
CC(=O)C1=C(C)N(c2cccc(C(F)(F)F)c2)C(=O)N[C@@H]1c1ccc(C#N)nc1,CHEMBL213,496.0,2733.0,0.225,1536,False
CC(=O)C1=C(C)N(c2cccc(C(F)(F)F)c2)C(=O)N[C@@H]1c1ccc(C#N)nc1,CHEMBL3397,2.0,2.0,0.754,2945,False
CC(=O)N(C)[C@H](C(=O)N1C[C@H](O)C[C@H]1C(=O)NCc1ccc(-c2scnc2C)cc1)C(C)(C)C,CHEMBL3108660,1.0,1.0,0.696,388,False
CC(=O)N(C)[C@H](C(=O)N1C[C@H](O)C[C@H]1C(=O)NCc1ccc(-c2scnc2C)cc1)C(C)C,CHEMBL3108660,1.0,1.0,0.696,388,False
CC(=O)N(CC(=O)N[C@H](C(=O)N1CCC[C@H]1C(=O)N[C@H](C(=O)C(F)(F)F)C(C)C)C(C)C)Cc1ccccc1,CHEMBL248,1.0,1.0,0.742,2511,False
CC(=O)N1CC(n2nccc2-c2cc(F)ccc2Oc2cc(F)c(S(=O)(=O)Nc3cscn3)cc2Cl)C1,CHEMBL4296,1.0,1.0,0.727,7797,False
CC(=O)N1CC/C=C\Cn2c(=O)c3cnc(Nc4ccc5c(c4)CN(C)CC5(C)C)nc3n2-c2cccc1n2,CHEMBL5491,1.0,1.0,0.923,1122,False
CC(=O)N1CCC(Oc2ccnc(-c3ccnc(Nc4ccc5[nH]c(C(=O)N6CCN(C)CC6)cc5c4)n3)c2)CC1,CHEMBL2599,1.0,1.0,0.87,5285,False
CC(=O)N1CCC(n2cc(Nc3ncc(Cl)c(-c4cnc5ccccn45)n3)c(C)n2)CC1,CHEMBL1957,2.0,2.0,0.697,2522,False
CC(=O)N1CCC(n2cc(Nc3ncc(Cl)c(-c4cnc5ccccn45)n3)c(C)n2)CC1,CHEMBL301,3.0,3.0,0.697,2596,False
CC(=O)N1CCC(n2cc(Nc3ncc(Cl)c(-c4cnc5ccccn45)n3)c(C)n2)CC1,CHEMBL240,1.0,1.0,0.697,10985,False
CC(=O)N1CCC(n2cc(Nc3ncc(Cl)c(-c4cnc5ccccn45)n3)cn2)CC1,CHEMBL1957,2.0,2.0,0.62,2522,False
CC(=O)N1CCC(n2cc(Nc3ncc(Cl)c(-c4cnc5ccccn45)n3)cn2)CC1,CHEMBL301,10.0,4.0,0.588,2596,False
CC(=O)N1CCC(n2cc(Nc3ncc(Cl)c(-c4cnc5ccccn45)n3)cn2)CC1,CHEMBL240,1.0,1.0,0.62,10985,False
CC(=O)N1CCC(n2cc(Nc3ncc(Cl)c(-c4cnc5ccccn45)n3)cn2)CC1,CHEMBL308,31.0,33.0,0.398,1494,False
CC(=O)N1CCC(n2cc(Nc3ncc(Cl)c(-c4cnc5ccccn45)n3)cn2)CC1,CHEMBL3055,11.0,12.0,0.557,628,False
CC(=O)N1CCC(n2cc(Nc3ncc(Cl)c(-c4cnc5ccccn45)n3)cn2)CC1,CHEMBL5719,37.0,35.0,0.398,677,False
CC(=O)N1CCC(n2cc(Nc3ncc(Cl)c(-c4cnc5ccccn45)n3)cn2)CC1,CHEMBL3116,7.0,9.0,0.557,1776,False
CC(=O)N1CCC(n2nc(C)c(Nc3ncc(Cl)c(-c4cnc5ccccn45)n3)c2C)CC1,CHEMBL1957,2.0,2.0,0.693,2522,False
CC(=O)N1CCC(n2nc(C)c(Nc3ncc(Cl)c(-c4cnc5ccccn45)n3)c2C)CC1,CHEMBL301,3.0,3.0,0.693,2596,False
CC(=O)N1CCC(n2nc(C)c(Nc3ncc(Cl)c(-c4cnc5ccccn45)n3)c2C)CC1,CHEMBL240,1.0,1.0,0.693,10985,False
CC(=O)N1CCC(n2ncc(Nc3ncc(Cl)c(-c4cnc5ccccn45)n3)c2C)CC1,CHEMBL1957,1.0,1.0,0.699,2522,False
CC(=O)N1CCC(n2ncc(Nc3ncc(Cl)c(-c4cnc5ccccn45)n3)c2C)CC1,CHEMBL301,2.0,2.0,0.699,2596,False
CC(=O)N1CCC(n2ncc(Nc3ncc(Cl)c(-c4cnc5ccccn45)n3)c2C)CC1,CHEMBL240,3.0,3.0,0.662,10985,False
CC(=O)N1CCC2(CC1)CC(=O)c1ccc(-c3nc(Nc4ccc(N5CCC(C)CC5)cn4)ncc3F)cc1O2,CHEMBL2508,1.0,1.0,0.878,838,False
CC(=O)N1CCC2(CC1)CC(=O)c1ccc(-c3nc(Nc4ccc(N5CCC(N(C)C)CC5)cn4)ncc3F)cc1O2,CHEMBL2508,1.0,1.0,0.844,838,False
CC(=O)N1CCC2(CC1)CC(=O)c1ccc(-c3nc(Nc4ccc(N5CCCCC5)cn4)ncc3F)cc1O2,CHEMBL2508,1.0,1.0,0.929,838,False
CC(=O)N1CCCC(C(=O)Nc2cc(-c3ccnc(Nc4ccc(F)cc4)c3)ccn2)C1,CHEMBL2637,3.0,3.0,1.0,1597,True
CC(=O)N1CCCC(C(=O)Nc2cc(-c3ccnc(Nc4ccc(F)cc4)c3)ccn2)C1,CHEMBL2276,1.0,1.0,1.0,1907,True
CC(=O)N1CCCC(C(=O)Nc2cc(-c3ccnc(Nc4ccc(F)cc4)c3)ccn2)C1,CHEMBL260,2.0,2.0,1.0,5079,True
CC(=O)N1CCCC(C(=O)Nc2cc(-c3ccnc(Nc4ccccc4)c3)ccn2)C1,CHEMBL2637,3.0,3.0,0.818,1597,False
CC(=O)N1CCCC(C(=O)Nc2cc(-c3ccnc(Nc4ccccc4)c3)ccn2)C1,CHEMBL2276,1.0,1.0,0.818,1907,False
CC(=O)N1CCCC(C(=O)Nc2cc(-c3ccnc(Nc4ccccc4)c3)ccn2)C1,CHEMBL260,2.0,2.0,0.818,5079,False
CC(=O)N1CCCC(c2cccnc2Oc2ccc(C(=O)c3nc4ccccc4[nH]3)cc2)C1,CHEMBL4409,1.0,1.0,1.0,5483,True
CC(=O)N1CCCN(Cc2cc3cc(Cl)c4c(c3o2)C2(CCCCC2)NC(=O)N4)CC1,CHEMBL4716,1.0,1.0,0.823,415,False
CC(=O)N1CCN(C(=O)/C=C/c2ccc(Sc3ccc(Cl)cc3Cl)c(Cl)c2)CC1,CHEMBL3070,3.0,2.0,0.579,168,False
CC(=O)N1CCN(C(=O)/C=C/c2ccc(Sc3ccc(Cl)cc3Cl)c(Cl)c2)CC1,CHEMBL1803,1.0,1.0,0.667,87,False
CC(=O)N1CCN(C(=O)/C=C/c2ccc(Sc3ccc(Cl)cc3Cl)c([N+](=O)[O-])c2)CC1,CHEMBL3070,2.0,2.0,0.554,168,False
CC(=O)N1CCN(C(=O)/C=C/c2ccc(Sc3ccc(Cl)cc3Cl)cc2)CC1,CHEMBL1803,1.0,1.0,0.672,87,False
CC(=O)N1CCN(C(=O)/C=C/c2ccc(Sc3cccc(Cl)c3Cl)c(S(=O)(=O)N(C)C)c2)CC1,CHEMBL1803,1.0,1.0,0.507,87,False
CC(=O)N1CCN(C(=O)/C=C/c2ccc(Sc3cccc(Cl)c3Cl)c([N+](=O)[O-])c2)CC1,CHEMBL1803,1.0,1.0,0.618,87,False
CC(=O)N1CCN(C(=O)/C=C/c2ccc(Sc3ccccc3C(C)C)c([N+](=O)[O-])c2)CC1,CHEMBL3070,7.0,2.0,0.423,168,False
CC(=O)N1CCN(C(=O)/C=C/c2ccc(Sc3ccccc3C(C)C)c([N+](=O)[O-])c2)CC1,CHEMBL1803,1.0,1.0,0.618,87,False
CC(=O)N1CCN(Cc2c(-c3ccc(Cl)cc3)nc3ccc(N(C(C)C)S(C)(=O)=O)cn23)CC1,CHEMBL5873,2.0,1.0,0.71,112,False
CC(=O)N1CCN(Cc2c(-c3ccc(Cl)cc3)nc3ccc(N(C)S(=O)(=O)C(C)C)cn23)CC1,CHEMBL5873,1.0,1.0,0.776,112,False
CC(=O)N1CCN(Cc2c(-c3ccc(Cl)cc3)nc3ccc(N(C)S(C)(=O)=O)cn23)CC1,CHEMBL5873,1.0,1.0,0.812,112,False
CC(=O)N1CCN(Cc2c(-c3ccc(Cl)cc3)nc3ccc(NS(=O)(=O)C(C)C)cn23)CC1,CHEMBL2535,2.0,2.0,0.642,781,False
CC(=O)N1CCN(Cc2c(-c3ccc(Cl)cc3)nc3ccc(NS(=O)(=O)C(C)C)cn23)CC1,CHEMBL5873,1.0,1.0,0.773,112,False
CC(=O)N1CCN(Cc2c(-c3ccc(Cl)cc3)nc3ccc(NS(C)(=O)=O)cn23)CC1,CHEMBL5873,2.0,1.0,0.81,112,False
CC(=O)N1CCN(Cc2c(-c3ccc(Cl)cc3)nc3ccc(S(=O)(=O)C(C)C)cn23)CC1,CHEMBL5873,2.0,1.0,0.762,112,False
CC(=O)N1CCN(Cc2c(-c3ccc(Cl)cc3)nc3ccc(S(=O)(=O)N(C)C)cn23)CC1,CHEMBL5873,2.0,1.0,0.762,112,False
CC(=O)N1CCN(Cc2c(-c3ccc(Cl)cc3Cl)nc3ccc(NS(C)(=O)=O)cn23)CC1,CHEMBL5873,1.0,1.0,0.786,112,False
CC(=O)N1CCN(c2ccc3ccn(S(=O)(=O)c4ccccc4)c3c2)CC1,CHEMBL3371,1.0,1.0,0.833,4324,False
CC(=O)N1CCN(c2cccc(-c3cnc4ccc(C(F)(F)F)cn34)n2)CC1,CHEMBL5358,5.0,1.0,0.543,474,False
CC(=O)N1CC[n+]2c(-c3ccc([N+](=O)[O-])cc3)csc21,CHEMBL1741217,1441.0,82.0,0.298,921,False
CC(=O)N1CCc2c(c(N3CCCc4cc(-c5cnn(C)c5)c(C(F)F)cc43)nn2CC2CCC(N3Cc4cc5c(cc4C3)C(=O)N(C3CCC(=O)NC3=O)C5=O)CC2)C1,CHEMBL5747,1.0,1.0,0.897,2875,False
CC(=O)N1CCc2c(c(N3CCCc4cc(-c5cnn(C)c5)c(C(F)F)cc43)nn2CC2CCC(N3Cc4cc5c(cc4C3)C(=O)N(C3CCC(=O)NC3=O)C5=O)CC2)C1,CHEMBL3784,2.0,2.0,0.897,752,False
CC(=O)N1CCc2c(c(N3CCCc4cc(-c5cnn(C)c5)c(C(F)F)cc43)nn2CC2CCC(N3Cc4cc5c(cc4C3)C(=O)N(C3CCC(=O)NC3=O)C5=O)CC2)C1,CHEMBL3763008,3.0,3.0,0.897,410,False
CC(=O)N1CCc2c(sc3nc(-c4ccncc4)nc(NCCN)c23)C1,CHEMBL2598,1.0,1.0,0.797,621,False
CC(=O)N1CCc2oc(=O)n(C(=O)NCCCCc3ccccc3)c2C1,CHEMBL5463,1.0,1.0,0.741,171,False
CC(=O)N1C[C@H](O)C[C@H]1C(=O)NCc1ccc(-c2scnc2C)cc1,CHEMBL3108660,1.0,1.0,0.927,388,False
CC(=O)N1N=C(c2ccc(Br)cc2)CC1c1ccc(-c2ccccc2)cc1,CHEMBL220,2.0,2.0,0.708,6051,False
CC(=O)N1N=C(c2ccc(C)cc2)CC1c1ccc(-c2ccccc2)cc1,CHEMBL220,3.0,3.0,0.723,6051,False
CC(=O)N1N=C(c2ccccc2[N+](=O)[O-])CC1c1ccc(-c2ccccc2)cc1,CHEMBL220,1.0,1.0,0.698,6051,False
CC(=O)NC(=S)Nc1ccc(NC(=S)NC(=O)/C=C/c2ccco2)cc1,CHEMBL1293274,825.0,27.0,0.407,110,False
CC(=O)NC(C(=O)N1C[C@H](O)C[C@H]1C(=O)NCc1ccc(-c2scnc2C)cc1)C(F)(F)F,CHEMBL3108660,1.0,1.0,0.743,388,False
CC(=O)NC(C)(C)c1ccc(Nc2cc(-c3ccc4cc(C#N)cnn34)ncc2C(=O)NC[C@@H](F)C(C)(C)O)cc1,CHEMBL1825,2.0,2.0,0.805,1873,False
CC(=O)NC(C)(C)c1ccc(Nc2cc(-c3ccc4cc(C#N)cnn34)ncc2C(=O)NC[C@@H](F)C(C)(C)O)cc1,CHEMBL3778,1.0,1.0,0.805,7453,False
CC(=O)NC(C)Cc1ccc(C#Cc2ccc(C(=O)N3CCOCC3)cc2)cc1,CHEMBL4829,1.0,1.0,0.812,4003,False
CC(=O)NC(C)Cc1ccc(C#Cc2cccc(C(=O)N(C)C3CCCC3)c2)cc1,CHEMBL4829,1.0,1.0,0.815,4003,False
CC(=O)NC(C)Cc1ccc(C#Cc2cccc(C(=O)NC3CCCC3)c2)cc1,CHEMBL4829,1.0,1.0,0.961,4003,False
CC(=O)NCC1(CO[C@]2(c3ccc(Cl)cc3)c3c(F)cc(C(C)(C)O)cc3C(=O)N2Cc2ccc(Cl)cn2)CC1,CHEMBL5023,1.0,1.0,0.678,4821,False
CC(=O)NCCCNc1ccc(-c2c[nH]c3cc(F)ccc23)cn1,CHEMBL2140,1.0,1.0,0.541,983,False
CC(=O)NCCN(c1ccc2c(c1)C(c1ccc(Cl)cc1)N(c1ccc(N(C)Cc3ccncc3)cc1)C(=O)C2)C(C)C,CHEMBL1255126,7.0,2.0,0.431,484,False
CC(=O)NCCN(c1ccc2c(c1)C(c1ccc(Cl)cc1)N(c1ccc(N(C)Cc3ccncc3)cc1)C(=O)C2)C(C)C,CHEMBL5023,1.0,1.0,0.447,4821,False
CC(=O)NCCc1c(Br)[nH]c2ccc(OCCCCCCNC(=O)Oc3cccc(-c4ccccc4)c3)cc12,CHEMBL1945,2.0,2.0,0.718,1082,False
CC(=O)NCCc1c(Br)[nH]c2ccc(OCCCCCCNC(=O)Oc3cccc(-c4ccccc4)c3)cc12,CHEMBL1946,1.0,1.0,0.718,984,False
CC(=O)NCCc1c[nH]c2ccc(OCCCCCCNC(=O)Oc3cccc(-c4ccccc4)c3)cc12,CHEMBL1945,2.0,2.0,1.0,1082,True
CC(=O)NCCc1c[nH]c2ccc(OCCCCCCNC(=O)Oc3cccc(-c4ccccc4)c3)cc12,CHEMBL1946,1.0,1.0,1.0,984,True
CC(=O)NC[C@@]1(c2ccc(N3CCCCC3)cn2)C[C@H]2CC[C@@H](C1)N2C(c1ccccc1Cl)c1ccccc1Cl,CHEMBL2014,1.0,1.0,0.746,2731,False
CC(=O)NC[C@@]1(c2ncccc2CN2CCCCC2)C[C@H]2CC[C@@H](C1)N2C(c1ccccc1Cl)c1ccccc1Cl,CHEMBL2014,1.0,1.0,0.746,2731,False
CC(=O)NC[C@@]1(c2ncccc2CN2CCCCC2)C[C@H]2CC[C@@H](C1)N2C(c1ccccc1Cl)c1ccccc1Cl,CHEMBL233,2.0,2.0,0.667,7306,False
CC(=O)NCc1ccc(Nc2cc(-c3ccc4cc(C#N)cnn34)ncc2C(=O)NC[C@@H](F)C(C)(C)O)cc1,CHEMBL1825,1.0,1.0,0.85,1873,False
CC(=O)NCc1cccc(-c2nc([C@H]3CCCCN3C(=O)COc3ccccc3)no2)c1,CHEMBL3238,2.0,2.0,0.703,272,False
CC(=O)NCc1cccc(-c2nc([C@H]3CCCCN3C(=O)COc3ccccc3)no2)c1,CHEMBL1293194,1.0,1.0,0.736,485,False
CC(=O)NCc1cccc(Nc2cc(-c3ccc4cc(C#N)cnn34)ncc2C(=O)NC[C@@H](F)C(C)(C)O)c1,CHEMBL1825,2.0,1.0,0.778,1873,False
CC(=O)NCc1cccc(Nc2cc(-c3ccc4cc(C#N)cnn34)ncc2C(=O)NC[C@@H](F)C(C)(C)O)c1,CHEMBL3778,1.0,2.0,0.762,7453,False
CC(=O)NCc1nnc(N2CCN(C(C)c3ccc4nccnc4c3)CC2)s1,CHEMBL5921,1.0,1.0,0.635,707,False
CC(=O)N[C@@H](C)C(=O)N1C[C@H](O)C[C@H]1C(=O)NCc1ccc(-c2scnc2C)cc1,CHEMBL3108660,1.0,1.0,0.783,388,False
CC(=O)N[C@@H](C)C(=O)N[C@H](C(=O)N1C[C@H](O)C[C@H]1C(=O)NCc1ccc(-c2scnc2C)cc1)C(C)(C)C,CHEMBL3108660,1.0,1.0,0.805,388,False
CC(=O)N[C@@H](C)CO[C@H]1C[C@H](COc2ccc3nc(OCC4CC4)n(C)c3c2)C1,CHEMBL4829,1.0,1.0,0.812,4003,False
CC(=O)N[C@@H](C)c1ccc(O[C@@H]2CCN(c3ccnc(N4CC(F)(F)C(F)(F)C4)n3)C2)cc1,CHEMBL4829,1.0,1.0,0.918,4003,False
CC(=O)N[C@@H](C)c1ccc(O[C@@H]2CCN(c3ccnc(N4CCC(C#N)C4)n3)C2)cc1,CHEMBL4829,1.0,1.0,0.785,4003,False
CC(=O)N[C@@H](C)c1ccc(O[C@@H]2CCN(c3ccnc(N4CCC(C)(C)C4)n3)C2)cc1,CHEMBL4829,1.0,1.0,0.935,4003,False
CC(=O)N[C@@H](C)c1ccc(O[C@@H]2CCN(c3ccnc(N4CCC(C)(O)C4)n3)C2)cc1,CHEMBL4829,1.0,1.0,0.848,4003,False
CC(=O)N[C@@H](C)c1ccc(O[C@@H]2CCN(c3ccnc(N4CCC(C)C4)n3)C2)cc1,CHEMBL4829,1.0,1.0,0.836,4003,False
CC(=O)N[C@@H](C)c1ccc(O[C@@H]2CCN(c3ccnc(N4CCC(F)(F)C4)n3)C2)cc1,CHEMBL4829,1.0,1.0,0.908,4003,False
CC(=O)N[C@@H](C)c1ccc(O[C@@H]2CCN(c3ccnc(N4CCCC4(C)C)n3)C2)cc1,CHEMBL4829,1.0,1.0,0.8,4003,False
CC(=O)N[C@@H](C)c1ccc(O[C@@H]2CCN(c3ccnc(N4CCCC4)n3)C2)cc1,CHEMBL4829,1.0,1.0,0.982,4003,False
CC(=O)N[C@@H](C)c1ccc(O[C@@H]2CCN(c3ccnc(N4CCCC4C)n3)C2)cc1,CHEMBL4829,1.0,1.0,0.797,4003,False
CC(=O)N[C@@H](C)c1ccc(O[C@@H]2CCN(c3ccnc(N4CC[C@H](F)C4)n3)C2)cc1,CHEMBL4829,1.0,1.0,0.836,4003,False
CC(=O)N[C@@H](C)c1ccc(O[C@@H]2CCN(c3nc(N4CC(F)(F)C(F)(F)C4)ncc3Cl)C2)cc1,CHEMBL4829,1.0,1.0,0.922,4003,False
CC(=O)N[C@@H](C)c1ccc(O[C@@H]2CCN(c3nc(N4CC(F)(F)C(F)(F)C4)ncc3F)C2)cc1,CHEMBL4829,1.0,1.0,0.921,4003,False
CC(=O)N[C@@H](C)c1ccc(O[C@@H]2CCN(c3nc(N4CCC(C)(C)C4)ncc3Cl)C2)cc1,CHEMBL4829,1.0,1.0,0.868,4003,False
CC(=O)N[C@@H](C)c1ccc(O[C@@H]2CCN(c3nc(N4CCC(C)(C)C4)ncc3F)C2)cc1,CHEMBL4829,1.0,1.0,0.868,4003,False
CC(=O)N[C@@H](C)c1ccc(O[C@@H]2CCN(c3nc(N4CCC(C)(O)C4)ncc3Cl)C2)cc1,CHEMBL4829,1.0,1.0,0.843,4003,False
CC(=O)N[C@@H](C)c1ccc(O[C@@H]2CCN(c3nc(N4CCC(C)(O)C4)ncc3F)C2)cc1,CHEMBL4829,1.0,1.0,0.91,4003,False
CC(=O)N[C@@H](C)c1ccc(O[C@@H]2CCN(c3nc(N4CCC(C)C4)ncc3Cl)C2)cc1,CHEMBL4829,1.0,1.0,0.919,4003,False
CC(=O)N[C@@H](C)c1ccc(O[C@@H]2CCN(c3nc(N4CCC(C)C4)ncc3F)C2)cc1,CHEMBL4829,1.0,1.0,0.922,4003,False
CC(=O)N[C@@H](C)c1ccc(O[C@@H]2CCN(c3nc(N4CCC(CO)C4)ncc3F)C2)cc1,CHEMBL4829,1.0,1.0,0.794,4003,False
CC(=O)N[C@@H](C)c1ccc(O[C@@H]2CCN(c3nc(N4CCC(F)(F)C4)ncc3Cl)C2)cc1,CHEMBL4829,1.0,1.0,0.912,4003,False
CC(=O)N[C@@H](C)c1ccc(O[C@@H]2CCN(c3nc(N4CCC(F)(F)C4)ncc3F)C2)cc1,CHEMBL4829,1.0,1.0,0.91,4003,False
CC(=O)N[C@@H](C)c1ccc(O[C@@H]2CCN(c3nc(N4CCCC4(C)C)ncc3Cl)C2)cc1,CHEMBL4829,1.0,1.0,0.771,4003,False
CC(=O)N[C@@H](C)c1ccc(O[C@@H]2CCN(c3nc(N4CCCC4(C)C)ncc3F)C2)cc1,CHEMBL4829,1.0,1.0,0.781,4003,False
CC(=O)N[C@@H](C)c1ccc(O[C@@H]2CCN(c3nc(N4CCCC4)ncc3Br)C2)cc1,CHEMBL4829,1.0,1.0,0.8,4003,False
CC(=O)N[C@@H](C)c1ccc(O[C@@H]2CCN(c3nc(N4CCCC4)ncc3Cl)C2)cc1,CHEMBL4829,1.0,1.0,0.983,4003,False
CC(=O)N[C@@H](C)c1ccc(O[C@@H]2CCN(c3nc(N4CCCC4)ncc3F)C2)cc1,CHEMBL4829,1.0,1.0,0.983,4003,False
CC(=O)N[C@@H](C)c1ccc(O[C@@H]2CCN(c3nc(N4CCCC4C)ncc3Cl)C2)cc1,CHEMBL4829,1.0,1.0,0.838,4003,False
CC(=O)N[C@@H](C)c1ccc(O[C@@H]2CCN(c3nc(N4CCCC4C)ncc3F)C2)cc1,CHEMBL4829,1.0,1.0,0.8,4003,False
CC(=O)N[C@@H](C)c1ccc(O[C@@H]2CCN(c3nc(N4CCC[C@@H]4C)ncc3Cl)C2)cc1,CHEMBL4829,1.0,1.0,0.838,4003,False
CC(=O)N[C@@H](C)c1ccc(O[C@@H]2CCN(c3nc(N4CCC[C@@H]4C)ncc3F)C2)cc1,CHEMBL4829,1.0,1.0,0.8,4003,False
CC(=O)N[C@@H](C)c1ccc(O[C@@H]2CCN(c3nc(N4CCC[C@H]4C)ncc3Cl)C2)cc1,CHEMBL4829,1.0,1.0,0.838,4003,False
CC(=O)N[C@@H](C)c1ccc(O[C@@H]2CCN(c3nc(N4CCC[C@H]4C)ncc3F)C2)cc1,CHEMBL4829,1.0,1.0,0.8,4003,False
CC(=O)N[C@@H](C)c1ccc(O[C@@H]2CCN(c3nc(N4CC[C@@H](F)C4)ncc3F)C2)cc1,CHEMBL4829,1.0,1.0,0.844,4003,False
CC(=O)N[C@@H](C)c1ccc(O[C@@H]2CCN(c3nc(N4CC[C@H](F)C4)ncc3Cl)C2)cc1,CHEMBL4829,1.0,1.0,0.833,4003,False
CC(=O)N[C@@H](C)c1ccc(O[C@@H]2CCN(c3nc(N4CC[C@H](F)C4)ncc3F)C2)cc1,CHEMBL4829,1.0,1.0,0.844,4003,False
CC(=O)N[C@@H](C)c1ccc(O[C@@H]2CCN(c3nc(N4CC[C@H](O)C4)ncc3F)C2)cc1,CHEMBL4829,1.0,1.0,0.831,4003,False
CC(=O)N[C@@H](CC(C)C)C(=O)N[C@H](C(=O)N1C[C@H](O)C[C@H]1C(=O)NCc1ccc(-c2scnc2C)cc1)C(C)(C)C,CHEMBL3108660,1.0,1.0,0.823,388,False
CC(=O)N[C@@H](CCCNC(=N)N)C(=O)N[C@@H](C)C(=O)N[C@H](C(=O)N[C@@H](CCCNC(=N)N)C(=O)N[C@@H](CCCNC(=N)N)C(=O)N[C@@H](CCCCN)C(=O)N[C@@H](CCCCN)C(=O)N[C@@H](CCCNC(=N)N)C(=O)N[C@H](C(N)=O)[C@@H](C)O)[C@@H](C)O,CHEMBL2611,1.0,1.0,1.0,511,True
CC(=O)N[C@@H](CCCNC(=N)N)C(=O)N[C@@H](CC(C)C)C(=O)N[C@@H](CC(C)C)C(=O)N[C@@H](CC(C)C)C(=O)NCC(=O)N[C@@H](CCCNC(=N)N)C(=O)O,CHEMBL5731,1.0,1.0,0.788,169,False
CC(=O)N[C@@H](Cc1ccc(O)cc1)C(=O)N[C@@H](CC(N)=O)C(=O)N[C@@H](Cc1c[nH]c2ccccc12)C(=O)N[C@@H](CC(N)=O)C(=O)N[C@@H](CO)C(=O)N[C@@H](Cc1ccccc1)c1cn(CC(=O)N[C@@H](CC(C)C)C(=O)N[C@@H](CCCNC(=N)N)C(=O)N[C@@H](Cc2ccc(O)cc2)C(N)=O)nn1,CHEMBL5413,1.0,1.0,0.814,303,False
CC(=O)N[C@@H](Cc1ccccc1)[C@H](O)CN[C@H]1CC(C)(C)Cn2nc(CC(C)(C)C)cc21,CHEMBL2581,3.0,3.0,0.605,2202,False
CC(=O)N[C@@H](Cc1ccccc1)[C@H](O)CN[C@H]1CC(C)(C)Cn2nc(CC(C)(C)C)cc21,CHEMBL4822,2.0,2.0,0.605,9994,False
CC(=O)N[C@@H](Cc1n[nH]c2ccccc12)C(=O)OCc1cc(C(F)(F)F)cc(C(F)(F)F)c1,CHEMBL249,1.0,1.0,0.694,2543,False
CC(=O)N[C@@H]1CCC[C@H]1NC(=O)c1sc2nccc3c2c1NC(=O)N3c1ccc(Oc2ccccc2)nc1C,CHEMBL5251,1.0,1.0,0.972,9782,False
CC(=O)N[C@@H]1CC[C@@H](NC(=O)c2sc3nccc4c3c2NC(=O)N4c2cnc(Oc3ccccc3)cc2C)C1,CHEMBL5251,1.0,1.0,0.946,9782,False
CC(=O)N[C@@H]1CC[C@H](NC(=O)c2sc3nccc4c3c2NC(=O)N4c2cnc(Oc3ccccc3)cc2C)C1,CHEMBL5251,1.0,1.0,0.946,9782,False
CC(=O)N[C@@H]1O[C@H](CO)[C@@H](O)[C@H](O)[C@H]1NC(=O)c1ccc(S(N)(=O)=O)cc1,CHEMBL261,3.0,3.0,0.735,7567,False
CC(=O)N[C@@H]1O[C@H](CO)[C@@H](O)[C@H](O)[C@H]1NC(=O)c1ccc(S(N)(=O)=O)cc1,CHEMBL205,1.0,1.0,0.735,8715,False
CC(=O)N[C@@H]1O[C@H](CO)[C@@H](O)[C@H](O)[C@H]1NC(=O)c1ccc(S(N)(=O)=O)cc1,CHEMBL3594,2.0,2.0,0.735,6139,False
CC(=O)N[C@@H]1[C@@H](O)[C@H](O)[C@@H](CO)O[C@H]1n1cc(CNC(=O)c2ccc(S(N)(=O)=O)cc2)nn1,CHEMBL261,4.0,4.0,0.768,7567,False
CC(=O)N[C@@H]1[C@@H](O)[C@H](O)[C@@H](CO)O[C@H]1n1cc(CNC(=O)c2ccc(S(N)(=O)=O)cc2)nn1,CHEMBL205,2.0,2.0,0.768,8715,False
CC(=O)N[C@@H]1[C@@H](O)[C@H](O)[C@@H](CO)O[C@H]1n1cc(CNC(=O)c2ccc(S(N)(=O)=O)cc2)nn1,CHEMBL3594,1.0,1.0,0.768,6139,False
CC(=O)N[C@@H]1[C@@H](O)[C@H](O)[C@@H](CO)O[C@H]1n1cc(CNC(=O)c2ccc(S(N)(=O)=O)cc2)nn1,CHEMBL3242,3.0,3.0,0.768,4916,False
CC(=O)N[C@@H]1[C@@H](O)[C@H](O)[C@@H](CO)O[C@H]1n1cc(CNC(=O)c2ccc(S(N)(=O)=O)cc2)nn1,CHEMBL3510,5.0,5.0,0.768,746,False
CC(=O)N[C@@H]1[C@@H](OC(C)=O)[C@H](OC(C)=O)[C@@H](COC(C)=O)O[C@H]1n1cc(CNC(=O)c2ccc(S(N)(=O)=O)cc2)nn1,CHEMBL261,4.0,4.0,0.819,7567,False
CC(=O)N[C@@H]1[C@@H](OC(C)=O)[C@H](OC(C)=O)[C@@H](COC(C)=O)O[C@H]1n1cc(CNC(=O)c2ccc(S(N)(=O)=O)cc2)nn1,CHEMBL205,5.0,5.0,0.819,8715,False
CC(=O)N[C@@H]1[C@@H](OC(C)=O)[C@H](OC(C)=O)[C@@H](COC(C)=O)O[C@H]1n1cc(CNC(=O)c2ccc(S(N)(=O)=O)cc2)nn1,CHEMBL3594,3.0,3.0,0.819,6139,False
CC(=O)N[C@@H]1[C@@H](OC(C)=O)[C@H](OC(C)=O)[C@@H](COC(C)=O)O[C@H]1n1cc(CNC(=O)c2ccc(S(N)(=O)=O)cc2)nn1,CHEMBL3242,1.0,1.0,0.819,4916,False
CC(=O)N[C@@H]1[C@@H](OC(C)=O)[C@H](OC(C)=O)[C@@H](COC(C)=O)O[C@H]1n1cc(CNC(=O)c2ccc(S(N)(=O)=O)cc2)nn1,CHEMBL3510,2.0,2.0,0.819,746,False
CC(=O)N[C@H](C(=O)N1C[C@H](O)C[C@H]1C(=O)NC(C(N)=O)c1ccc(-c2scnc2C)cc1)C(C)(C)C,CHEMBL3108660,1.0,1.0,0.767,388,False
CC(=O)N[C@H](C(=O)N1C[C@H](O)C[C@H]1C(=O)NCc1ccc(-c2scnc2C)cc1)C(C)(C)C,CHEMBL3108660,1.0,1.0,0.822,388,False
CC(=O)N[C@H](C(=O)N1C[C@H](O)C[C@H]1C(=O)NCc1ccc(-c2scnc2C)cc1)C(C)C,CHEMBL3108660,1.0,1.0,0.771,388,False
CC(=O)N[C@H](C(=O)N1C[C@H](O)C[C@H]1C(=O)N[C@@H](C(N)=O)c1ccc(-c2scnc2C)cc1)C(C)(C)C,CHEMBL3108660,1.0,1.0,0.767,388,False
CC(=O)N[C@H](C(=O)N1C[C@H](O)C[C@H]1C(=O)N[C@@H](C)c1ccc(-c2scnc2C)cc1)C(C)(C)C,CHEMBL3108660,1.0,1.0,0.726,388,False
CC(=O)N[C@H](C(=O)N1C[C@H](O)C[C@H]1C(=O)N[C@@H](C)c1ccc(-c2scnc2C)cc1OCCCCCNC(=O)c1ccc(C(=O)Nc2cccc(Nc3cc(-c4c[nH]c5ccccc45)ncn3)c2)cc1)C(C)(C)C,CHEMBL1770034,1.0,1.0,0.794,189,False
CC(=O)N[C@H](C(=O)N1C[C@H](O)C[C@H]1C(=O)N[C@H](C(N)=O)c1ccc(-c2scnc2C)cc1)C(C)(C)C,CHEMBL3108660,1.0,1.0,0.767,388,False
CC(=O)N[C@H](C(=O)N1C[C@H](O)C[C@H]1C(=O)N[C@H](C)c1ccc(-c2scnc2C)cc1)C(C)(C)C,CHEMBL3108660,1.0,1.0,0.726,388,False
CC(=O)N[C@H](C(=O)N[C@H](C(=O)N1C[C@H](O)C[C@H]1C(=O)NCc1ccc(-c2scnc2C)cc1)C(C)(C)C)C(C)(C)C,CHEMBL3108660,1.0,1.0,0.827,388,False
CC(=O)N[C@H](C(=S)N1C[C@H](O)C[C@H]1C(=O)NCc1ccc(-c2scnc2C)cc1)C(C)C,CHEMBL3108660,1.0,1.0,0.746,388,False
CC(=O)N[C@H]1CCCC1NC(=O)c1sc2nccc3c2c1NC(=O)N3c1ccc(Oc2ccccc2)nc1C,CHEMBL5251,1.0,1.0,0.972,9782,False
CC(=O)N[C@H]1CCC[C@H]1NC(=O)c1sc2nccc3c2c1NC(=O)N3c1ccc(Oc2ccccc2)nc1C,CHEMBL5251,1.0,1.0,0.972,9782,False
CC(=O)N[C@H]1CCC[C@H]1NC(=O)c1sc2nccc3c2c1NC(=O)N3c1cnc(Oc2ccccc2)cc1C,CHEMBL5251,1.0,1.0,0.972,9782,False
CC(=O)N[C@H]1CCN(c2nc(NC(C)(C)C)nc3c2nnn3Cc2ncccc2Cl)C1,CHEMBL253,1.0,1.0,0.8,7881,False
CC(=O)N[C@H]1CCN(c2nc(OCC(C)(C)C)nc3c2nnn3Cc2ncccc2Cl)C1,CHEMBL253,1.0,1.0,0.811,7881,False
CC(=O)N[C@H]1CC[C@@H](N(C)c2cc(-c3ccc(CN4CCOCC4)cc3)cc(C(=O)NCc3c(C)cc(C)[nH]c3=O)c2C)CC1,CHEMBL2189110,1.0,1.0,0.857,1122,False
CC(=O)N[C@H]1CC[C@@H](NC(=O)c2sc3nccc4c3c2NC(=O)N4c2cnc(Oc3ccccc3)cc2C)C1,CHEMBL5251,1.0,1.0,0.946,9782,False
CC(=O)N[C@H]1CC[C@H](N(C)c2cc(-c3ccc(CN4CCOCC4)cc3)cc(C(=O)NCc3c(C)cc(C)[nH]c3=O)c2C)CC1,CHEMBL2189110,1.0,1.0,0.857,1122,False
CC(=O)N[C@H]1CC[C@H](NC(=O)c2sc3nccc4c3c2NC(=O)N4c2cnc(Oc3ccccc3)cc2C)C1,CHEMBL5251,1.0,1.0,0.946,9782,False
CC(=O)Nc1cc(-c2cncc(S(=O)(=O)NC34CC5CC(CC(C5)C3)C4)c2)ccn1,CHEMBL1075165,1.0,1.0,0.923,686,False
CC(=O)Nc1cc(Oc2ccc(NC(=O)Nc3cc(C(C)(C)C)nn3-c3ccc(C)cc3)c3ccccc23)ccn1,CHEMBL260,1.0,1.0,0.781,5079,False
CC(=O)Nc1cc(Oc2ccc(NC(=O)Nc3cc(C(C)(C)C)nn3-c3ccc(C)cc3)c3ccccc23)ccn1,CHEMBL4674,7.0,4.0,0.781,249,False
CC(=O)Nc1cc2ncccc2c(-c2cccc(C)c2C)n1,CHEMBL3708265,1.0,1.0,0.571,141,False
CC(=O)Nc1ccc(-c2c[nH]c3cc(F)ccc23)cn1,CHEMBL2140,2.0,1.0,0.623,983,False
CC(=O)Nc1ccc(C(=O)Nc2ccc(-c3ccccc3S(N)(=O)=O)cc2)c(Oc2cccc(C(=N)N)c2)c1,CHEMBL244,2.0,2.0,0.638,5906,False
CC(=O)Nc1ccc(C(=O)c2ncc(CC(=O)O)c3ccccc23)cc1,CHEMBL5071,1.0,1.0,0.787,3272,False
CC(=O)Nc1ccc(C2=NNC(=O)C[C@H]2C)cc1,CHEMBL290,1.0,1.0,0.635,494,False
CC(=O)Nc1ccc(C2=NNC(=O)C[C@H]2C)cc1,CHEMBL241,2.0,2.0,0.635,726,False
CC(=O)Nc1ccc(C2=NNC(=O)C[C@H]2C)cc1Cl,CHEMBL241,2.0,3.0,0.468,726,False
CC(=O)Nc1ccc(C2=NNC(=O)C[C@H]2C)cc1Cl,CHEMBL290,1.0,2.0,0.468,494,False
CC(=O)Nc1ccc(Nc2nc3ccccc3n2-c2nc(C)nc(N)n2)cc1,CHEMBL2842,2.0,2.0,0.643,4921,False
CC(=O)Nc1ccc(Nc2nc3ccccc3n2-c2nc(C)nc(N)n2)cc1,CHEMBL4005,4.0,4.0,0.643,7718,False
CC(=O)Nc1ccc(Nc2nc3ccccc3n2-c2nc(C)nc(N)n2)cc1,CHEMBL3145,3.0,3.0,0.643,2776,False
CC(=O)Nc1ccc(Nc2nc3ccccc3n2-c2nc(C)nc(N)n2)cc1,CHEMBL3130,5.0,5.0,0.643,7171,False
CC(=O)Nc1ccc(Nc2nc3ccccc3n2-c2nc(C)nc(N)n2)cc1,CHEMBL3267,1.0,1.0,0.643,3907,False
CC(=O)Nc1ccc(Oc2cccc(C(=N)N)c2)c(C(=O)Nc2ccc(-c3ccccc3S(N)(=O)=O)cc2)c1,CHEMBL244,1.0,1.0,0.638,5906,False
CC(=O)Nc1ccc2ncnc(N3CCN(C(=O)[C@H](N)Cc4ccc(Cl)cc4)CC3)c2c1,CHEMBL4282,1.0,1.0,0.723,3688,False
CC(=O)Nc1cccc(-c2nc([C@H]3CCCCN3C(=O)COc3ccccc3)no2)c1,CHEMBL3238,3.0,2.0,0.7,272,False
CC(=O)Nc1cccc(-c2nc([C@H]3CCCCN3C(=O)COc3ccccc3)no2)c1,CHEMBL1293194,1.0,1.0,0.809,485,False
CC(=O)Nc1cccc(/C=C(/C(=O)N2CC(=O)Nc3ccccc32)c2ccccc2)c1,CHEMBL1163125,1.0,1.0,0.544,9315,False
CC(=O)Nc1cccc(/C=C(/C(=O)N2CC(=O)Nc3ccccc32)c2ccccc2)c1,CHEMBL1293289,2.0,2.0,0.544,905,False
CC(=O)Nc1cccc(C2CCN(Cc3ccc(C(=O)c4nc5ccccc5n4-c4ccc(F)cc4)cn3)CC2)c1,CHEMBL344,1.0,1.0,0.813,3656,False
CC(=O)Nc1cccc(Nc2nc3ccccc3n2-c2nc(C)nc(N)n2)c1,CHEMBL2842,2.0,2.0,0.613,4921,False
CC(=O)Nc1cccc(Nc2nc3ccccc3n2-c2nc(C)nc(N)n2)c1,CHEMBL4005,5.0,5.0,0.613,7718,False
CC(=O)Nc1cccc(Nc2nc3ccccc3n2-c2nc(C)nc(N)n2)c1,CHEMBL3145,4.0,4.0,0.613,2776,False
CC(=O)Nc1cccc(Nc2nc3ccccc3n2-c2nc(C)nc(N)n2)c1,CHEMBL3130,3.0,3.0,0.613,7171,False
CC(=O)Nc1cccc(Nc2nc3ccccc3n2-c2nc(C)nc(N)n2)c1,CHEMBL3267,1.0,1.0,0.613,3907,False
CC(=O)Nc1nc(C)c(-c2cnc(Cc3cccc(C(=O)O)c3)o2)s1,CHEMBL3267,1.0,1.0,0.712,3907,False
CC(=O)Nc1ncc(CN2CCC(=Cc3ccc(-c4ccccc4)cc3)CC2)s1,CHEMBL5921,1.0,1.0,0.885,707,False
CC(=O)Nc1nnc(N2CCN(C(C)c3ccc4nccnc4c3)CC2)s1,CHEMBL5921,1.0,1.0,0.793,707,False
CC(=O)OCC1=C(C(=O)Cc2ccccc2)N2C(=O)[C@H](Cl)C2S(=O)(=O)C1,CHEMBL248,1.0,1.0,0.75,2511,False
CC(=O)OCC1=C(C(=O)O)N2C(=O)[C@@H](NC(=O)c3ccc(COc4ccc(Br)cc4Cl)o3)[C@H]2SC1,CHEMBL4523140,3.0,3.0,0.727,24,False
CC(=O)OCO/N=[N+](/[O-])N1CCC[C@@H]1C(=O)OCc1ccc(C2=C(c3ccc(S(C)(=O)=O)cc3)COC2=O)cc1,CHEMBL230,1.0,1.0,0.495,4379,False
CC(=O)OC[C@H]1O[C@@H](n2cc(CNC(=O)c3ccc(S(N)(=O)=O)cc3)nn2)[C@H](OC(C)=O)[C@@H](OC(C)=O)[C@@H]1OC(C)=O,CHEMBL261,1.0,1.0,0.896,7567,False
CC(=O)OC[C@H]1O[C@@H](n2cc(CNC(=O)c3ccc(S(N)(=O)=O)cc3)nn2)[C@H](OC(C)=O)[C@@H](OC(C)=O)[C@@H]1OC(C)=O,CHEMBL205,4.0,4.0,0.896,8715,False
CC(=O)OC[C@H]1O[C@@H](n2cc(CNC(=O)c3ccc(S(N)(=O)=O)cc3)nn2)[C@H](OC(C)=O)[C@@H](OC(C)=O)[C@@H]1OC(C)=O,CHEMBL3594,2.0,2.0,0.896,6139,False
CC(=O)OC[C@H]1O[C@@H](n2cc(CNC(=O)c3ccc(S(N)(=O)=O)cc3)nn2)[C@H](OC(C)=O)[C@@H](OC(C)=O)[C@@H]1OC(C)=O,CHEMBL3242,3.0,3.0,0.896,4916,False
CC(=O)OC[C@H]1O[C@@H](n2cc(CNC(=O)c3ccc(S(N)(=O)=O)cc3)nn2)[C@H](OC(C)=O)[C@@H](OC(C)=O)[C@@H]1OC(C)=O,CHEMBL3510,5.0,5.0,0.896,746,False
CC(=O)OC[C@H]1O[C@@H](n2cc(CNC(=O)c3ccc(S(N)(=O)=O)cc3)nn2)[C@H](OC(C)=O)[C@@H](OC(C)=O)[C@H]1OC(C)=O,CHEMBL261,1.0,1.0,0.896,7567,False
CC(=O)OC[C@H]1O[C@@H](n2cc(CNC(=O)c3ccc(S(N)(=O)=O)cc3)nn2)[C@H](OC(C)=O)[C@@H](OC(C)=O)[C@H]1OC(C)=O,CHEMBL205,4.0,4.0,0.896,8715,False
CC(=O)OC[C@H]1O[C@@H](n2cc(CNC(=O)c3ccc(S(N)(=O)=O)cc3)nn2)[C@H](OC(C)=O)[C@@H](OC(C)=O)[C@H]1OC(C)=O,CHEMBL3594,2.0,2.0,0.896,6139,False
CC(=O)OC[C@H]1O[C@@H](n2cc(CNC(=O)c3ccc(S(N)(=O)=O)cc3)nn2)[C@H](OC(C)=O)[C@@H](OC(C)=O)[C@H]1OC(C)=O,CHEMBL3242,3.0,3.0,0.896,4916,False
CC(=O)OC[C@H]1O[C@@H](n2cc(CNC(=O)c3ccc(S(N)(=O)=O)cc3)nn2)[C@H](OC(C)=O)[C@@H](OC(C)=O)[C@H]1OC(C)=O,CHEMBL3510,5.0,5.0,0.896,746,False
CC(=O)O[C@H]1C2[C@@](C)(CCC3C(O)(CCC=C(C)C)C(C)=C[C@@H](OC(C)=O)[C@@]32C)C2C=CCOC[C@]2([C@@H](C)OC(C)=O)[C@H]1OC(C)=O,CHEMBL4633,1.0,1.0,0.798,587,False
CC(=O)O[C@H]1C[C@H]([C@H](C)CC/C=C(\C)C(=O)O)[C@@]2(C)CC=C3C(=CC[C@H]4C(C)(C)[C@@H](O)CC[C@]34C)[C@]12C,CHEMBL1806,71.0,6.0,0.414,364,False
CC(=O)O[C@H]1C[C@H]([C@H](C)CC/C=C(\C)C(=O)O)[C@@]2(C)CC=C3C(=CC[C@H]4C(C)(C)[C@@H](O)CC[C@]34C)[C@]12C,CHEMBL1781,77.0,84.0,0.258,447,False
CC(=O)O[C@H]1C[C@H]([C@H](C)CC/C=C(\C)C(=O)O)[C@@]2(C)CC=C3C(=CC[C@H]4C(C)(C)[C@H](O)CC[C@]34C)[C@]12C,CHEMBL1781,77.0,84.0,0.258,447,False
CC(=O)O[C@H]1[C@H](OC(=O)c2ccccc2)[C@@]2(C)[C@@H](OC(=O)c3ccccc3)C[C@@H]3[C@@H](OC(C)=O)[C@]2(OC3(C)C)[C@](C)(O)[C@H]1OC(=O)c1cccnc1,CHEMBL4302,1.0,1.0,0.833,2509,False
CC(=O)O[C@H]1[C@H](OC(C)=O)[C@H](OC(C)=O)CO[C@H]1n1cc(CNC(=O)c2ccc(S(N)(=O)=O)cc2)nn1,CHEMBL261,5.0,5.0,0.761,7567,True
CC(=O)O[C@H]1[C@H](OC(C)=O)[C@H](OC(C)=O)CO[C@H]1n1cc(CNC(=O)c2ccc(S(N)(=O)=O)cc2)nn1,CHEMBL205,3.0,3.0,0.761,8715,True
CC(=O)O[C@H]1[C@H](OC(C)=O)[C@H](OC(C)=O)CO[C@H]1n1cc(CNC(=O)c2ccc(S(N)(=O)=O)cc2)nn1,CHEMBL3594,4.0,4.0,0.761,6139,True
CC(=O)c1c(C)[nH]c(-c2nc3ccccc3n2Cc2ccccn2)c1C,CHEMBL1163125,1.0,1.0,0.736,9315,False
CC(=O)c1ccc(-c2c3n(c4ccc(C)cc24)C[C@@](NC(=O)c2ccc(-n4cnnc4)cc2Cl)(c2ccccc2)CC3)cn1,CHEMBL2016,1.0,1.0,0.827,931,False
CC(=O)c1ccc(-c2cccc3c(=O)cc(N4CCOCC4)oc23)s1,CHEMBL3142,1.0,1.0,0.704,1390,False
CC(=O)c1ccc(-c2nc([C@H]3CCCCN3C(=O)COc3ccccc3)no2)cc1,CHEMBL3238,3.0,2.0,0.738,272,False
CC(=O)c1ccc(-c2nc([C@H]3CCCCN3C(=O)COc3ccccc3)no2)cc1,CHEMBL1293194,1.0,1.0,0.738,485,False
CC(=O)c1ccc(SCCCc2c[nH]cn2)cc1,CHEMBL264,1.0,1.0,0.85,4372,False
CC(=O)c1cccc(NC(=O)NCCCN2CC[C@H](Cc3ccccc3)C[C@@H]2Cc2ccccc2)c1,CHEMBL3473,1.0,1.0,0.871,1134,False
CC(=O)c1cn(CC(=O)N(CC(=O)NCc2cccc(Cl)c2F)C2CC2)c2ccccc12,CHEMBL2176771,1.0,1.0,0.787,1730,False
CC(=O)c1cnc2ccc(-c3cc(Cl)c(O)c(Cl)c3)nc2c1Nc1ccc(N2CCCC(N)C2)nc1,CHEMBL4578,1.0,1.0,0.851,1072,False
CC(=O)c1cnc2ccc(-c3cc(Cl)c(O)c(Cl)c3)nc2c1Nc1ccc(N2CCC[C@@H](N)C2)nc1,CHEMBL4578,1.0,1.0,0.851,1072,False
CC(=O)c1cnc2ccc(-c3cc(Cl)c(O)c(Cl)c3)nc2c1Nc1ccc(N2CCC[C@H](N)C2)nc1,CHEMBL4578,1.0,1.0,0.851,1072,False
CC(=O)c1cnc2ccc(-c3cc(F)c(O)c(Cl)c3)nc2c1Nc1ccc(N2CCCC(N)C2)nc1,CHEMBL4578,1.0,1.0,0.861,1072,False
CC(=O)c1cnc2ccc(-c3cc(F)c(O)c(Cl)c3)nc2c1Nc1ccc(N2CCC[C@@H](N)C2)nc1,CHEMBL4578,1.0,1.0,0.861,1072,False
CC(=O)c1cnc2ccc(-c3cc(F)c(O)c(Cl)c3)nc2c1Nc1ccc(N2CCC[C@H](N)C2)nc1,CHEMBL4578,1.0,1.0,0.861,1072,False
CC(=O)c1nn(CC(=O)N2[C@@H]3C[C@@H]3C[C@H]2C(=O)NC2CC(C)(C)CC(C)(C)C2)c2ncccc12,CHEMBL2176771,1.0,1.0,0.806,1730,False
CC(=O)c1nn(CC(=O)N2[C@@H]3C[C@@H]3C[C@H]2C(=O)NC2CC(C)CC(C)(C)C2)c2ncccc12,CHEMBL2176771,1.0,1.0,0.771,1730,False
CC(=O)c1nn(CC(=O)N2[C@@H]3C[C@@H]3C[C@H]2C(=O)N[C@@]2(C)C[C@@H]2c2ccccc2)c2cnccc12,CHEMBL2176771,1.0,1.0,1.0,1730,True
CC(=O)n1cc(CCCCN2CCN(c3cccc4sccc34)CC2)c2cc(C#N)ccc21,CHEMBL214,1.0,1.0,0.608,5809,False
CC(=O)n1cc(CCCCN2CCN(c3cccc4sccc34)CC2)c2cc(C#N)ccc21,CHEMBL217,2.0,2.0,0.608,9217,False
CC(=O)n1cc(CCCCN2CCN(c3cccc4sccc34)CC2)c2cc(C#N)ccc21,CHEMBL224,3.0,3.0,0.608,6081,False
CC(=O)n1nc(-c2ccc(C)cc2)nc1NCc1ccco1,CHEMBL204,1.0,1.0,0.66,5517,False
CC(=O)n1nc(-c2ccc(Cl)cc2)nc1NCc1ccco1,CHEMBL204,1.0,1.0,0.648,5517,False
CC(C(=O)Nc1nnc(CCCCc2nnc(N)s2)s1)c1ccccc1,CHEMBL2146302,1.0,1.0,0.82,1424,False
CC(C(=O)O)c1ccc2c(c1)Cc1cccnc1O2,CHEMBL1743128,1495.0,38.0,0.305,129,False
CC(C)(/C=C(\C#N)C(=O)N1CCC[C@@H](n2nc(-c3ccc(Oc4ccccc4)cc3F)c3c(N)ncnc32)C1)CO,CHEMBL5251,1.0,1.0,0.872,9782,False
CC(C)(C#N)c1cc(/C=C/c2ccc(OS(N)(=O)=O)cc2)cc(Cn2cncn2)c1,CHEMBL1978,1.0,1.0,0.77,2984,False
CC(C)(C(=O)Nc1nncs1)C(c1ccccc1)c1ccc2c(cnn2CCO)c1,CHEMBL2034,1.0,1.0,0.846,3039,False
CC(C)(C(=O)O)C1C[C@@H]1[C@](C)(O)c1ncc(-c2cccc(Nc3nccc(C(F)(F)F)n3)c2)s1,CHEMBL2599,1.0,1.0,0.757,5285,False
CC(C)(C)/C=C(/C#N)C(=O)N1CCC[C@@H](n2nc(-c3ccc(Oc4ccccc4)cc3)c3c(N)ncnc32)C1,CHEMBL5251,1.0,1.0,1.0,9782,True
CC(C)(C)/C=C(\C#N)C(=O)N1CCC[C@@H](n2nc(-c3ccc(Oc4ccccc4)cc3F)c3c(N)ncnc32)C1,CHEMBL5251,1.0,1.0,0.915,9782,False
CC(C)(C)/C=C(\C#N)C(=O)N1CCC[C@@H](n2nc(-c3ccc(Oc4ccccc4)cc3F)c3c(N)ncnc32)C1,CHEMBL2250,7.0,7.0,0.862,472,False
CC(C)(C)/C=C(\C#N)C(=O)N1CCC[C@@H](n2nc(-c3ccc(Oc4ccccc4)cc3F)c3c(N)ncnc32)C1,CHEMBL3834,8.0,8.0,0.862,318,False
CC(C)(C)/C=C(\C#N)C(=O)N1CCC[C@@H](n2nc(-c3ccc(Oc4ccccc4)cc3F)c3c(N)ncnc32)C1,CHEMBL203,3.0,3.0,0.862,11022,False
CC(C)(C)/C=C(\C#N)C(=O)N1CCC[C@@H](n2nc(-c3ccc(Oc4ccccc4)cc3F)c3c(N)ncnc32)C1,CHEMBL1824,2.0,2.0,0.862,2604,False
CC(C)(C)/C=C(\C#N)C(=O)N1CCC[C@@H](n2nc(-c3ccc(Oc4ccccc4)cc3F)c3c(N)ncnc32)C1,CHEMBL3009,9.0,9.0,0.862,326,False
CC(C)(C)/C=C(\C#N)C(=O)N1CCC[C@@H](n2nc(-c3ccc(Oc4ccccc4)cc3F)c3c(N)ncnc32)C1,CHEMBL2959,5.0,5.0,0.862,1430,False
CC(C)(C)/C=C(\C#N)C(=O)N1CCC[C@@H](n2nc(-c3ccc(Oc4ccccc4)cc3F)c3c(N)ncnc32)C1,CHEMBL4246,4.0,4.0,0.862,327,False
CC(C)(C)/C=C(\C#N)C(=O)N1CCC[C@@H](n2nc(-c3ccc(Oc4ccccc4)cc3F)c3c(N)ncnc32)C1,CHEMBL4367,6.0,6.0,0.862,455,False
CC(C)(C)C(=O)/C(=C/c1cccc([N+](=O)[O-])c1)n1cncn1,CHEMBL1741176,65.0,6.0,0.385,584,False
CC(C)(C)C(=O)/C(=C/c1cccc([N+](=O)[O-])c1)n1cncn1,CHEMBL4105702,3280.0,814.0,0.206,3,False
CC(C)(C)C(=O)/C(=C\c1cccc([N+](=O)[O-])c1)n1cncn1,CHEMBL2955,142.0,74.0,0.311,466,False
CC(C)(C)C(=O)/C(=C\c1cccc([N+](=O)[O-])c1)n1cncn1,CHEMBL3230,372.0,386.0,0.25,578,False
CC(C)(C)C(=O)/C(=C\c1cccc([N+](=O)[O-])c1)n1cncn1,CHEMBL227,39.0,68.0,0.312,1165,False
CC(C)(C)C(=O)/C(=C\c1cccc([N+](=O)[O-])c1)n1cncn1,CHEMBL4333,331.0,570.0,0.227,3408,False
CC(C)(C)C(=O)/C(=C\c1cccc([N+](=O)[O-])c1)n1cncn1,CHEMBL1741176,65.0,6.0,0.385,584,False
CC(C)(C)C(=O)C(=O)N1CCCC1C(=O)OCCCc1ccccc1,CHEMBL1902,1.0,1.0,0.938,724,False
CC(C)(C)C(=O)CN1CCC(CNC(=O)c2cc(Cl)cc(Cl)c2)CC1,CHEMBL5558,2.0,1.0,0.688,251,False
CC(C)(C)C(=O)CN1CCC(CNC(=O)c2cc(Cl)cc(Cl)c2)CC1,CHEMBL240,1.0,2.0,0.635,10985,False
CC(C)(C)C(F)CN1CCC(CNC(=O)c2cc(Cl)cc(Cl)c2)CC1,CHEMBL5558,2.0,1.0,0.647,251,False
CC(C)(C)C(F)CN1CCC(CNC(=O)c2cc(Cl)cc(Cl)c2)CC1,CHEMBL240,1.0,2.0,0.6,10985,False
CC(C)(C)C(O)CN1CCC(CNC(=O)c2cc(Cl)cc(Cl)c2)CC1,CHEMBL5558,3.0,1.0,0.66,251,False
CC(C)(C)C(O)CN1CCC(CNC(=O)c2cc(Cl)cc(Cl)c2)CC1,CHEMBL240,1.0,2.0,0.611,10985,False
CC(C)(C)C1CCc2c(sc3c2c(-c2ccccc2)nc(=O)n3Cc2cnc(Cl)s2)C1,CHEMBL1163125,1.0,1.0,0.694,9315,False
CC(C)(C)C=C(C#N)C(=O)N1CCC[C@@H](n2nc(-c3ccc(Oc4ccccc4)cc3)c3c(N)ncnc32)C1,CHEMBL5251,1.0,1.0,1.0,9782,True
CC(C)(C)C=C(C#N)C(=O)N1CCC[C@@H](n2nc(-c3ccc(Oc4ccccc4)cc3F)c3c(N)ncnc32)C1,CHEMBL5251,1.0,1.0,0.915,9782,False
CC(C)(C)CC(=O)N1C[C@H](O)C[C@H]1C(=O)NCc1ccc(-c2cncs2)cc1,CHEMBL3108660,1.0,1.0,0.698,388,False
CC(C)(C)CC(=O)NCCc1nc2cc(S(=O)(=O)NCc3ccc(F)cc3)ccc2n1Cc1ccccc1,CHEMBL1855,1.0,1.0,0.72,1565,False
CC(C)(C)CCN1C(=O)C(CC(=O)N2CCC(N3Cc4ccccc4NC3=O)CC2)SC1c1ccccc1-n1ccnc1,CHEMBL3798,1.0,1.0,0.798,871,False
CC(C)(C)CCN1CCC(CNC(=O)c2cc(C(F)(F)F)cc(C(F)(F)F)c2)CC1,CHEMBL5558,1.0,1.0,0.661,251,False
CC(C)(C)CCN1CCC(CNC(=O)c2cc(C(F)(F)F)cc(C(F)(F)F)c2)CC1,CHEMBL240,2.0,2.0,0.554,10985,False
CC(C)(C)CCN1CCC(CNC(=O)c2cc(Cl)cc(Cl)c2)CC1,CHEMBL5558,1.0,1.0,0.761,251,False
CC(C)(C)CCN1CCC(CNC(=O)c2cc(Cl)cc(Cl)c2)CC1,CHEMBL240,2.0,3.0,0.635,10985,False
CC(C)(C)CCN1CCC(CNC(=O)c2ccc(Cl)c(Cl)c2)CC1,CHEMBL5558,1.0,1.0,0.614,251,False
CC(C)(C)CCN1CCC(CNC(=O)c2ccc(Cl)c(Cl)c2)CC1,CHEMBL240,2.0,2.0,0.544,10985,False
CC(C)(C)CCN1CCC(CNC(=O)c2cccc(Cl)c2)CC1,CHEMBL5558,2.0,1.0,0.604,251,False
CC(C)(C)CCN1CCC(CNC(=O)c2cccc(Cl)c2)CC1,CHEMBL240,4.0,5.0,0.534,10985,False
CC(C)(C)CCN1CCC(F)(CNC(=O)c2cc(Cl)cc(Cl)c2)CC1,CHEMBL240,1.0,1.0,0.565,10985,False
CC(C)(C)CCN1CC[C@@H](CNC(=O)c2cc(Cl)cc(Cl)c2)[C@H](F)C1,CHEMBL5558,4.0,4.0,0.526,251,False
CC(C)(C)CCN1CC[C@@H](CNC(=O)c2cc(Cl)cc(Cl)c2)[C@H](F)C1,CHEMBL240,2.0,3.0,0.54,10985,False
CC(C)(C)CCN1CC[C@H](CNC(=O)c2cc(Cl)cc(Cl)c2)[C@H](F)C1,CHEMBL5558,4.0,4.0,0.526,251,False
CC(C)(C)CCN1CC[C@H](CNC(=O)c2cc(Cl)cc(Cl)c2)[C@H](F)C1,CHEMBL240,2.0,3.0,0.54,10985,False
CC(C)(C)CCN1CC[C@H](CNC(=O)c2cc(Cl)cc(Cl)c2)[C@H](F)C1,CHEMBL1875,31.0,42.0,0.311,741,False
CC(C)(C)CCN1CC[C@H](CNC(=O)c2cc(Cl)cc(Cl)c2)[C@H](F)C1,CHEMBL211,55.0,64.0,0.295,2278,False
CC(C)(C)CCN1CC[C@H](CNC(=O)c2cc(Cl)cc(Cl)c2)[C@H](F)C1,CHEMBL231,98.0,130.0,0.275,1704,False
CC(C)(C)CCN1CC[C@H](CNC(=O)c2cc(Cl)cc(Cl)c2)[C@H](F)C1,CHEMBL4641,141.0,25.0,0.329,568,False
CC(C)(C)CCN1CC[C@H](CNC(=O)c2cc(Cl)cc(Cl)c2)[C@H](F)C1,CHEMBL1940,573.0,722.0,0.221,238,False
CC(C)(C)CN1Cc2c(cc(Cl)c3[nH]ncc23)C[C@@H](CC(=O)N2CCC(N3Cc4cccc(F)c4NC3=O)CC2)C1=O,CHEMBL3798,1.0,1.0,0.807,871,False
CC(C)(C)CN1Cc2c(cc(Cl)c3[nH]ncc23)C[C@@H](CC(=O)N2CCC(N3Cc4ccccc4NC3=O)CC2)C1=O,CHEMBL3798,1.0,1.0,0.798,871,False
CC(C)(C)CNC(=O)NCCc1nc2cc(S(=O)(=O)NCc3ccc(F)cc3)ccc2n1Cc1ccccc1,CHEMBL1855,1.0,1.0,0.757,1565,False
CC(C)(C)CNc1c(C#N)cnc2c(Cl)cc(N[C@@H](C3=CN(CC(=O)O)NN3)c3ccc(F)nc3)cc12,CHEMBL203,1.0,1.0,0.736,11022,False
CC(C)(C)NC(=O)CCCc1nc2cc(S(=O)(=O)NCc3ccc(F)cc3)ccc2n1Cc1ccccc1,CHEMBL1855,1.0,1.0,0.633,1565,False
CC(C)(C)NC(=O)CN1CCC(CNC(=O)c2cc(Cl)cc(Cl)c2)CC1,CHEMBL5558,3.0,4.0,0.66,251,False
CC(C)(C)NC(=O)CN1CCC(CNC(=O)c2cc(F)cc(Cl)c2)CC1,CHEMBL5558,4.0,4.0,0.571,251,False
CC(C)(C)NC(=O)CN1CCC(CNC(=O)c2cc(F)cc(Cl)c2)CC1,CHEMBL1859,1.0,1.0,0.724,764,False
CC(C)(C)NC(=O)CN1CCC(CNC(=O)c2cc(F)cc(Cl)c2)CC1,CHEMBL4641,241.0,55.0,0.329,568,False
CC(C)(C)NC(=O)NCCCc1nc2cc(S(=O)(=O)NCc3ccc(F)cc3)ccc2n1Cc1ccccc1,CHEMBL1855,1.0,1.0,0.701,1565,False
CC(C)(C)NC(=O)NCCN1CCC(CNC(=O)c2cc(Cl)cc(Cl)c2)CC1,CHEMBL289,2.0,2.0,0.882,3036,False
CC(C)(C)NC(=O)NCCN1CCC(CNC(=O)c2cc(Cl)cc(Cl)c2)CC1,CHEMBL240,1.0,1.0,0.882,10985,False
CC(C)(C)NC(=O)NCCN1CCC(CNC(=O)c2cc(Cl)cc(Cl)c2)CC1,CHEMBL1859,3.0,3.0,0.882,764,False
CC(C)(C)NC(=O)NCCN1CCC(CO)(CNC(=O)c2cc(Cl)cc(Cl)c2)CC1,CHEMBL1859,3.0,3.0,0.603,764,False
CC(C)(C)NC(=O)NCCN1CCC(CO)(CNC(=O)c2cc(Cl)cc(Cl)c2)CC1,CHEMBL289,2.0,2.0,0.603,3036,False
CC(C)(C)NC(=O)NCCN1CCC(O)(CNC(=O)c2cc(Cl)cc(Cl)c2)CC1,CHEMBL289,2.0,2.0,0.625,3036,False
CC(C)(C)NC(=O)NCCN1CCC(O)(CNC(=O)c2cc(Cl)cc(Cl)c2)CC1,CHEMBL1859,3.0,3.0,0.625,764,False
CC(C)(C)NC(=O)NCCc1nc2cc(S(=O)(=O)NCc3ccc(C(F)(F)F)c(F)c3)ccc2n1Cc1ccccc1,CHEMBL1855,1.0,1.0,0.646,1565,False
CC(C)(C)NC(=O)NCCc1nc2cc(S(=O)(=O)NCc3ccc(Cl)cc3)ccc2n1Cc1ccccc1,CHEMBL1855,1.0,1.0,0.675,1565,False
CC(C)(C)NC(=O)NCCc1nc2cc(S(=O)(=O)NCc3ccc(Cl)cc3Cl)ccc2n1Cc1ccccc1,CHEMBL1855,1.0,1.0,0.602,1565,False
CC(C)(C)NC(=O)NCCc1nc2cc(S(=O)(=O)NCc3ccc(F)c(F)c3)ccc2n1Cc1ccccc1,CHEMBL1855,1.0,1.0,0.679,1565,False
CC(C)(C)NC(=O)NCCc1nc2cc(S(=O)(=O)NCc3ccc(F)cc3)ccc2n1Cc1ccccc1,CHEMBL1855,1.0,1.0,0.767,1565,False
CC(C)(C)NC(=O)NCCc1nc2cc(S(=O)(=O)NCc3ccccc3)ccc2n1Cc1ccccc1,CHEMBL1855,1.0,1.0,0.685,1565,False
CC(C)(C)NC(=O)NCCc1nc2cc(S(=O)(=O)NCc3ccccc3F)ccc2n1Cc1ccccc1,CHEMBL1855,1.0,1.0,0.667,1565,False
CC(C)(C)NC(=O)c1n[nH]c2ccc(-c3cncc(CN4CCCC4)c3)cc12,CHEMBL2292,1.0,1.0,0.982,3800,False
CC(C)(C)Nc1nc(N2CCC(F)(F)C2)c2nnn(Cc3ncccc3Cl)c2n1,CHEMBL253,1.0,1.0,0.781,7881,False
CC(C)(C)OC(=O)/C=C/C(=O)N1CCC[C@@H](n2nc(-c3ccc(Oc4ccccc4)cc3)c3c(N)ncnc32)C1,CHEMBL5251,1.0,1.0,0.808,9782,False
CC(C)(C)OC(=O)N1C2CCCC1CC(c1ccnc(-c3cnc4ccc(C(F)(F)F)cn34)n1)C2,CHEMBL5358,1.0,1.0,0.549,474,False
CC(C)(C)OC(=O)N1CC(NC(=O)c2ccc(OCc3conc3-c3ccc(Cl)cc3)nc2)C1,CHEMBL5112,1.0,1.0,0.731,507,False
CC(C)(C)OC(=O)N1CC(n2cc(-c3cc(-c4ccc(N5CCN(Cc6ccccc6)CC5)nc4)c4c(C#N)cnn4c3)cn2)C1,CHEMBL2041,1.0,1.0,0.742,4396,False
CC(C)(C)OC(=O)N1CC=C(c2cc(C(F)(F)F)ccc2-c2cccc3c2CCN(S(=O)(=O)Nc2ncns2)C3)CC1,CHEMBL4296,1.0,1.0,0.831,7797,False
CC(C)(C)OC(=O)N1CC=C(c2cc(C(F)(F)F)ccc2-c2cccc3c2CCN(S(=O)(=O)Nc2ncns2)C3)CC1,CHEMBL1980,2.0,2.0,0.64,1446,False
CC(C)(C)OC(=O)N1CCN(C(=O)CN2CN(c3ccccc3)C3(CCN(C(=O)c4ccc(C5CCCCC5)cc4)CC3)C2=O)CC1,CHEMBL2027,1.0,1.0,0.821,129,False
CC(C)(C)OC(=O)N1CC[C@@H]2[C@H](c3ccsc3)Nc3c(ccc4c3CCCC4)[C@@H]21,CHEMBL3401,1.0,1.0,1.0,759,True
CC(C)(C)OC(=O)N1CCc2c(sc3nc(-c4ccncc4)nc(NCCN)c23)C1,CHEMBL2598,1.0,1.0,0.729,621,False
CC(C)(C)OC(=O)NCCc1nc2cc(S(=O)(=O)NCc3ccc(F)cc3)ccc2n1Cc1ccccc1,CHEMBL1855,1.0,1.0,0.711,1565,False
CC(C)(C)OC(=O)Nc1ccc2c(c1)N(S(=O)(=O)c1cccc(C(F)(F)F)c1)C[C@H](CC(=O)NCC1CC1)O2,CHEMBL1741186,1.0,1.0,0.945,10748,False
CC(C)(C)OC(=O)c1cn(C[C@H]2CN(c3ccc(C4=CCS(=O)(=O)CC4)c(F)c3)C(=O)O2)nn1,CHEMBL1951,1.0,1.0,0.6,3112,False
CC(C)(C)OCCN1CCC(CNC(=O)c2cc(Cl)cc(Cl)c2)CC1,CHEMBL5558,1.0,1.0,0.714,251,False
CC(C)(C)OCCN1CCC(CNC(=O)c2cc(Cl)cc(Cl)c2)CC1,CHEMBL240,2.0,2.0,0.6,10985,False
CC(C)(C)Oc1ccc(Oc2cc(Nc3ccccc3C(N)=O)c(C(F)(F)F)cn2)cc1,CHEMBL2637,1.0,1.0,0.754,1597,False
CC(C)(C)Oc1ccc(Oc2cc(Nc3ccccc3C(N)=O)c(C(F)(F)F)cn2)cc1,CHEMBL2276,2.0,2.0,0.71,1907,False
CC(C)(C)c1cc(C(=O)Nc2ccc(F)c(Cl)c2)no1,CHEMBL1293232,4.0,2.0,0.588,38,False
CC(C)(C)c1cc(NC(=O)Nc2cccc3ccccc23)n(-c2ccc(CCC(=O)O)cc2)n1,CHEMBL260,1.0,1.0,0.681,5079,False
CC(C)(C)c1cc(NC(=O)Nc2cccc3ccccc23)n(-c2ccc(CO)cc2)n1,CHEMBL260,1.0,1.0,0.723,5079,False
CC(C)(C)c1cc(NC(=O)Nc2cccc3ccccc23)n(-c2cccc(C(=O)N(CCN)CCO)c2)n1,CHEMBL2041,39.0,46.0,0.402,4396,False
CC(C)(C)c1cc(NC(=O)Nc2cccc3ccccc23)n(-c2cccc(C(=O)N(CCN)CCO)c2)n1,CHEMBL260,1.0,1.0,0.575,5079,False
CC(C)(C)c1cc(NC(=O)Nc2cccc3ccccc23)n(-c2cccc(C(=O)N(CCN)CCO)c2)n1,CHEMBL5261,370.0,227.0,0.289,480,False
CC(C)(C)c1cc(NC(=O)Nc2cccc3ccccc23)n(-c2cccc(C(=O)N(CCN)CCO)c2)n1,CHEMBL2007,32.0,39.0,0.402,933,False
CC(C)(C)c1cc(NC(=O)Nc2cccc3ccccc23)n(-c2cccc(C(=O)N(CCN)CCO)c2)n1,CHEMBL5719,14.0,11.0,0.443,677,False
CC(C)(C)c1cc(NC(=O)Nc2cccc3ccccc23)n(-c2cccc(C(=O)NCC#N)c2)n1,CHEMBL4223,117.0,84.0,0.425,301,False
CC(C)(C)c1cc(NC(=O)Nc2cccc3ccccc23)n(-c2cccc(C(=O)NCC#N)c2)n1,CHEMBL4501,406.0,641.0,0.25,1918,False
CC(C)(C)c1cc(NC(=O)Nc2cccc3ccccc23)n(-c2cccc(C(=O)NCC#N)c2)n1,CHEMBL4708,131.0,131.0,0.387,524,False
CC(C)(C)c1cc(NC(=O)Nc2cccc3ccccc23)n(-c2cccc(C(=O)NCC#N)c2)n1,CHEMBL5600,524.0,446.0,0.267,442,False
CC(C)(C)c1cc(NC(=O)Nc2cccc3ccccc23)n(-c2cccc(C(=O)NCC#N)c2)n1,CHEMBL5330,172.0,139.0,0.387,608,False
CC(C)(C)c1cc(NC(=O)Nc2cccc3ccccc23)n(-c2cccc(C(=O)NCC#N)c2)n1,CHEMBL4575,91.0,121.0,0.387,362,False
CC(C)(C)c1cc(NC(=O)Nc2cccc3ccccc23)n(-c2cccc(C(=O)NCC#N)c2)n1,CHEMBL262,45.0,51.0,0.425,5430,False
CC(C)(C)c1cc(NC(=O)Nc2cccc3ccccc23)n(-c2cccc(C(=O)NCCCCC(=O)O)c2)n1,CHEMBL260,1.0,1.0,0.62,5079,False
CC(C)(C)c1cc(NC(=O)Nc2cccc3ccccc23)n(-c2cccc(C(=O)NCCCCC(=O)O)c2)n1,CHEMBL5719,10.0,6.0,0.481,677,False
CC(C)(C)c1cc(NC(=O)Nc2cccc3ccccc23)n(-c2cccc(C(=O)NCCCCO)c2)n1,CHEMBL260,1.0,1.0,0.625,5079,False
CC(C)(C)c1cc(NC(=O)Nc2cccc3ccccc23)n(-c2cccc(C(=O)NCCCCO)c2)n1,CHEMBL3032,787.0,728.0,0.25,374,False
CC(C)(C)c1cc(NC(=O)Nc2cccc3ccccc23)n(-c2cccc(C(=O)NCCCCO)c2)n1,CHEMBL5719,11.0,6.0,0.494,677,False
CC(C)(C)c1cc(NC(=O)Nc2cccc3ccccc23)n(-c2cccc(C(=O)NCCCO)c2)n1,CHEMBL260,1.0,1.0,0.633,5079,False
CC(C)(C)c1cc(NC(=O)Nc2cccc3ccccc23)n(-c2cccc(C(=O)NCCCO)c2)n1,CHEMBL4179,3.0,3.0,0.507,1152,False
CC(C)(C)c1cc(NC(=O)Nc2cccc3ccccc23)n(-c2cccc(C(=O)NCCCO)c2)n1,CHEMBL3032,771.0,689.0,0.253,374,False
CC(C)(C)c1cc(NC(=O)Nc2cccc3ccccc23)n(-c2cccc(C(=O)NCCCO)c2)n1,CHEMBL5719,9.0,6.0,0.5,677,False
CC(C)(C)c1cc(NC(=O)Nc2cccc3ccccc23)n(-c2cccc(C(=O)NCCOCCO)c2)n1,CHEMBL2041,28.0,33.0,0.433,4396,False
CC(C)(C)c1cc(NC(=O)Nc2cccc3ccccc23)n(-c2cccc(C(=O)NCCOCCO)c2)n1,CHEMBL260,1.0,1.0,0.593,5079,False
CC(C)(C)c1cc(NC(=O)Nc2cccc3ccccc23)n(-c2cccc(C(=O)NCCOCCO)c2)n1,CHEMBL4179,2.0,3.0,0.494,1152,False
CC(C)(C)c1cc(NC(=O)Nc2cccc3ccccc23)n(-c2cccc(C(=O)NCCOCCO)c2)n1,CHEMBL3032,588.0,344.0,0.275,374,False
CC(C)(C)c1cc(NC(=O)Nc2cccc3ccccc23)n(-c2cccc(C(=O)NCCOCCO)c2)n1,CHEMBL2007,41.0,46.0,0.433,933,False
CC(C)(C)c1cc(NC(=O)Nc2cccc3ccccc23)n(-c2cccc(C(=O)NCCOCCO)c2)n1,CHEMBL5719,6.0,4.0,0.494,677,False
CC(C)(C)c1cc(NC(=O)Nc2cccc3ccccc23)n(-c2cccc(CC(N)=O)c2)n1,CHEMBL260,1.0,1.0,0.746,5079,False
CC(C)(C)c1cc(NC(=O)Nc2cccc3ccccc23)n(-c2cccc(CNC(=O)CCC(=O)O)c2)n1,CHEMBL260,1.0,1.0,0.797,5079,False
CC(C)(C)c1cc(NC(=O)Nc2cccc3ccccc23)n(-c2cccc(N)c2)n1,CHEMBL260,1.0,1.0,0.727,5079,False
CC(C)(C)c1cc(NC(=O)Nc2cccc3ccccc23)n(-c2cccc(N)c2)n1,CHEMBL4179,13.0,14.0,0.542,1152,False
CC(C)(C)c1cc(NC(=O)Nc2cccc3ccccc23)n(-c2cccc(N)c2)n1,CHEMBL267,5.0,5.0,0.661,3981,False
CC(C)(C)c1cc(NC(=O)Nc2cccc3ccccc23)n(-c2cccc(N)c2)n1,CHEMBL5122,2.0,2.0,0.727,348,False
CC(C)(C)c1cc(NC(=O)Nc2cccc3ccccc23)n(-c2cccc([N+](=O)[O-])c2)n1,CHEMBL260,1.0,1.0,0.746,5079,False
CC(C)(C)c1cc(NC(=O)Nc2cccc3ccccc23)n(-c2cccc([N+](=O)[O-])c2)n1,CHEMBL5122,2.0,2.0,0.683,348,False
CC(C)(C)c1cc(NC(=O)[C@@H]2CCCN2C2CCOCC2)no1,CHEMBL253,1.0,1.0,0.938,7881,False
CC(C)(C)c1cc(NC(=O)[C@@H]2CCCN2C2CCOCC2)no1,CHEMBL218,2.0,2.0,0.854,5877,False
CC(C)(C)c1ccc(CCN2CCc3cc(S(=O)(=O)Nc4ccc(OCCCS(=O)(=O)c5ccccc5)cc4F)ccc3C2)cc1,CHEMBL2439944,1.0,1.0,0.892,261,False
CC(C)(C)c1ccc(CNC2CC2c2ccc(C(=O)NCc3ccccc3)cc2)cc1,CHEMBL1951,2.0,2.0,0.661,3112,False
CC(C)(C)c1ccc(N2C(=O)C(C)(C)N(Cc3ccc(S(N)(=O)=O)c(F)c3)C2=S)cc1,CHEMBL1741208,1.0,1.0,0.738,657,False
CC(C)(C)c1ccc(Nc2nccc(-c3cnn4ncccc34)n2)cc1,CHEMBL262,3.0,3.0,0.667,5430,False
CC(C)(C)c1ccc(Nc2nccc(-c3cnn4ncccc34)n2)cc1,CHEMBL301,4.0,4.0,0.667,2596,False
CC(C)(C)c1ccc(Nc2nccc(-c3cnn4ncccc34)n2)cc1,CHEMBL331,1.0,1.0,0.667,1424,False
CC(C)(C)c1ccc([C@@H](CO)NC(=O)c2ccc(NC(=O)N3Cc4ccccc4C3)cc2)cc1,CHEMBL1744525,1.0,1.0,0.672,4583,False
CC(C)(C)c1ccc2ncnc(N3CCN(C(=O)[C@H](N)Cc4ccc(Cl)cc4)CC3)c2c1,CHEMBL4282,1.0,1.0,0.734,3688,False
CC(C)(C)c1nc(N2CCC3(COC3)C2)c2ncn(Cc3cccnc3Cl)c2n1,CHEMBL253,1.0,1.0,0.812,7881,False
CC(C)(C)c1nc(N2CCN(CCCCN3C(=O)CCSc4ccccc43)CC2)cc(C(F)(F)F)n1,CHEMBL234,1.0,1.0,0.758,6166,False
CC(C)(C)c1nc(N2CCN(CCCCN3C(=O)CCSc4ccccc43)CC2)cc(C(F)(F)F)n1,CHEMBL217,2.0,2.0,0.758,9217,False
CC(C)(C)n1cc(C(=O)c2cncc(NC(=O)Cc3ccc(Br)cn3)c2)c2cnc(N)nc21,CHEMBL2815,1.0,1.0,0.693,4872,False
CC(C)(C)n1cc(C(=O)c2cncc(NC(=O)Cc3ccc(C#N)cn3)c2)c2cnc(N)nc21,CHEMBL2815,1.0,1.0,0.831,4872,False
CC(C)(C=C(C#N)C(=O)N1CCC[C@@H](n2nc(-c3ccc(Oc4ccccc4)cc3F)c3c(N)ncnc32)C1)CO,CHEMBL5251,1.0,1.0,0.872,9782,False
CC(C)(CO)n1cc(C(=O)c2cncc(NC(=O)Cc3ccc(C#N)cn3)c2)c2cnc(N)nc21,CHEMBL2815,1.0,1.0,0.838,4872,False
CC(C)(CO)n1cc(C(=O)c2cncc(NC(=O)Cc3ccc(C(F)(F)F)cn3)c2)c2cnc(N)nc21,CHEMBL2815,1.0,1.0,0.779,4872,False
CC(C)(CO)n1cc(C(=O)c2cncc(NC(=O)Cc3ccc(Cl)cn3)c2)c2cnc(N)nc21,CHEMBL2815,1.0,1.0,0.831,4872,False
CC(C)(CO)n1cc(C(=O)c2cncc(NC(=O)Cc3ccc(Cl)cn3)c2)c2cnc(N)nc21,CHEMBL4898,2.0,2.0,0.831,807,False
CC(C)(CO)n1cc(C(=O)c2cncc(NC(=O)Cc3ccc(Cl)cn3)c2)c2cnc(N)nc21,CHEMBL5608,3.0,3.0,0.831,635,False
CC(C)(CO)n1cc(C(=O)c2cncc(NC(=O)Cc3ccc(Cl)cn3)c2)c2cnc(N)nc21,CHEMBL221,737.0,406.0,0.225,1653,False
CC(C)(CO)n1cc(C(=O)c2cncc(NC(=O)Cc3ccc(Cl)cn3)c2)c2cnc(N)nc21,CHEMBL238,262.0,439.0,0.223,3420,False
CC(C)(CO)n1cc(C(=O)c2cncc(NC(=O)Cc3ccc(Cl)cn3)c2)c2cnc(N)nc21,CHEMBL5684,1288.0,2999.0,0.182,32,False
CC(C)(CO)n1cc(C(=O)c2cncc(NC(=O)Cc3ccc(Cl)cn3)c2)c2cnc(N)nc21,CHEMBL1974,8.0,8.0,0.289,4344,False
CC(C)(CO)n1cc(C(=O)c2cncc(NC(=O)Cc3ccc(Cl)cn3)c2)c2cnc(N)nc21,CHEMBL3357,779.0,282.0,0.235,681,False
CC(C)(CO)n1cc(C(=O)c2cncc(NC(=O)Cc3ncc(Cl)cc3F)c2)c2cnc(N)nc21,CHEMBL2815,1.0,1.0,0.795,4872,False
CC(C)(CO)n1cc(C(=O)c2cncc(NC(=O)Cc3ncc(F)cc3F)c2)c2cnc(N)nc21,CHEMBL2815,1.0,1.0,0.76,4872,False
CC(C)(F)C[C@H](N[C@@H](c1ccc(-c2ccc(C3(C(N)=O)CC3)cc2)cc1)C(F)(F)F)C(=O)N[C@H](C#N)Cc1ccccc1,CHEMBL4072,2.0,2.0,0.76,1368,False
CC(C)(F)C[C@H](N[C@@H](c1ccc(-c2ccc(C3(C(N)=O)CC3)cc2)cc1)C(F)(F)F)C(=O)N[C@H](C#N)Cc1ccccc1,CHEMBL2517,3.0,3.0,0.76,35,False
CC(C)(F)C[C@H](N[C@@H](c1ccc(-c2ccc(C3(C(N)=O)CC3)cc2)cc1)C(F)(F)F)C(=O)N[C@H](C#N)Cc1ccccc1,CHEMBL3837,1.0,1.0,0.76,2086,False
CC(C)(N)/C=C(\C#N)C(=O)N1CCC[C@@H](n2nc(-c3ccc(Oc4ccccc4)cc3F)c3c(N)ncnc32)C1,CHEMBL5251,1.0,1.0,1.0,9782,True
CC(C)(N)C#Cc1cnc2c(c1)ncn2Cc1cc(F)c2c(c1)OCC(c1ccc(C(F)(F)F)cc1)O2,CHEMBL1844,1.0,1.0,0.782,2620,False
CC(C)(N)C#Cc1cnc2c(c1)ncn2Cc1ccc2c(c1)OCC(c1ccc(Cl)cc1Cl)O2,CHEMBL1844,1.0,1.0,0.714,2620,False
CC(C)(N)C=C(C#N)C(=O)N1CCC[C@@H](n2nc(-c3ccc(Oc4ccccc4)cc3F)c3c(N)ncnc32)C1,CHEMBL5251,1.0,1.0,1.0,9782,True
CC(C)(O)C#Cc1ccc2c(c1)-c1nc(C(N)=O)c(COc3ccccc3Cl)n1CCO2,CHEMBL5888,1.0,1.0,0.81,1345,False
CC(C)(O)C#Cc1ccc2c(c1)-c1nc(C(N)=O)c(COc3ccccc3F)n1CCO2,CHEMBL5888,1.0,1.0,0.773,1345,False
CC(C)(O)C(=O)N1CCN(Cc2c(-c3ccc(Cl)cc3Cl)nc3ccc(NS(C)(=O)=O)cn23)CC1,CHEMBL5873,1.0,1.0,0.743,112,False
CC(C)(O)C1CCN(C(=O)Cc2nc3cnc4[nH]ccc4c3n2[C@H]2CC[C@H](CC#N)CC2)CC1,CHEMBL2835,4.0,4.0,0.809,10399,False
CC(C)(O)C1CCN(C(=O)Cc2nc3cnc4[nH]ccc4c3n2[C@H]2CC[C@H](CC#N)CC2)CC1,CHEMBL2971,1.0,1.0,0.809,12637,False
CC(C)(O)C1CCN(C(=O)Cc2nc3cnc4[nH]ccc4c3n2[C@H]2CC[C@H](CC#N)CC2)CC1,CHEMBL2148,2.0,2.0,0.809,7416,False
CC(C)(O)C1CCN(C(=O)Cc2nc3cnc4[nH]ccc4c3n2[C@H]2CC[C@H](CC#N)CC2)CC1,CHEMBL3553,3.0,3.0,0.809,6084,False
CC(C)(O)CCN1CCC(CNC(=O)c2cc(Cl)cc(Cl)c2)CC1,CHEMBL5558,1.0,1.0,0.745,251,False
CC(C)(O)Cn1cc(-c2nc(C3(c4ccc(-c5ccc(N)nc5)nc4)CCC3)no2)cn1,CHEMBL4550,1.0,1.0,0.848,2239,False
CC(C)(O)Cn1cc(-c2nc(C3(c4ccc(-c5cnc(N)c(C#N)c5)nc4)CCC3)no2)cn1,CHEMBL4550,1.0,1.0,0.778,2239,False
CC(C)(O)[C@@H](Nc1c(C#N)cnc2c(Cl)cc(N[C@H](C3=CNNN3)c3cccnc3)cc12)c1ccccc1,CHEMBL203,1.0,1.0,0.763,11022,False
CC(C)(O)[C@H](F)CNC(=O)c1cnc(-c2ccc3cc(C#N)cnn23)cc1N[C@H]1CC2CCC1C2,CHEMBL1825,2.0,1.0,0.792,1873,False
CC(C)(O)[C@H](F)CNC(=O)c1cnc(-c2ccc3cc(C#N)cnn23)cc1N[C@H]1CC[C@H](n2cnnc2C(F)F)CC1,CHEMBL3778,2.0,2.0,0.774,7453,False
CC(C)(O)[C@H](F)CNC(=O)c1cnc(-c2ccc3cc(C#N)cnn23)cc1Nc1ccc(C#N)cc1,CHEMBL1825,2.0,2.0,0.886,1873,False
CC(C)(O)[C@H](F)CNC(=O)c1cnc(-c2ccc3cc(C#N)cnn23)cc1Nc1ccc(C(N)=O)cc1,CHEMBL1825,2.0,2.0,0.868,1873,False
CC(C)(O)[C@H](F)CNC(=O)c1cnc(-c2ccc3cc(C#N)cnn23)cc1Nc1ccc(CNCC(F)(F)F)cc1,CHEMBL1825,2.0,1.0,0.798,1873,False
CC(C)(O)[C@H](F)CNC(=O)c1cnc(-c2ccc3cc(C#N)cnn23)cc1Nc1ccc(CNCC(F)F)cc1,CHEMBL1825,2.0,1.0,0.817,1873,False
CC(C)(O)[C@H](F)CNC(=O)c1cnc(-c2ccc3cc(C#N)cnn23)cc1Nc1cccc(C#N)c1,CHEMBL1825,2.0,1.0,0.849,1873,False
CC(C)(O)[C@H](F)CNC(=O)c1cnc(-c2ccc3cc(C#N)cnn23)cc1Nc1cccc(C(N)=O)c1,CHEMBL1825,2.0,2.0,0.859,1873,False
CC(C)(O)[C@H](F)CNC(=O)c1cnc(-c2ccc3cc(C#N)cnn23)cc1Nc1cccc(F)c1,CHEMBL1825,2.0,1.0,0.842,1873,False
CC(C)(O)[C@H](F)CNC(=O)c1cnc(-c2ccc3cc(C#N)cnn23)cc1Nc1cccc(F)c1,CHEMBL3778,1.0,2.0,0.818,7453,False
CC(C)(O)[C@H](F)CNC(=O)c1cnc(-c2ccc3cc(C#N)cnn23)cc1Nc1cccc(OC(F)(F)F)c1,CHEMBL1825,2.0,1.0,0.787,1873,False
CC(C)(O)[C@H](F)CNC(=O)c1cnc(-c2ccc3cc(C#N)cnn23)cc1Nc1cccc(OC(F)(F)F)c1,CHEMBL3778,1.0,2.0,0.775,7453,False
CC(C)(O)[C@H](F)CNC(=O)c1cnc(-c2ccc3cc(C#N)cnn23)cc1Nc1cccc(OC(F)F)c1,CHEMBL1825,2.0,2.0,0.825,1873,False
CC(C)(O)[C@H](F)CNC(=O)c1cnc(-c2ccc3cc(C#N)cnn23)cc1Nc1cccc(OC(F)F)c1,CHEMBL3778,1.0,1.0,0.825,7453,False
CC(C)(O)[C@H](F)CNC(=O)c1cnc(-c2ccc3cc(C#N)cnn23)cc1Nc1ccccc1,CHEMBL1825,2.0,2.0,0.873,1873,False
CC(C)(O)[C@H](F)CNC(=O)c1cnc(-c2ccc3cc(C#N)cnn23)cc1Nc1ccccc1C#N,CHEMBL1825,2.0,2.0,0.816,1873,False
CC(C)(O)[C@H](F)CNC(=O)c1cnc(-c2ccc3cc(C#N)cnn23)cc1Nc1ccccc1C#N,CHEMBL3778,1.0,1.0,0.816,7453,False
CC(C)(O)[C@H](F)CNC(=O)c1cnc(-c2ccc3cc(C#N)cnn23)cc1Nc1ccccc1C(N)=O,CHEMBL1825,2.0,2.0,0.797,1873,False
CC(C)(O)[C@H](F)CNC(=O)c1cnc(-c2ccc3cc(C#N)cnn23)cc1Nc1ccccc1C(N)=O,CHEMBL3778,1.0,1.0,0.797,7453,False
CC(C)(O)[C@H](F)CNC(=O)c1cnc(Nc2ccc3ncncc3c2)cc1NC1CCCOC1,CHEMBL3778,1.0,1.0,0.851,7453,False
CC(C)(O)[C@H](F)CNC(=O)c1cnc(Nc2ccc3ncsc3c2)cc1Nc1ccc(C(=O)NCC(F)(F)F)cc1,CHEMBL3778,1.0,1.0,0.817,7453,False
CC(C)(O)[C@H](F)CNC(=O)c1cnc(Nc2ccc3ncsc3c2)cc1Nc1ccc(C(=O)NCCO)cc1,CHEMBL3778,1.0,1.0,0.817,7453,False
CC(C)(O)[C@H](F)CNC(=O)c1cnc(Nc2ccc3ncsc3c2)cc1Nc1ccc(C(N)=O)cc1,CHEMBL3778,1.0,1.0,0.797,7453,False
CC(C)(O)[C@H](F)CNC(=O)c1cnc(Nc2ccc3ncsc3c2)cc1Nc1ccc(OC(F)F)cc1,CHEMBL3778,1.0,1.0,0.771,7453,False
CC(C)(O)[C@H](F)CNC(=O)c1cnc(Nc2ccc3ncsc3c2)cc1Nc1ccc(S(C)(=O)=O)cc1,CHEMBL3778,1.0,1.0,0.771,7453,False
CC(C)(O)[C@H](F)CNC(=O)c1cnc(Nc2ccc3ncsc3c2)cc1Nc1cccc(CCO)c1,CHEMBL3778,1.0,1.0,0.757,7453,False
CC(C)(O)[C@H](F)CNC(=O)c1cnc(Nc2ccc3ncsc3c2)cc1Nc1cccc(CO)c1,CHEMBL3778,1.0,1.0,0.761,7453,False
CC(C)(O)c1cc(F)c2c(c1)C(=O)N(Cc1ccc(Cl)cn1)[C@@]2(OCC1(COCC(=O)O)CC1)c1ccc(Cl)cc1,CHEMBL5023,1.0,1.0,0.686,4821,False
CC(C)(O)c1cc(F)c2c(c1)C(=O)N([C@@H](CO)c1ccc(Cl)cn1)[C@@]2(OCC1(CO)CC1)c1ccc(Cl)cc1,CHEMBL5023,1.0,1.0,0.68,4821,False
CC(C)(O)c1nc(-c2cccc(-c3ncc(-c4cnc(-c5ccccn5)nc4)[nH]3)c2)no1,CHEMBL5879,1.0,1.0,0.845,383,False
CC(C)(c1cc(-c2cccc(C(=O)Nc3c(Cl)cncc3Cl)c2)c2ncccc2c1)S(C)(=O)=O,CHEMBL254,1.0,1.0,0.734,869,False
CC(C)(c1cc(-c2cccc(C(=O)Nc3c(Cl)cncc3Cl)c2)c2ncccc2c1)S(C)(=O)=O,CHEMBL275,2.0,2.0,0.734,2377,False
CC(C)(c1cc(-c2cccc(C(=O)Nc3c(Cl)cncc3Cl)c2)c2ncccc2c1)S(C)(=O)=O,CHEMBL291,4.0,4.0,0.734,262,False
CC(C)(c1cc(-c2cccc(C(=O)Nc3c(Cl)cncc3Cl)c2)c2ncccc2c1)S(C)(=O)=O,CHEMBL288,3.0,3.0,0.734,1570,False
CC(C)(c1cc(-c2cccc(C(=O)Nc3ccncc3)c2)c2ncccc2c1)S(C)(=O)=O,CHEMBL254,2.0,2.0,0.877,869,False
CC(C)(c1cc(-c2cccc(C(=O)Nc3ccncc3)c2)c2ncccc2c1)S(C)(=O)=O,CHEMBL275,1.0,1.0,0.877,2377,False
CC(C)(c1cc(-c2cccc(C(=O)Nc3ccncc3)c2)c2ncccc2c1)S(C)(=O)=O,CHEMBL291,3.0,3.0,0.877,262,False
CC(C)(c1cc(-c2cccc(C(=O)Nc3ccncc3)c2)c2ncccc2c1)S(C)(=O)=O,CHEMBL288,4.0,4.0,0.877,1570,False
CC(C)/C=C(\C#N)C(=O)N1CCC[C@@H](n2nc(-c3ccc(Oc4ccccc4)cc3F)c3c(N)ncnc32)C1,CHEMBL5251,1.0,1.0,1.0,9782,True
CC(C)=CCC[C@@H](C)[C@H]1C[C@H](O)[C@@]2(C)C3=CC[C@H]4C(C)(C)[C@@H](O)CC[C@]4(C)C3=CC[C@]12C,CHEMBL2808,116.0,78.0,0.256,1202,False
CC(C)C(=O)N1CCC(n2cc(-c3n[nH]c4cnc(N5C6CCC5C(=O)N(C)C6)nc34)cn2)CC1,CHEMBL5903,6.0,6.0,0.771,1119,False
CC(C)C(=O)N1CCC(n2cc(-c3n[nH]c4cnc(N5C6CCC5C(=O)N(C)C6)nc34)cn2)CC1,CHEMBL3650,3.0,3.0,0.806,4143,False
CC(C)C(=O)N1CCCC12CCN(c1ncnc3[nH]ccc13)C2,CHEMBL2148,1.0,1.0,0.818,7416,False
CC(C)C(=O)N1CC[C@H]2C[C@@H](N(C)c3ncnc4[nH]ccc34)C[C@H]2C1,CHEMBL2835,2.0,2.0,0.807,10399,False
CC(C)C(=O)N1CC[C@H]2C[C@@H](N(C)c3ncnc4[nH]ccc34)C[C@H]2C1,CHEMBL2971,1.0,1.0,0.807,12637,False
CC(C)C(=O)N1CC[C@H]2C[C@@H](N(C)c3ncnc4[nH]ccc34)C[C@H]2C1,CHEMBL2148,3.0,3.0,0.759,7416,False
CC(C)C(=O)N1CCc2c(sc3nc(-c4ccncc4)nc(NCCN)c23)C1,CHEMBL2598,1.0,1.0,0.761,621,False
CC(C)C(=O)NCc1ccc(Nc2cc(-c3ccc4cc(C#N)cnn34)ncc2C(=O)NC[C@@H](F)C(C)(C)O)cc1,CHEMBL1825,1.0,1.0,0.829,1873,False
CC(C)C(=O)c1cnc2ccc(-c3cc(Cl)c(O)c(Cl)c3)nc2c1Nc1ccc(N2CCC[C@@H](N)C2)nc1,CHEMBL4578,1.0,1.0,0.818,1072,False
CC(C)C(CC1C(=O)NC(=O)N1C)c1ccc(-c2ccc3cccc(F)c3c2)[nH]c1=O,CHEMBL3710,1.0,1.0,0.714,839,False
CC(C)C(CC1NC(=O)NC1=O)c1ccc(-c2ccc3cccc(F)c3c2)[nH]c1=O,CHEMBL3710,1.0,1.0,0.71,839,False
CC(C)C(CO)NC(=O)c1cccc(-n2nc(C(C)(C)C)cc2NC(=O)Nc2cccc3ccccc23)c1,CHEMBL260,1.0,1.0,0.562,5079,False
CC(C)C(CO)NC(=O)c1cccc(-n2nc(C(C)(C)C)cc2NC(=O)Nc2cccc3ccccc23)c1,CHEMBL4179,4.0,4.0,0.494,1152,False
CC(C)C(CO)NC(=O)c1cccc(-n2nc(C(C)(C)C)cc2NC(=O)Nc2cccc3ccccc23)c1,CHEMBL3032,819.0,756.0,0.236,374,False
CC(C)C(CO)NC(=O)c1cccc(-n2nc(C(C)(C)C)cc2NC(=O)Nc2cccc3ccccc23)c1,CHEMBL5719,14.0,13.0,0.451,677,False
CC(C)C(CO)Nc1nc(Nc2ccc(N3CCNCC3)cc2)c2ncn(C(C)C)c2n1,CHEMBL203,25.0,26.0,0.5,11022,False
CC(C)CC(=O)O[C@H]1/C=C/C=C/C(=O)O[C@H]2[C@@H](C)C[C@@H]3[C@]2(O)[C@H](O)[C@@]2(CO)O[C@H]2[C@H]2[C@H]4OC5(c6ccccc6)O[C@@H]([C@@H](C)[C@@]23O5)[C@@]4(O)[C@](C)(O)C[C@H]2CC[C@H]1[C@H]2C,CHEMBL1985,473.0,1139.0,0.145,1226,False
CC(C)CC(=O)O[C@H]1/C=C/C=C/C(=O)O[C@H]2[C@@H](C)C[C@@H]3[C@]2(O)[C@H](O)[C@@]2(CO)O[C@H]2[C@H]2[C@H]4OC5(c6ccccc6)O[C@@H]([C@@H](C)[C@@]23O5)[C@@]4(O)[C@](C)(O)C[C@H]2CC[C@H]1[C@H]2C,CHEMBL4423,1110.0,1152.0,0.145,438,False
CC(C)CC(=O)O[C@H]1/C=C/C=C/C(=O)O[C@H]2[C@@H](C)C[C@@H]3[C@]2(O)[C@H](O)[C@@]2(CO)O[C@H]2[C@H]2[C@H]4OC5(c6ccccc6)O[C@@H]([C@@H](C)[C@@]23O5)[C@@]4(O)[C@](C)(O)C[C@H]2CC[C@H]1[C@H]2C,CHEMBL232,212.0,584.0,0.173,1455,False
CC(C)CC(=O)O[C@H]1/C=C/C=C/C(=O)O[C@H]2[C@@H](C)C[C@@H]3[C@]2(O)[C@H](O)[C@@]2(CO)O[C@H]2[C@H]2[C@H]4OC5(c6ccccc6)O[C@@H]([C@@H](C)[C@@]23O5)[C@@]4(O)[C@](C)(O)C[C@H]2CC[C@H]1[C@H]2C,CHEMBL229,189.0,546.0,0.176,1882,False
CC(C)CC(C)c1nc2ccc(-c3ccncc3)cc2o1,CHEMBL3830,1.0,1.0,0.805,1017,False
CC(C)CC(CO)NC(=O)c1cccc(-n2nc(C(C)(C)C)cc2NC(=O)Nc2cccc3ccccc23)c1,CHEMBL260,1.0,1.0,0.554,5079,False
CC(C)CC(N)B1OC(C)(C)C(C)(C)O1,CHEMBL3965,2.0,2.0,0.471,62,False
CC(C)CC(N)B1OC(C)(C)C(C)(C)O1,CHEMBL1907,1.0,1.0,0.471,441,False
CC(C)CC(N)c1nc2ccc(-c3ccncc3)cc2o1,CHEMBL3830,1.0,1.0,0.81,1017,False
CC(C)CC(NC(=O)c1cccc(-n2nc(C(C)(C)C)cc2NC(=O)Nc2cccc3ccccc23)c1)C(N)=O,CHEMBL260,1.0,1.0,0.542,5079,False
CC(C)CC(NC(=O)c1cccc(-n2nc(C(C)(C)C)cc2NC(=O)Nc2cccc3ccccc23)c1)C(N)=O,CHEMBL2148,430.0,684.0,0.245,7416,False
CC(C)CC(S)C(=O)O,CHEMBL2432,23.0,2.0,0.444,11,False
CC(C)CCC[C@@H](C)[C@H]1CC[C@H]2[C@@H]3CC[C@H]4C[C@@H](O[C@H]5O[C@H](COS(=O)(=O)[O-])[C@@H](OS(=O)(=O)[O-])[C@H](OS(=O)(=O)[O-])[C@@H]5O[C@H]5O[C@H](COS(=O)(=O)[O-])[C@@H](OS(=O)(=O)[O-])[C@H](O[C@H]6O[C@H](COS(=O)(=O)[O-])[C@@H](OS(=O)(=O)[O-])[C@H](O[C@H]7O[C@H](COS(=O)(=O)[O-])[C@@H](OS(=O)(=O)[O-])[C@H](OS(=O)(=O)[O-])[C@@H]7OS(=O)(=O)[O-])[C@@H]6OS(=O)(=O)[O-])[C@@H]5OS(=O)(=O)[O-])CC[C@]4(C)[C@H]3CC[C@]12C,CHEMBL2120,1.0,1.0,1.0,67,True
CC(C)CCC[C@@H](C)[C@H]1CC[C@H]2[C@@H]3CC[C@H]4C[C@@H](O[C@H]5O[C@H](COS(=O)(=O)[O-])[C@@H](OS(=O)(=O)[O-])[C@H](OS(=O)(=O)[O-])[C@@H]5O[C@H]5O[C@H](COS(=O)(=O)[O-])[C@@H](OS(=O)(=O)[O-])[C@H](O[C@H]6O[C@H](COS(=O)(=O)[O-])[C@@H](OS(=O)(=O)[O-])[C@H](O[C@H]7O[C@H](COS(=O)(=O)[O-])[C@@H](OS(=O)(=O)[O-])[C@H](OS(=O)(=O)[O-])[C@@H]7OS(=O)(=O)[O-])[C@@H]6OS(=O)(=O)[O-])[C@@H]5OS(=O)(=O)[O-])CC[C@]4(C)[C@H]3CC[C@]12C,CHEMBL3107,3.0,3.0,1.0,81,True
CC(C)CCC[C@@H](C)[C@H]1CC[C@H]2[C@@H]3CC[C@H]4C[C@@H](O[C@H]5O[C@H](COS(=O)(=O)[O-])[C@@H](OS(=O)(=O)[O-])[C@H](OS(=O)(=O)[O-])[C@@H]5O[C@H]5O[C@H](COS(=O)(=O)[O-])[C@@H](OS(=O)(=O)[O-])[C@H](O[C@H]6O[C@H](COS(=O)(=O)[O-])[C@@H](OS(=O)(=O)[O-])[C@H](O[C@H]7O[C@H](COS(=O)(=O)[O-])[C@@H](OS(=O)(=O)[O-])[C@H](OS(=O)(=O)[O-])[C@@H]7OS(=O)(=O)[O-])[C@@H]6OS(=O)(=O)[O-])[C@@H]5OS(=O)(=O)[O-])CC[C@]4(C)[C@H]3CC[C@]12C,CHEMBL3921,2.0,2.0,1.0,371,True
CC(C)CCC[C@@H](C)[C@H]1CC[C@H]2[C@H](CC(=O)O)[C@@H]([C@@]3(C)CCC=CC3=O)CC[C@]12C,CHEMBL3775,1.0,1.0,0.714,306,False
CC(C)CCc1nc2ccc(-c3ccncc3)cc2o1,CHEMBL3830,1.0,1.0,0.805,1017,False
CC(C)CCn1ncc2cc(C(c3ccccc3)C(C)(C)C(=O)Nc3nncs3)ccc21,CHEMBL2034,1.0,1.0,0.821,3039,False
CC(C)CN(Cc1cc(Cl)c2c(c1)OCCCO2)C(=O)C1CN(Cc2cccc3nc[nH]c23)CCO1,CHEMBL5548,1.0,1.0,0.815,8,False
CC(C)CN1CCN(c2ccc3c(c2)oc(=O)n3C(=O)NCCCCc2ccccc2)CC1,CHEMBL5463,1.0,1.0,0.762,171,False
CC(C)CN1CCc2c(sc3nc(-c4ccncc4)nc(NCCN)c23)C1,CHEMBL2598,1.0,1.0,0.656,621,False
CC(C)COC(=O)Nc1nnc(CCCCc2nnc(NC(=O)Cc3ccccc3)s2)s1,CHEMBL2146302,1.0,1.0,0.769,1424,False
CC(C)COc1ccc(-c2cn(C)c3cc(C(=O)NS(C)(=O)=O)c(F)cc23)cn1,CHEMBL4296,1.0,1.0,0.794,7797,False
CC(C)COc1ccc(-c2cn(C)c3cc(C(=O)NS(C)(=O)=O)c(F)cc23)cn1,CHEMBL1980,2.0,2.0,0.794,1446,False
CC(C)COc1ccc(-c2cn(C)c3cc(C(=O)NS(C)(=O)=O)c(F)cc23)cn1,CHEMBL3721,1044.0,793.0,0.231,466,False
CC(C)COc1ccc(-c2cn(C)c3cc(C(=O)NS(C)(=O)=O)c(F)cc23)cn1,CHEMBL3397,4.0,4.0,0.544,2945,False
CC(C)COc1ccc(-c2cn(C)c3cc(C(=O)NS(C)(=O)=O)c(F)cc23)cn1,CHEMBL3622,643.0,50.0,0.309,1617,False
CC(C)COc1ccc(-c2cn(C)c3cc(C(=O)NS(C)(=O)=O)c(F)cc23)cn1,CHEMBL340,3.0,3.0,0.544,5556,False
CC(C)COc1ccc(-c2cn(C)c3cc(C(=O)NS(C)(=O)=O)ccc23)cn1,CHEMBL4296,1.0,1.0,0.776,7797,False
CC(C)COc1ccc(CNC(=O)N(Cc2ccc(F)nn2)C2CCN(C)CC2)cc1,CHEMBL224,1.0,1.0,0.788,6081,False
CC(C)COc1ncc(-c2cn(C(C)C)c3cc(C(=O)NS(C)(=O)=O)ccc23)cc1Cl,CHEMBL4296,1.0,1.0,0.726,7797,False
CC(C)COc1ncc(-c2cn(C(C)C)c3cc(C(=O)NS(C)(=O)=O)ccc23)cc1Cl,CHEMBL1980,2.0,2.0,0.726,1446,False
CC(C)COc1ncc(-c2cn(C)c3cc(C(=O)NS(=O)(=O)C(C)(C)C)ccc23)cc1Cl,CHEMBL4296,1.0,1.0,0.768,7797,False
CC(C)COc1ncc(-c2cn(C)c3cc(C(=O)NS(=O)(=O)C(C)C)ccc23)cc1Cl,CHEMBL4296,1.0,1.0,0.791,7797,False
CC(C)COc1ncc(-c2cn(C)c3cc(C(=O)NS(=O)(=O)C(C)C)ccc23)cc1Cl,CHEMBL1980,2.0,2.0,0.791,1446,False
CC(C)COc1ncc(-c2cn(C)c3cc(C(=O)NS(=O)(=O)N(C)C)ccc23)cc1Cl,CHEMBL4296,1.0,1.0,0.768,7797,False
CC(C)COc1ncc(-c2cn(C)c3cc(C(=O)NS(=O)(=O)N(C)C)ccc23)cc1Cl,CHEMBL1980,2.0,2.0,0.768,1446,False
CC(C)COc1ncc(-c2cn(C)c3cc(C(=O)NS(C)(=O)=O)c(F)cc23)cc1Cl,CHEMBL4296,1.0,1.0,0.803,7797,False
CC(C)COc1ncc(-c2cn(C)c3cc(C(=O)NS(C)(=O)=O)c(F)cc23)cc1Cl,CHEMBL1980,2.0,2.0,0.803,1446,False
CC(C)COc1ncc(-c2cn(C)c3cc(C(=O)NS(C)(=O)=O)ccc23)cc1C#N,CHEMBL4296,1.0,1.0,0.667,7797,False
CC(C)COc1ncc(-c2cn(C)c3cc(C(=O)NS(C)(=O)=O)ccc23)cc1C#N,CHEMBL1980,2.0,2.0,0.667,1446,False
CC(C)COc1ncc(-c2cn(C)c3cc(C(=O)NS(C)(=O)=O)ccc23)cc1Cl,CHEMBL4296,1.0,1.0,0.803,7797,False
CC(C)COc1ncc(-c2cn(C)c3cc(C(=O)NS(C)(=O)=O)ccc23)cc1Cl,CHEMBL1980,2.0,2.0,0.803,1446,False
CC(C)COc1ncc(-c2cn(C)c3cc(C(=O)NS(C)(=O)=O)ccc23)cc1Cl,CHEMBL4729,1505.0,363.0,0.256,232,False
CC(C)COc1ncc(-c2cn(C)c3cc(C(=O)NS(C)(=O)=O)ccc23)cc1Cl,CHEMBL3721,1100.0,876.0,0.224,466,False
CC(C)COc1ncc(-c2cn(C)c3cc(C(=O)NS(C)(=O)=O)ccc23)cc1Cl,CHEMBL3397,4.0,4.0,0.612,2945,False
CC(C)COc1ncc(-c2cn(C)c3cc(C(=O)NS(C)(=O)=O)ccc23)cc1Cl,CHEMBL3622,870.0,193.0,0.273,1617,False
CC(C)COc1ncc(-c2cn(C)c3cc(C(=O)NS(C)(=O)=O)ccc23)cc1Cl,CHEMBL4187,7.0,7.0,0.423,165,False
CC(C)COc1ncc(-c2cn(C)c3cc(C(=O)NS(C)(=O)=O)ccc23)cc1Cl,CHEMBL2072,5.0,5.0,0.423,282,False
CC(C)COc1ncc(-c2cn(CC(C)C)c3cc(C(=O)NS(C)(=O)=O)ccc23)cc1Cl,CHEMBL4296,1.0,1.0,0.809,7797,False
CC(C)COc1ncc(-c2cn(CC(C)C)c3cc(C(=O)NS(C)(=O)=O)ccc23)cc1Cl,CHEMBL1980,2.0,2.0,0.809,1446,False
CC(C)C[C@@H](C(=O)N[C@@H](Cc1ccccc1)C(N)=O)[C@H](CSCC(=O)c1ccccc1)C(=O)NO,CHEMBL2940,2.0,1.0,0.849,62,False
CC(C)C[C@@H](N)C(=O)N1CCC[C@@H](n2nc(-c3ccc(Oc4ccccc4)cc3)c3c(N)ncnc32)C1,CHEMBL5251,1.0,1.0,0.833,9782,False
CC(C)C[C@@H](N)C(=O)NCC(=O)N[C@H](C)C(=O)N[C@H](CO)C(=O)N[C@H](Cc1c[nH]c2ccccc12)C(=O)N[C@H](Cc1cnc[nH]1)C(=O)N[C@H](CCCNC(=N)N)C(=O)N1CCC[C@@H]1C(=O)N[C@H](CC(=O)O)C(=O)N[C@H](CCCCN)C(=O)NCCOCCOCCOCCC(=O)N[C@@H](CCCCNC(=O)CCOCCOCCOCCNC(=O)[C@H](CCCNC(=N)N)NC(=O)[C@H](Cc1ccc(O)cc1)NC(=O)[C@H](CO)NC(=O)[C@H](CC(C)C)NC(=O)[C@H](CO)NC(=O)[C@@H](NC(=O)[C@@H]1CCCN1C(=O)[C@@H](N)CCCCN)C(C)C)C(N)=O,CHEMBL2107,1.0,1.0,1.0,983,True
CC(C)C[C@@H](NC(=O)c1cc2ccccc2s1)C(=O)N[C@@H]1COCC1=O,CHEMBL268,1.0,1.0,1.0,2225,True
CC(C)C[C@@H]1NC(=O)[C@H](CC(N)O)N(C)C(=O)[C@H](Cc2ccccc2)NC(=O)CNC(=O)[C@H](Cc2ccc(O)cc2)NC(=O)[C@H](Cc2ccccc2)NC(=O)CSC[C@@H](C(N)=O)NC(=O)[C@H](Cc2c[nH]c3ccccc23)NC(=O)[C@H](Cc2ccc(O)cc2)NC1=O,CHEMBL4665585,1.0,1.0,0.825,72,False
CC(C)C[C@H](N)C(=O)N1CCC[C@@H](n2nc(-c3ccc(Oc4ccccc4)cc3)c3c(N)ncnc32)C1,CHEMBL5251,1.0,1.0,0.833,9782,False
CC(C)C[C@H](NC(=O)CNC(=O)CNC(=O)[C@H](CCc1ccccc1)NC(=O)[C@H](Cc1cnc[nH]1)NC(=O)CNC(=O)[C@@H](NC(=O)[C@@H](NC(=O)[C@H](Cc1ccccc1)NC(=O)[C@H](CCCNC(=N)N)NC(=O)[C@@H](N)CCC(N)=O)C(C)(C)S)[C@@H](C)O)C(=O)N[C@@H](Cc1ccc(O)cc1)C(=O)N1CCC[C@H]1C(=O)N[C@@H](CS)C(=O)N[C@@H](CC(N)=O)C(=O)NCC(=O)N1CCC[C@H]1C(=O)O,CHEMBL5966,1.0,1.0,0.97,173,False
CC(C)C[C@H](NC(=O)CNC(=O)[C@H](CCC(N)=O)NC(=O)[C@H](Cc1ccc(OP(=O)(O)O)cc1)NC(=O)c1ccc(CNC(=O)c2cc(N=C=S)ccc2-c2c3ccc(=O)cc-3oc3cc(O)ccc23)cc1)C(=O)N[C@@H](CO)C(N)=O,CHEMBL5626,1.0,1.0,0.914,50,False
CC(C)C[C@H](NC(=O)C[C@H](O)[C@H](Cc1ccccc1)NC(=O)[C@H](CCC(N)=O)N(C)C(=O)[C@@H](NC(=O)[C@H](C)O)C(C)C)C(=O)N[C@@H](C)C(=O)N(C)[C@H](Cc1ccccc1)C(=O)NCc1ccccc1,CHEMBL3092,3.0,3.0,0.886,92,False
CC(C)C[C@H](NC(=O)C[C@H](O)[C@H](Cc1ccccc1)NC(=O)[C@H](CCC(N)=O)N(C)C(=O)[C@@H](NC(=O)[C@H](C)O)C(C)C)C(=O)N[C@@H](C)C(=O)N(C)[C@H](Cc1ccccc1)C(=O)NCc1ccccc1,CHEMBL2581,1.0,1.0,0.886,2202,False
CC(C)C[C@H](NC(=O)C[C@H](O)[C@H](Cc1ccccc1)NC(=O)[C@H](CCC(N)=O)N(C)C(=O)[C@@H](NC(=O)[C@H](C)O)C(C)C)C(=O)N[C@@H](C)C(=O)N(C)[C@H](Cc1ccccc1)C(=O)NCc1ccccc1,CHEMBL4822,2.0,2.0,0.886,9994,False
CC(C)C[C@H](NC(=O)OCc1ccccc1)C(=O)NC1CCOCC1=O,CHEMBL268,1.0,1.0,0.821,2225,False
CC(C)C[C@H](NC(=O)OCc1ccccc1)C(=O)NC1CCOCC1=O,CHEMBL2954,3.0,3.0,0.821,2538,False
CC(C)C[C@H](NC(=O)OCc1ccccc1)C(=O)NC1CCOCC1=O,CHEMBL3837,2.0,2.0,0.821,2086,False
CC(C)C[C@H](NC(=O)[C@@H]1CCCN1C(=O)[C@@H](Cc1ccccc1)NC(=O)[C@H](Cc1ccccc1)NC(=O)CNC(=O)[C@@H](C)NC(=O)[C@@H](N)Cc1ccc(O)cc1)C(=O)N[C@@H](Cc1c[nH]c2ccccc12)C(=O)OCc1cc(C(F)(F)F)cc(C(F)(F)F)c1,CHEMBL236,2.0,2.0,1.0,4835,True
CC(C)C[C@H](NC(=O)[C@@H]1CCCN1C(=O)[C@@H](Cc1ccccc1)NC(=O)[C@H](Cc1ccccc1)NC(=O)CNC(=O)[C@@H](C)NC(=O)[C@@H](N)Cc1ccc(O)cc1)C(=O)N[C@@H](Cc1c[nH]c2ccccc12)C(=O)OCc1cc(C(F)(F)F)cc(C(F)(F)F)c1,CHEMBL249,1.0,1.0,1.0,2543,True
CC(C)C[C@H](NC(=O)[C@H](Cc1ccccc1)NC(=O)CCN1C(=O)CSc2ccncc21)C(=O)N[C@@H](CC1CCCCC1)[C@@H](O)CC(=O)NCCCn1ccnc1,CHEMBL286,1.0,1.0,0.959,2967,False
CC(C)C[C@H](NC(=O)[C@H](Cc1ccccc1)Nc1ccccc1)B(O)O,CHEMBL4662,1.0,1.0,0.739,1235,False
CC(C)C[C@H](NC(=O)c1ccc(-c2cc(=O)c3cc([N+](=O)[O-])c(N[C@H](C)C4CCCCC4)cc3o2)cc1)C(N)=O,CHEMBL1795122,11.0,1.0,0.541,4,False
CC(C)C[C@H](NC(=O)c1ccc(-c2cc(=O)c3cc([N+](=O)[O-])c(N[C@H](C)C4CCCCC4)cc3o2)cc1)C(N)=O,CHEMBL1795120,222.0,2.0,0.541,3,False
CC(C)C[C@H](N[C@@H](c1ccc(-c2ccc(S(C)(=O)=O)cc2)cc1)C(F)(F)F)C(=O)NC(C#N)c1ccccc1,CHEMBL268,3.0,3.0,0.78,2225,False
CC(C)C[C@H](N[C@@H](c1ccc(-c2ccc(S(C)(=O)=O)cc2)cc1)C(F)(F)F)C(=O)NC(C#N)c1ccccc1,CHEMBL4072,4.0,4.0,0.766,1368,False
CC(C)C[C@H](N[C@@H](c1ccc(-c2ccc(S(C)(=O)=O)cc2)cc1)C(F)(F)F)C(=O)NC(C#N)c1ccccc1,CHEMBL3837,1.0,1.0,0.78,2086,False
CC(C)C[C@H](N[C@@H](c1ccc(-c2ccc(S(C)(=O)=O)cc2)cc1)C(F)(F)F)C(=O)NC(C#N)c1ccccc1,CHEMBL2954,2.0,2.0,0.78,2538,False
CC(C)C[C@H](O)[C@H](O)[C@H](CC1CCCCC1)NC(=O)[C@H](Cc1cscn1)NC(=O)C1[C@@H](c2ccccc2)[C@H]1c1ccccc1,CHEMBL286,1.0,1.0,0.853,2967,False
CC(C)C[C@H]1C(=O)N[C@H](C(=O)c2ccc(C(C)(C)C)cc2)Cc2ccc(cc2)OCCCC[C@@H]1C(=O)NO,CHEMBL332,3.0,3.0,0.809,2583,False
CC(C)C[C@H]1C(=O)N[C@H](C(=O)c2ccc(C(C)(C)C)cc2)Cc2ccc(cc2)OCCCC[C@@H]1C(=O)NO,CHEMBL333,1.0,1.0,0.809,3911,False
CC(C)C[C@H]1C(=O)N[C@H](C(=O)c2ccc(C(C)(C)C)cc2)Cc2ccc(cc2)OCCCC[C@@H]1C(=O)NO,CHEMBL283,2.0,2.0,0.809,1962,False
CC(C)C[C@H]1C(=O)N[C@H](C(=O)c2ccc(C(C)(C)C)cc2)Cc2ccc(cc2)OCCCC[C@@H]1C(=O)NO,CHEMBL4073,4.0,4.0,0.809,551,False
CC(C)C[C@H]1C(=O)N[C@H](C(=O)c2ccc(CO)cc2)Cc2ccc(cc2)OCCCC[C@@H]1C(=O)NO,CHEMBL332,1.0,1.0,0.821,2583,False
CC(C)C[C@H]1C(=O)N[C@H](C(=O)c2ccc(CO)cc2)Cc2ccc(cc2)OCCCC[C@@H]1C(=O)NO,CHEMBL333,4.0,4.0,0.821,3911,False
CC(C)C[C@H]1C(=O)N[C@H](C(=O)c2ccc(CO)cc2)Cc2ccc(cc2)OCCCC[C@@H]1C(=O)NO,CHEMBL283,3.0,3.0,0.821,1962,False
CC(C)C[C@H]1C(=O)N[C@H](C(=O)c2ccc(CO)cc2)Cc2ccc(cc2)OCCCC[C@@H]1C(=O)NO,CHEMBL4073,2.0,2.0,0.821,551,False
CC(C)C[C@H]1C(=O)N[C@H](C(=O)c2ccc(S(C)(=O)=O)cc2)Cc2ccc(cc2)OCCCC[C@@H]1C(=O)NO,CHEMBL332,3.0,3.0,0.797,2583,False
CC(C)C[C@H]1C(=O)N[C@H](C(=O)c2ccc(S(C)(=O)=O)cc2)Cc2ccc(cc2)OCCCC[C@@H]1C(=O)NO,CHEMBL333,2.0,2.0,0.797,3911,False
CC(C)C[C@H]1C(=O)N[C@H](C(=O)c2ccc(S(C)(=O)=O)cc2)Cc2ccc(cc2)OCCCC[C@@H]1C(=O)NO,CHEMBL283,1.0,1.0,0.797,1962,False
CC(C)C[C@H]1C(=O)N[C@H](C(=O)c2ccc(S(C)(=O)=O)cc2)Cc2ccc(cc2)OCCCC[C@@H]1C(=O)NO,CHEMBL4073,4.0,4.0,0.797,551,False
CC(C)C[C@H]1C(=O)N[C@H](C(=O)c2ccccc2)Cc2ccc(cc2)OCCCC[C@@H]1C(=O)NO,CHEMBL332,2.0,2.0,0.983,2583,False
CC(C)C[C@H]1C(=O)N[C@H](C(=O)c2ccccc2)Cc2ccc(cc2)OCCCC[C@@H]1C(=O)NO,CHEMBL333,3.0,3.0,0.983,3911,False
CC(C)C[C@H]1C(=O)N[C@H](C(=O)c2ccccc2)Cc2ccc(cc2)OCCCC[C@@H]1C(=O)NO,CHEMBL283,1.0,1.0,0.983,1962,False
CC(C)C[C@H]1C(=O)N[C@H](C(=O)c2ccccc2)Cc2ccc(cc2)OCCCC[C@@H]1C(=O)NO,CHEMBL4073,4.0,4.0,0.983,551,False
CC(C)Cc1cc(C(=O)Nc2ccc(F)c(Cl)c2)no1,CHEMBL1293232,1.0,1.0,0.68,38,False
CC(C)Cc1cccc(Nc2cc(-c3ccc4cc(C#N)cnn34)ncc2C(=O)NC[C@@H](F)C(C)(C)O)c1,CHEMBL3778,1.0,2.0,0.772,7453,False
CC(C)Cc1cccc2cc(Cn3cccc(NC(=O)[C@H](CC/C=C/C(=O)N(C)C)OC(=O)N4CCCC4)c3=O)n(C(=O)OC(C)(C)C)c12,CHEMBL5749,1.0,1.0,0.854,3184,False
CC(C)Cn1cc(C(C)(C)C)s/c1=N\C(=O)c1cc(Cl)ccc1OC1CC1,CHEMBL253,1.0,1.0,0.735,7881,False
CC(C)Cn1ncc2cc(C(c3ccccc3)C(C)(C)C(=O)Nc3nncs3)ccc21,CHEMBL2034,1.0,1.0,0.815,3039,False
CC(C)Cn1nccc1-c1ccnc(N[C@@H](C)c2cc3cc(Cl)ccc3[nH]c2=O)c1,CHEMBL2007625,1.0,1.0,0.731,4299,False
CC(C)N(CCCN)C(=O)c1cccc(-n2nc(C(C)(C)C)cc2NC(=O)Nc2cccc3ccccc23)c1,CHEMBL5627,83.0,69.0,0.394,250,False
CC(C)N(CCCN)C(=O)c1cccc(-n2nc(C(C)(C)C)cc2NC(=O)Nc2cccc3ccccc23)c1,CHEMBL5608,54.0,59.0,0.394,635,False
CC(C)N(CCCN)C(=O)c1cccc(-n2nc(C(C)(C)C)cc2NC(=O)Nc2cccc3ccccc23)c1,CHEMBL2041,26.0,33.0,0.394,4396,False
CC(C)N(CCCN)C(=O)c1cccc(-n2nc(C(C)(C)C)cc2NC(=O)Nc2cccc3ccccc23)c1,CHEMBL260,1.0,1.0,0.616,5079,False
CC(C)N(CCCN)C(=O)c1cccc(-n2nc(C(C)(C)C)cc2NC(=O)Nc2cccc3ccccc23)c1,CHEMBL5261,428.0,251.0,0.282,480,False
CC(C)N(CCCN)C(=O)c1cccc(-n2nc(C(C)(C)C)cc2NC(=O)Nc2cccc3ccccc23)c1,CHEMBL5818,503.0,447.0,0.25,285,False
CC(C)N(CCCN)C(=O)c1cccc(-n2nc(C(C)(C)C)cc2NC(=O)Nc2cccc3ccccc23)c1,CHEMBL1075104,68.0,103.0,0.36,3454,False
CC(C)N(CCCN)C(=O)c1cccc(-n2nc(C(C)(C)C)cc2NC(=O)Nc2cccc3ccccc23)c1,CHEMBL2815,45.0,52.0,0.394,4872,False
CC(C)N(CCCN)C(=O)c1cccc(-n2nc(C(C)(C)C)cc2NC(=O)Nc2cccc3ccccc23)c1,CHEMBL2007,24.0,31.0,0.394,933,False
CC(C)N(CCCN)C(=O)c1cccc(-n2nc(C(C)(C)C)cc2NC(=O)Nc2cccc3ccccc23)c1,CHEMBL5719,15.0,17.0,0.43,677,False
CC(C)N(CCCN)C(=O)c1cccc(-n2nc(C(C)(C)C)cc2NC(=O)Nc2cccc3ccccc23)c1,CHEMBL5314,36.0,43.0,0.394,1890,False
CC(C)N(CCCN)C(=O)c1cccc(-n2nc(C(C)(C)C)cc2NC(=O)Nc2cccc3ccccc23)c1,CHEMBL4482,956.0,993.0,0.213,609,False
CC(C)N(CCCN)C(=O)c1cccc(-n2nc(C(C)(C)C)cc2NC(=O)Nc2cccc3ccccc23)c1,CHEMBL3055,52.0,57.0,0.394,628,False
CC(C)N(CCCN)C(=O)c1cccc(-n2nc(C(C)(C)C)cc2NC(=O)Nc2cccc3ccccc23)c1,CHEMBL3231,264.0,304.0,0.27,2738,False
CC(C)N(CCCN)C(=O)c1cccc(-n2nc(C(C)(C)C)cc2NC(=O)Nc2cccc3ccccc23)c1,CHEMBL2595,694.0,397.0,0.256,516,False
CC(C)N(CCCN)C(=O)c1cccc(-n2nc(C(C)(C)C)cc2NC(=O)Nc2cccc3ccccc23)c1,CHEMBL4898,20.0,27.0,0.394,807,False
CC(C)N(CCN(C)C)c1ccc2c(c1)C(c1ccc(Cl)cc1)N(c1ccc(N(C)Cc3ccncc3)cc1)C(=O)C2,CHEMBL1255126,4.0,2.0,0.463,484,False
CC(C)N(CCN(C)C)c1ccc2c(c1)C(c1ccc(Cl)cc1)N(c1ccc(N(C)Cc3ccncc3)cc1)C(=O)C2,CHEMBL5023,1.0,1.0,0.463,4821,False
CC(C)N(CCN1CCC(c2noc3cc(F)ccc23)CC1)C(=O)CCO,CHEMBL224,2.0,2.0,0.671,6081,False
CC(C)N(CCN1CCC(c2noc3cc(F)ccc23)CC1)C(=O)CCO,CHEMBL3155,3.0,3.0,0.643,3175,False
CC(C)N(CCN1CCC(c2noc3cc(F)ccc23)CC1)C(=O)CCO,CHEMBL240,4.0,4.0,0.643,10985,False
CC(C)N(CCN1CCC(c2noc3cc(F)ccc23)CC1)C(=O)[C@@H](C)O,CHEMBL224,4.0,4.0,0.766,6081,False
CC(C)N(CCN1CCC(c2noc3cc(F)ccc23)CC1)C(=O)[C@@H](C)O,CHEMBL3155,3.0,3.0,0.766,3175,False
CC(C)N(CCN1CCC(c2noc3cc(F)ccc23)CC1)C(=O)[C@@H](C)O,CHEMBL217,2.0,2.0,0.766,9217,False
CC(C)N(CCN1CCC(c2noc3cc(F)ccc23)CC1)C(=O)[C@@H](C)O,CHEMBL240,1.0,1.0,0.766,10985,False
CC(C)N(CCN1CCC(c2noc3cc(F)ccc23)CC1)C(=O)[C@H](C)O,CHEMBL224,4.0,4.0,0.766,6081,False
CC(C)N(CCN1CCC(c2noc3cc(F)ccc23)CC1)C(=O)[C@H](C)O,CHEMBL3155,3.0,3.0,0.766,3175,False
CC(C)N(CCN1CCC(c2noc3cc(F)ccc23)CC1)C(=O)[C@H](C)O,CHEMBL240,1.0,1.0,0.766,10985,False
CC(C)N(Cc1cc(F)ccc1F)C(=O)Nc1ccc(S(=O)(=O)N2CCC(CNC[C@H](O)c3ccc(O)c(NS(C)(=O)=O)c3)CC2)cc1,CHEMBL246,1.0,1.0,0.632,1600,False
CC(C)N(Cc1cc(F)ccc1F)C(=O)Nc1ccc(S(=O)(=O)N2CCC(CNC[C@H](O)c3ccc(O)c(NS(C)(=O)=O)c3)CC2)cc1,CHEMBL213,3.0,3.0,0.632,1536,False
CC(C)N(Cc1cc(F)ccc1F)C(=O)Nc1ccc(S(=O)(=O)N2CCC(CNC[C@H](O)c3ccc(O)c(NS(C)(=O)=O)c3)CC2)cc1,CHEMBL210,2.0,2.0,0.632,2135,False
CC(C)N(Cc1ccccc1)Cc1ccc(CCCCCNC(=O)/C=C/c2cccnc2)cc1,CHEMBL1744525,1.0,1.0,0.914,4583,False
CC(C)N1C(=O)C(NC(=O)[C@@H](Cc2ccccc2OC(F)(F)F)NC(=O)OC(C)(C)C)CCc2cccnc21,CHEMBL4296,1.0,1.0,0.803,7797,False
CC(C)N1C=C([C@@H](Nc2cc(Cl)c3ncc(C#N)c(NC(CCO)c4ccccc4)c3c2)c2cccnc2)NN1,CHEMBL203,1.0,1.0,0.774,11022,False
CC(C)N1C=C([C@@H](Nc2cc(Cl)c3ncc(C#N)c(N[C@@H](c4ccccc4)C(C)(C)O)c3c2)c2cccnc2)NN1,CHEMBL203,1.0,1.0,0.706,11022,False
CC(C)N1C=C([C@@H](Nc2cc(Cl)c3ncc(C#N)c(N[C@H](CCO)c4ccccc4)c3c2)c2cccnc2)NN1,CHEMBL203,1.0,1.0,0.774,11022,False
CC(C)N1CC(n2cc(-c3cc(-c4ccc(N5CCN(Cc6ccccc6)CC5)nc4)c4c(C#N)cnn4c3)cn2)C1,CHEMBL2041,1.0,1.0,0.776,4396,False
CC(C)N1CC(n2nccc2-c2cc(Cl)ccc2Oc2ccc(S(=O)(=O)Nc3cscn3)cc2C#N)C1,CHEMBL4296,1.0,1.0,0.787,7797,False
CC(C)N1CCC(NC(=O)c2cc3ccccc3n2CCc2ccc(Cl)cc2)CC1,CHEMBL244,1.0,1.0,0.857,5906,False
CC(C)N1CCC(NC(=O)c2cc3ccccc3n2CCc2ccc(Cl)cc2Cl)CC1,CHEMBL244,1.0,1.0,0.726,5906,False
CC(C)N1CCC(NC(=O)c2ccc(OC3CCN(C4CCC4)CC3)cc2)C1,CHEMBL264,1.0,1.0,0.96,4372,False
CC(C)N1CCC(Oc2cc3cc4n(c3cc2Br)[C@@H](C)CN(CC2CC2)C4=O)CC1,CHEMBL264,1.0,1.0,0.646,4372,False
CC(C)N1CCC(Oc2ccc3c(c2)cc2n3CCN(CC3CC3)C2=O)CC1,CHEMBL264,1.0,1.0,0.891,4372,False
CC(C)N1CCC(Oc2ccc3c(c2)cc2n3C[C@@H](C)N(CC3CC3)C2=O)CC1,CHEMBL264,1.0,1.0,0.698,4372,False
CC(C)N1CCC(Oc2ccc3cc(C(=O)N4CCOCC4)ccc3c2)CC1,CHEMBL264,1.0,1.0,0.816,4372,False
CC(C)N1CCC(c2nc(CC(=O)Nc3cc4cc(-c5cncc(F)c5)ccc4cn3)co2)CC1,CHEMBL2292,1.0,1.0,0.641,3800,False
CC(C)N1CCN(c2cc(Nc3cc(Oc4cn(C5CC5)nc4C4CCOCC4)ccn3)ccn2)CC1,CHEMBL4439,1.0,1.0,0.764,2681,False
CC(C)N1CCN(c2ccc3c(c2)oc(=O)n3C(=O)NCCCCc2ccccc2)CC1,CHEMBL5463,1.0,1.0,0.787,171,False
CC(C)NC(=O)N1Cc2ccc(-c3nc(Nc4ccc(-c5cn[nH]c5)cc4)c4occc4n3)cc2C1,CHEMBL2973,1.0,1.0,0.737,5292,False
CC(C)NC(=O)NCCc1nc2cc(S(=O)(=O)NCc3ccc(F)cc3)ccc2n1Cc1ccccc1,CHEMBL1855,1.0,1.0,0.767,1565,False
CC(C)NC(=O)Nc1nnc(CCCCc2nnc(NC(=O)Cc3ccccc3)s2)s1,CHEMBL2146302,1.0,1.0,0.778,1424,False
CC(C)NC(=O)c1cn(CCCCc2nnc(NC(=O)Cc3cccc(OC(F)(F)F)c3)s2)nn1,CHEMBL2146302,1.0,1.0,0.785,1424,False
CC(C)NC(=O)c1n[nH]c2ccc(-c3cncc(CN4CCCC4)c3)cc12,CHEMBL1255129,2.0,2.0,0.981,915,False
CC(C)NC(=O)c1n[nH]c2ccc(-c3cncc(CN4CCCC4)c3)cc12,CHEMBL2292,1.0,1.0,0.981,3800,False
CC(C)NC(=O)c1n[nH]c2ccc(-c3cnn(C4CCNCC4)c3)cc12,CHEMBL2292,2.0,2.0,0.708,3800,False
CC(C)NC(=O)c1n[nH]c2ccc(-c3cnn(C4CCNCC4)c3)cc12,CHEMBL262,1.0,1.0,0.708,5430,False
CC(C)NCCCOc1ccc(-c2ccc(Cl)c(NC(=O)c3coc(N)n3)c2)cn1,CHEMBL5922,1.0,1.0,0.618,41,False
CC(C)Nc1cc(-n2ncc3cc(C#N)c(N)nc32)ncc1C(=O)NCCC1CC1,CHEMBL3778,1.0,1.0,0.809,7453,False
CC(C)Nc1cc(-n2ncc3cc(C#N)cnc32)ncc1-c1cn(-c2cccnc2)cn1,CHEMBL3778,1.0,1.0,0.771,7453,False
CC(C)Nc1cc(-n2ncc3cc(C#N)cnc32)ncc1C(=O)NCC(F)=C1CCOCC1,CHEMBL3778,1.0,1.0,0.757,7453,False
CC(C)Nc1cc(-n2ncc3cc(C#N)cnc32)ncc1C(=O)NCCC1(O)CC1,CHEMBL3778,1.0,1.0,0.952,7453,False
CC(C)Nc1cc(-n2ncc3cc(C#N)cnc32)ncc1C(=O)NCCC1CC1,CHEMBL3778,1.0,1.0,0.894,7453,False
CC(C)Nc1ccc2c(c1)C(c1ccc(Cl)cc1)N(c1ccc(N(C)Cc3ccncc3)cc1)C(=O)C2,CHEMBL5023,1.0,1.0,0.482,4821,False
CC(C)Nc1ccc2c(c1)C(c1ccc(Cl)cc1)N(c1ccc(N(C)Cc3ccncc3)cc1)C(=O)C2,CHEMBL1255126,4.0,2.0,0.482,484,False
CC(C)OC(=O)c1ccc(N2CCN(C)CC2)c(NC(=O)c2ccc(F)c([N+](=O)[O-])c2)c1,CHEMBL1075317,1.0,1.0,0.754,1687,False
CC(C)O[C@@H]1O[C@H](CO)[C@@H](O)[C@H](O)[C@H]1NC(=O)c1ccc(S(N)(=O)=O)cc1,CHEMBL261,2.0,2.0,0.63,7567,False
CC(C)O[C@@H]1O[C@H](CO)[C@@H](O)[C@H](O)[C@H]1NC(=O)c1ccc(S(N)(=O)=O)cc1,CHEMBL205,1.0,1.0,0.63,8715,False
CC(C)O[C@@H]1O[C@H](CO)[C@@H](O)[C@H](O)[C@H]1NC(=O)c1ccc(S(N)(=O)=O)cc1,CHEMBL3594,3.0,3.0,0.63,6139,False
CC(C)Oc1cc(NC(=O)N2CCCc3ccc(C=O)nc32)ncc1C#Cc1cncn1C,CHEMBL3973,1.0,1.0,0.779,2112,False
CC(C)Oc1cc2c(OCC3CCCO3)ccnc2cc1C(N)=O,CHEMBL3778,1.0,1.0,1.0,7453,True
CC(C)Oc1cc2c(OC[C@@]34C[C@@H]3CN(C(=O)CC#N)C4)ccnc2cc1C(N)=O,CHEMBL3778,1.0,1.0,0.778,7453,False
CC(C)Oc1ccc(-c2nnc(-c3cc(Cl)c([C@]4(C)CS(=O)(=O)N(C)C(=N)N4)s3)o2)cc1,CHEMBL4822,2.0,2.0,0.785,9994,False
CC(C)Oc1ccc(-c2nnc(-c3cc(Cl)c([C@]4(C)CS(=O)(=O)N(C)C(=N)N4)s3)o2)cc1,CHEMBL2525,1.0,1.0,0.785,2213,False
CC(C)Oc1ccc([C@H](C)NC(=O)[C@H]2C[C@@H]2c2ccccc2)cn1,CHEMBL2492,2.0,5.0,0.449,1545,False
CC(C)Oc1ccc([C@H](CO)NC(=O)[C@H]2C[C@@H]2c2ccccc2)cn1,CHEMBL2492,1.0,1.0,0.6,1545,False
CC(C)Oc1cccc(Nc2cc(-c3ccc4cc(C#N)cnn34)ncc2C(=O)NC[C@@H](F)C(C)(C)O)c1,CHEMBL1825,1.0,1.0,0.863,1873,False
CC(C)Oc1cccc(Nc2cc(-c3ccc4cc(C#N)cnn34)ncc2C(=O)NC[C@@H](F)C(C)(C)O)c1,CHEMBL3778,2.0,2.0,0.785,7453,False
CC(C)Oc1ccccc1N1CCN(Cc2cc(CO)cs2)CC1,CHEMBL229,1.0,1.0,0.695,1882,False
CC(C)Oc1ccccc1N1CCN(Cc2cc(CO)cs2)CC1,CHEMBL223,2.0,2.0,0.695,1360,False
CC(C)Oc1cncc(-c2cc3c4c(c2)CCN4C(=O)CC3)c1,CHEMBL2722,1.0,1.0,0.66,2212,False
CC(C)Oc1cncc(-c2cc3c4c(c2)CCN4C(=O)CC3)c1,CHEMBL1908,2.0,2.0,0.66,1695,False
CC(C)S(=O)(=O)NCCCCCNc1nc(-c2cccnc2)cs1,CHEMBL4561,1.0,1.0,0.704,1180,False
CC(C)S(=O)(=O)NC[C@H]1CC[C@H](NCCN2CCCc3cc(Cl)ccc32)CC1,CHEMBL4561,1.0,1.0,0.723,1180,False
CC(C)S(=O)(=O)c1cc(C#Cc2cc(Cl)ccc2OCC(=O)O)ccc1C(=O)N1CCOCC1,CHEMBL5071,1.0,1.0,0.696,3272,False
CC(C)S(=O)(=O)c1ccc(CC(=O)Nc2nc(-c3cc(Cl)ccc3Cl)cs2)cc1,CHEMBL1741186,1.0,1.0,0.561,10748,False
CC(C)S(=O)(=O)c1ccc(Nc2nn(C3(CC#N)CCC(N4CCC(F)(F)CC4)CC3)cc2C(N)=O)cc1,CHEMBL2835,1.0,1.0,0.727,10399,False
CC(C)S(=O)(=O)c1ccc(Nc2nn(C3(CC#N)CCC(N4CCC(F)(F)CC4)CC3)cc2C(N)=O)cc1,CHEMBL2971,2.0,2.0,0.727,12637,False
CC(C)S(=O)(=O)c1ccc2cc1Nc1nc(ncc1Cl)Nc1ccc(N3CCN(C)CC3)c(c1)CC2,CHEMBL4247,1.0,1.0,0.513,2510,False
CC(C)Sc1nc(-c2ccc(F)cc2)c(-c2ccnc(NC3CCCCC3)c2)[nH]1,CHEMBL260,1.0,1.0,0.737,5079,False
CC(C)[C@@H](CO)NC(=O)c1ccc2c(-c3cccc(C4CC4)c3)nn(-c3ccc(F)cn3)c2c1,CHEMBL5853,1.0,1.0,0.654,1031,False
CC(C)[C@@H](N)C(=O)N1CCC[C@@H](n2nc(-c3ccc(Oc4ccccc4)cc3)c3c(N)ncnc32)C1,CHEMBL5251,1.0,1.0,0.792,9782,False
CC(C)[C@@H](NC(=O)c1ccccn1)C(=O)N1CC[C@](O)(c2ccc(Cl)cc2)C(C)(C)C1,CHEMBL2413,1.0,1.0,0.767,794,False
CC(C)[C@@H](Nc1nc2cc[nH]c(=O)c2c2cnccc12)C(F)(F)F,CHEMBL2971,1.0,1.0,0.774,12637,False
CC(C)[C@@H](Nc1nc2cc[nH]c(=O)c2c2cnccc12)C(F)(F)F,CHEMBL240,2.0,2.0,0.722,10985,False
CC(C)[C@@H]1NC(=O)[C@@H](NC(=O)[C@H](Cc2ccc(O)cc2)NC(=O)[C@@H](N)Cc2cnc[nH]2)CSSC[C@@H](C(N)=O)NC(=O)[C@H](CO)NC(=O)[C@H](Cc2c[nH]c3ccccc23)NC(=O)[C@H](CO)NC(=O)CCNC(=O)[C@H](CCCNC(=N)N)NC(=O)[C@H](Cc2ccc(O)cc2)NC1=O,CHEMBL3988,1.0,1.0,0.841,140,False
CC(C)[C@H](C[C@H](O)[C@@H](N)CN1CC(=O)N(c2cc(F)ccc2Cl)CC1(C)C)C(=O)N[C@H]1C2CC3CC1C[C@](O)(C3)C2,CHEMBL286,1.0,1.0,0.726,2967,False
CC(C)[C@H](C[C@H](O)[C@@H](N)CN1CC(=O)N(c2ccccc2Cl)CC1(C)C)C(=O)N[C@H]1C2CC3CC1C[C@](O)(C3)C2,CHEMBL286,1.0,1.0,0.744,2967,False
CC(C)[C@H](C[C@H](O)[C@@H](N)CN1CC(=O)N(c2ccccc2Cl)CC1(C)C)C(=O)Nc1ccncc1,CHEMBL286,1.0,1.0,0.881,2967,False
CC(C)[C@H](NC(=O)[C@@H](NC(=O)[C@@H]1CSCCCCCC(=O)N[C@@H](CCN)C(=O)N1)[C@@H](C)O)C(=O)N[C@H](C(=O)NCCCCc1ccccc1)[C@@H](C)O,CHEMBL4239,1.0,1.0,0.922,13,False
CC(C)[C@H](NC(=O)[C@@H](NC(=O)[C@H](Cc1cccc(Cl)c1)NC(=O)C1CCN(C)C1)c1ccccc1)C(=O)C(F)(F)F,CHEMBL4523419,1.0,1.0,1.0,937,True
CC(C)[C@H](NC(=O)[C@@H]1CCCN1C(=O)[C@H](COP(=O)(O)O)NC(=O)CCCCc1ccccc1)C(=O)N[C@@H](Cc1ccccc1)C(=O)O,CHEMBL5990,1.0,1.0,0.958,31,False
CC(C)[C@H](NC(=O)c1ncc(-c2ccc(Nc3nc4ccc(F)cc4s3)cc2)s1)C(=O)O,CHEMBL6009,1.0,1.0,0.77,1340,False
CC(C)[C@H](N[C@@H](c1ccc(-c2ccc(C3(C(N)=O)CC3)cc2)cc1)C(F)(F)F)C(=O)N[C@H](C#N)Cc1ccc(C#N)cc1F,CHEMBL4072,1.0,1.0,0.73,1368,False
CC(C)[C@H](N[C@@H](c1ccc(-c2ccc(C3(C(N)=O)CC3)cc2)cc1)C(F)(F)F)C(=O)N[C@H](C#N)Cc1ccc(C#N)cc1F,CHEMBL2517,6.0,6.0,0.73,35,False
CC(C)[C@H](N[C@@H](c1ccc(-c2ccc(C3(C(N)=O)CC3)cc2)cc1)C(F)(F)F)C(=O)N[C@H](C#N)Cc1ccc(C#N)cc1F,CHEMBL3837,2.0,2.0,0.73,2086,False
CC(C)[C@H](N[C@@H](c1ccc(-c2ccc(C3(C(N)=O)CC3)cc2)cc1)C(F)(F)F)C(=O)N[C@H](C#N)Cc1ccc(C#N)cc1F,CHEMBL2954,4.0,4.0,0.73,2538,False
CC(C)[C@H](N[C@@H](c1ccc(-c2ccc(C3(C(N)=O)CC3)cc2)cc1)C(F)(F)F)C(=O)N[C@H](C#N)Cc1ccc(C#N)cc1F,CHEMBL268,3.0,3.0,0.73,2225,False
CC(C)[C@H](N[C@@H](c1ccc(-c2ccc(C3(C(N)=O)CC3)cc2)cc1)C(F)(F)F)C(=O)N[C@H](C#N)Cc1ccc(C#N)cc1F,CHEMBL3272,5.0,5.0,0.73,150,False
CC(C)[C@H]1CC[C@@H](N2CCC(n3c(CNC(=O)c4cnco4)cc4ccccc43)CC2)CC1,CHEMBL2014,1.0,1.0,0.729,2731,False
CC(C)[C@H]1CC[C@@H](N2CCC(n3c(CNC(=O)c4cnco4)cc4ccccc43)CC2)CC1,CHEMBL233,3.0,3.0,0.729,7306,False
CC(C)[C@H]1CC[C@@H](N2CCC(n3c(CNC(=O)c4cnco4)cc4ccccc43)CC2)CC1,CHEMBL237,2.0,2.0,0.729,6265,False
CC(C)[C@H]1CC[C@@H](N2CCC(n3c(CNC(=O)c4cnco4)cc4ccccc43)CC2)CC1,CHEMBL236,4.0,4.0,0.729,4835,False
CC(C)[C@H]1CC[C@@H](OC[C@H]2[C@@H](NS(C)(=O)=O)CCCN2C(=O)N2CCCC2)CC1,CHEMBL4792,1.0,1.0,0.788,7613,False
CC(C)[S+]([O-])c1nc(-c2ccc(F)cc2)c(-c2ccnc(NC3CCCCC3)c2)[nH]1,CHEMBL260,1.0,1.0,0.746,5079,False
CC(C)[S+]([O-])c1sc2nc(-c3nccs3)cc(-c3nccn3C)c2c1N,CHEMBL1293255,1.0,1.0,0.714,503,False
CC(C)[S@+]([O-])c1nc(-c2ccc(F)cc2)c(-c2ccnc(NC3CCCCC3)c2)[nH]1,CHEMBL260,1.0,1.0,0.746,5079,False
CC(C)[S@@+]([O-])c1nc(-c2ccc(F)cc2)c(-c2ccnc(NC3CCCCC3)c2)[nH]1,CHEMBL260,1.0,1.0,0.746,5079,False
CC(C)c1c(-c2cc(CO)c3ncnn3c2)[nH]c2ccc(N3CCC(NCC4(C)COC4)CC3)nc12,CHEMBL5936,1.0,1.0,0.762,5391,False
CC(C)c1c(-c2cc(CO)c3ncnn3c2)[nH]c2ccc(N3CCC(NCC4(C)COC4)CC3)nc12,CHEMBL5805,2.0,2.0,0.762,4084,False
CC(C)c1c(-c2cc(CO)c3ncnn3c2)[nH]c2ccc(N3CCC(NCC4(C)COC4)CC3)nc12,CHEMBL5804,3.0,3.0,0.762,3644,False
CC(C)c1c(-c2ccc(=O)n(C)c2)[nH]c2ccc(C3CCNCC3)nc12,CHEMBL5936,2.0,2.0,0.649,5391,False
CC(C)c1c(-c2ccc(=O)n(C)c2)[nH]c2ccc(C3CCNCC3)nc12,CHEMBL5805,1.0,1.0,0.649,4084,False
CC(C)c1c(-c2ccc(=O)n(C)c2)[nH]c2ccc(C3CCNCC3)nc12,CHEMBL5804,3.0,3.0,0.649,3644,False
CC(C)c1c(COC(=O)C(C)c2cccc(C(=O)c3ccccc3)c2)n(C)n(-c2ccccc2)c1=O,CHEMBL230,1.0,1.0,0.661,4379,False
CC(C)c1c(NC(=O)Nc2ccc(C(F)(F)F)cc2)c(=O)n(-c2cnc3ccccc3c2)n1C,CHEMBL4227,1.0,1.0,0.688,2172,False
CC(C)c1c(NC(=O)Nc2ccc(Cl)cc2)c(=O)n(-c2cnc3ccccc3c2)n1C,CHEMBL4227,1.0,1.0,0.707,2172,False
CC(C)c1cc(-c2nn[nH]c2-c2ccc3c(c2)OCCO3)c(O)cc1O,CHEMBL3880,1.0,1.0,0.64,1708,False
CC(C)c1cc(-c2nnn(CC(=O)O)c2-c2ccc3c(c2)OCCO3)c(O)cc1O,CHEMBL3880,1.0,1.0,0.661,1708,False
CC(C)c1cc(-c2nnn(CC(N)=O)c2-c2ccc3c(c2)OCCO3)c(O)cc1O,CHEMBL3880,1.0,1.0,0.667,1708,False
CC(C)c1cc(C(=O)N2CC[C@H](NC(=O)c3ccccc3)C2)[nH]n1.S,CHEMBL2424504,1.0,1.0,0.98,643,False
CC(C)c1cc(C(=O)N2Cc3ccccc3C2)c(O)c2c1CCC2=O,CHEMBL4303,1.0,1.0,0.686,676,False
CC(C)c1cc(C(=O)N2Cc3ccccc3C2)c(O)c2c1CCC2=O,CHEMBL3880,3.0,3.0,0.604,1708,False
CC(C)c1cc(C(=O)Nc2ccc(Cl)cc2)no1,CHEMBL1293232,2.0,1.0,0.619,38,False
CC(C)c1cc(C(=O)Nc2ccc(F)c(Cl)c2)no1,CHEMBL1293232,1.0,1.0,0.767,38,False
CC(C)c1cc(C(=O)Nc2ccc(F)cc2)no1,CHEMBL1293232,2.0,1.0,0.605,38,False
CC(C)c1cc(C(=O)Nc2cccc(Cl)c2)no1,CHEMBL1293232,2.0,1.0,0.651,38,False
CC(C)c1cc(C(=O)Nc2cccc(F)c2)no1,CHEMBL1293232,3.0,1.0,0.636,38,False
CC(C)c1cc(C(=O)Nc2ccccc2)no1,CHEMBL1293232,2.0,1.0,0.718,38,False
CC(C)c1cc(C(=O)Nc2ccccc2Cl)no1,CHEMBL1293232,3.0,1.0,0.614,38,False
CC(C)c1cc(C(=O)Nc2ccccc2F)no1,CHEMBL1293232,2.0,1.0,0.614,38,False
CC(C)c1ccc(-c2ncccc2N2CCN(S(=O)(=O)c3cccc(-c4cnc(N)nc4)c3)CC2)cc1,CHEMBL3267,2.0,2.0,0.803,3907,False
CC(C)c1ccc(-c2ncccc2N2CCN(S(=O)(=O)c3cccc(-c4cnc(N)nc4)c3)CC2)cc1,CHEMBL4005,1.0,1.0,0.803,7718,False
CC(C)c1ccc(-c2ncccc2N2CCN(S(=O)(=O)c3cccc(-c4cnc(N)nc4)c3)CC2)cc1,CHEMBL3145,4.0,4.0,0.618,2776,False
CC(C)c1ccc(-c2ncccc2N2CCN(S(=O)(=O)c3cccc(-c4cnc(N)nc4)c3)CC2)cc1,CHEMBL3130,3.0,3.0,0.803,7171,False
CC(C)c1ccc(-c2nnc(-c3cc(Cl)c([C@]4(C)CS(=O)(=O)N(C)C(=N)N4)s3)o2)cc1,CHEMBL4822,1.0,1.0,0.81,9994,False
CC(C)c1ccc(-c2nnc(-c3cc(Cl)c([C@]4(C)CS(=O)(=O)N(C)C(=N)N4)s3)o2)cc1,CHEMBL2525,2.0,2.0,0.81,2213,False
CC(C)c1ccc(C(=O)N2CCCCC2)c(NS(=O)(=O)c2cccc3nsnc23)c1,CHEMBL298,1.0,1.0,0.758,1500,False
CC(C)c1ccc(Nc2nccc(-c3cnn4ncccc34)n2)cc1,CHEMBL262,3.0,3.0,0.667,5430,False
CC(C)c1ccc(Nc2nccc(-c3cnn4ncccc34)n2)cc1,CHEMBL301,4.0,4.0,0.667,2596,False
CC(C)c1ccc(Nc2nccc(-c3cnn4ncccc34)n2)cc1,CHEMBL331,2.0,2.0,0.667,1424,False
CC(C)c1ccc2c(c1)CC[C@H]1[C@](C)(CNC(=O)Nc3ccc(Cl)cc3)CCC[C@]21C,CHEMBL1075138,1.0,1.0,0.773,335,False
CC(C)c1ccc2c(c1)CC[C@H]1[C@](C)(CNC(=O)Nc3ccccc3)CCC[C@]21C,CHEMBL1075138,1.0,1.0,0.82,335,False
CC(C)c1ccccc1-c1ncc2c(n1)n(Cc1ccc(OC3CCC3)cc1)c(=O)n2C,CHEMBL1795087,1.0,1.0,0.862,546,False
CC(C)c1cnn2c(NCc3ccc(NC(=O)C4CCOCC4)cc3)nc(NC3CCOCC3)nc12,CHEMBL3116,1.0,1.0,0.87,1776,False
CC(C)c1cnn2c(NCc3ccc(NC(=O)C4CCOCC4)cc3)nc(NC3CCOCC3)nc12,CHEMBL301,2.0,2.0,0.87,2596,False
CC(C)c1nc(CN(C)C(=O)N[C@H](C(=O)N[C@@H](Cc2ccccc2)[C@H](Cc2ccccc2)NC(=O)OCc2cncs2)C(C)C)cs1,CHEMBL289,2.0,2.0,0.846,3036,False
CC(C)c1nc(CN(C)C(=O)N[C@H](C(=O)N[C@@H](Cc2ccccc2)[C@H](Cc2ccccc2)NC(=O)OCc2cncs2)C(C)C)cs1,CHEMBL3622,16.0,15.0,0.846,1617,False
CC(C)c1nc(CN(C)C(=O)N[C@H](C(=O)N[C@@H](Cc2ccccc2)[C@H](Cc2ccccc2)NC(=O)OCc2cncs2)C(C)C)cs1,CHEMBL3356,9.0,27.0,0.84,1600,False
CC(C)c1nc(CN(C)C(=O)N[C@H](C(=O)N[C@@H](Cc2ccccc2)[C@H](Cc2ccccc2)NC(=O)OCc2cncs2)C(C)C)cs1,CHEMBL340,8.0,8.0,0.846,5556,False
CC(C)c1nc2c(c3c1[C@@H](c1ccc(C(F)(F)F)cc1)OC3(C)C)[C@@H](O)CC(C)(C)C2,CHEMBL3572,1.0,1.0,0.793,1272,False
CC(C)c1nc2cc(S(=O)(=O)NCc3ccc(F)cc3)ccc2n1Cc1ccccc1,CHEMBL1855,1.0,1.0,0.705,1565,False
CC(C)c1nnn(C[C@@]23CNCC[C@]2(c2ccc(Cl)c(Cl)c2)C3)n1,CHEMBL222,1.0,1.0,0.672,3692,False
CC(C)c1nnn(C[C@@]23CNCC[C@]2(c2ccc(Cl)c(Cl)c2)C3)n1,CHEMBL238,3.0,3.0,0.672,3420,False
CC(C)c1nnn(C[C@@]23CNCC[C@]2(c2ccc(Cl)c(Cl)c2)C3)n1,CHEMBL228,2.0,2.0,0.672,5328,False
CC(C)c1noc(N2CCC(COc3ccc(C4=CCC(C(=O)N5CCC5)CC4)cc3)CC2)n1,CHEMBL5652,1.0,1.0,0.967,1661,False
CC(C)c1onc(-c2c(Cl)cccc2Cl)c1COc1ccc(-c2nc3ccc(C(=O)O)cc3n2C2CCC2)cc1,CHEMBL2047,2.0,2.0,0.972,3259,False
CC(C)c1onc(-c2c(Cl)cccc2Cl)c1COc1ccc(-c2nc3ccc(C(=O)O)cc3n2C2CCC2)cc1,CHEMBL1977,1.0,1.0,0.972,513,False
CC(C)c1onc(COc2c(Cl)cc(Cl)cc2Cl)c1COc1ccc(/C=C/c2cccc(C(=O)O)c2)c(Cl)c1,CHEMBL2047,1.0,1.0,0.838,3259,False
CC(C)c1onc(COc2c(Cl)cc(F)cc2Cl)c1COc1ccc(/C=C/c2cccc(C(=O)O)c2)c(Cl)c1,CHEMBL2047,1.0,1.0,0.814,3259,False
CC(C)c1onc(COc2c(Cl)cccc2Cl)c1COc1ccc(/C=C/c2cccc(C(=O)O)c2)c(Cl)c1,CHEMBL2047,1.0,1.0,0.864,3259,False
CC(C)c1onc(COc2c(F)cc(F)cc2F)c1COc1ccc(/C=C/c2cccc(C(=O)O)c2)c(Cl)c1,CHEMBL2047,1.0,1.0,0.803,3259,False
CC(C)c1onc(COc2c(F)cccc2Cl)c1COc1ccc(/C=C/c2cccc(C(=O)O)c2)c(Cl)c1,CHEMBL2047,1.0,1.0,0.803,3259,False
CC(C)c1onc(COc2c(F)cccc2F)c1COc1ccc(/C=C/c2cccc(C(=O)O)c2)c(Cl)c1,CHEMBL2047,1.0,1.0,0.826,3259,False
CC(C)c1onc(COc2cc(Cl)cc(Cl)c2)c1COc1ccc(/C=C/c2cccc(C(=O)O)c2)c(Cl)c1,CHEMBL2047,1.0,1.0,0.864,3259,False
CC(C)c1onc(COc2cc(Cl)ccc2Cl)c1COc1ccc(/C=C/c2cccc(C(=O)O)c2)c(Cl)c1,CHEMBL2047,1.0,1.0,0.814,3259,False
CC(C)c1onc(COc2ccc(Cl)c(Cl)c2)c1COc1ccc(/C=C/c2cccc(C(=O)O)c2)c(Cl)c1,CHEMBL2047,1.0,1.0,0.891,3259,False
CC(C)c1onc(COc2ccc(Cl)cc2)c1COc1ccc(/C=C/c2cccc(C(=O)O)c2)c(Cl)c1,CHEMBL2047,1.0,1.0,0.877,3259,False
CC(C)c1onc(COc2ccc(Cl)cc2Cl)c1COc1ccc(/C=C/c2cccc(C(=O)O)c2)c(Cl)c1,CHEMBL2047,1.0,1.0,0.814,3259,False
CC(C)c1onc(COc2cccc(Cl)c2)c1COc1ccc(/C=C/c2cccc(C(=O)O)c2)c(Cl)c1,CHEMBL2047,1.0,1.0,0.864,3259,False
CC(C)c1onc(COc2cccc(Cl)c2Cl)c1COc1ccc(/C=C/c2cccc(C(=O)O)c2)c(Cl)c1,CHEMBL2047,1.0,1.0,0.826,3259,False
CC(C)c1onc(COc2ccccc2)c1COc1ccc(/C=C/c2cccc(C(=O)O)c2)c(Cl)c1,CHEMBL2047,1.0,1.0,0.921,3259,False
CC(C)c1onc(COc2ccccc2Cl)c1COc1ccc(/C=C/c2cccc(C(=O)O)c2)c(Cl)c1,CHEMBL2047,1.0,1.0,0.866,3259,False
CC(C)n1cc(C(=O)c2cncc(NC(=O)Cc3ccc(C#N)cn3)c2)c2cnc(N)nc21,CHEMBL2815,1.0,1.0,0.831,4872,False
CC(C)n1cc(C(=O)c2cncc(NC(=O)Cc3ccc(C#N)cn3)c2)c2cncnc21,CHEMBL2815,2.0,2.0,0.833,4872,False
CC(C)n1cc(C(=O)c2cncc(NC(=O)Cc3ccc(Cl)cn3)c2)c2cnc(N)nc21,CHEMBL2815,1.0,1.0,0.824,4872,False
CC(C)n1cc(C(=O)c2cncc(NC(=O)Cc3ccc(Cl)cn3)c2)c2cncnc21,CHEMBL2815,3.0,3.0,0.812,4872,False
CC(C)n1cc(C(=O)c2cncc(NC(=O)Cc3ccc(F)cn3)c2)c2cnc(N)nc21,CHEMBL2815,1.0,1.0,0.722,4872,False
CC(C)n1cc(C(=O)c2cncc(NC(=O)Cc3ccccn3)c2)c2cncnc21,CHEMBL2815,1.0,1.0,0.81,4872,False
CC(C)n1cc(C(Cc2ccc(F)cc2)n2ccnc2)c2cc(Br)ccc21,CHEMBL1978,1.0,1.0,0.54,2984,False
CC(C)n1cnnc1-c1cccc(N2CCN(CCn3cnc(C4CC4)c3)C2=O)n1,CHEMBL5285,1.0,1.0,0.71,1282,False
CC(C)n1cnnc1-c1cccc(N2CCN([C@H](C)Cn3cnc(C4CC4)c3)C2=O)n1,CHEMBL5285,1.0,1.0,0.587,1282,False
CC(C)n1cnnc1-c1cccc(N2Cc3ccc(OC[C@@H]4CN(C)CCO4)cc3C2=O)n1,CHEMBL5285,1.0,1.0,0.68,1282,False
CC(C)n1nc(-c2cc(-c3cccs3)on2)c(C(N)=O)c1N,CHEMBL2041,1.0,1.0,0.722,4396,False
CC(C)n1nc(-c2ccc3oc(N)nc3c2)c2c(=O)[nH]c(N(C)C)nc21,CHEMBL2842,2.0,2.0,0.65,4921,False
CC(C)n1nc(-c2ccc3oc(N)nc3c2)c2c(=O)[nH]c(N)nc21,CHEMBL4005,2.0,2.0,0.684,7718,False
CC(C)n1nc(-c2ccc3oc(N)nc3c2)c2c(=O)[nH]c(N)nc21,CHEMBL2842,1.0,1.0,0.684,4921,False
CC(C)n1nc(-c2ccc3oc(N)nc3c2)c2c(=O)[nH]cnc21,CHEMBL2842,1.0,1.0,0.709,4921,False
CC(C)n1nc(C(F)(F)F)cc1-c1c(F)cc(O)c2c1C(C)(C)CN2c1ccccc1NC(=O)Nc1nc2ccc(Cl)cc2s1,CHEMBL4315,1.0,1.0,0.798,834,False
CC(C)n1nc(C(F)(F)F)cc1-c1c(F)cc(O)c2c1C(C)(C)CN2c1ccccc1NC(=O)Nc1nc2ccc(F)cc2s1,CHEMBL4315,1.0,1.0,0.793,834,False
CC(C)n1ncc2cc(C(c3ccccc3)C(C)(C)C(=O)Nc3nncs3)ccc21,CHEMBL2034,1.0,1.0,0.778,3039,False
CC(C)n1nccc1-c1ccnc(N[C@@H](C)c2cc3cc(Cl)ccc3[nH]c2=O)c1,CHEMBL2007625,1.0,1.0,0.719,4299,False
CC(C)n1ncnc1-c1cn2c(n1)-c1ccc(N3CCCC[C@H]3C(N)=O)cc1OCC2,CHEMBL4005,2.0,2.0,0.953,7718,False
CC(C)n1nnc(-c2cccc(Nc3ncnn4ccc(CN5CC(C#N)C5)c34)c2)n1,CHEMBL3830,1.0,1.0,0.861,1017,False
CC(C)n1nnnc1-c1cccc(NC(=O)c2cc3c(cc2F)CCN(c2ccccc2)C3)n1,CHEMBL5285,1.0,1.0,0.753,1282,False
CC(C)n1nnnc1-c1cccc(NC(=O)c2cc3c(cn2)CCN(C(=O)N(C)C2CCCC2)C3)n1,CHEMBL5285,1.0,1.0,0.822,1282,False
CC(CC(C)(C)C)N1CCC(CNC(=O)c2cc(Cl)cc(Cl)c2)CC1,CHEMBL5558,2.0,1.0,0.596,251,False
CC(CC(C)(C)C)N1CCC(CNC(=O)c2cc(Cl)cc(Cl)c2)CC1,CHEMBL240,1.0,2.0,0.554,10985,False
CC(CCCCC(C)C(=O)Oc1ccc2c(c1)[C@@]13CCCC[C@H]1[C@@H](C2)N(CC1CCC1)CC3)C(=O)Oc1ccc2c(c1)[C@@]13CCCC[C@H]1[C@@H](C2)N(CC1CCC1)CC3,CHEMBL233,2.0,2.0,0.984,7306,False
CC(CCCCC(C)C(=O)Oc1ccc2c(c1)[C@@]13CCCC[C@H]1[C@@H](C2)N(CC1CCC1)CC3)C(=O)Oc1ccc2c(c1)[C@@]13CCCC[C@H]1[C@@H](C2)N(CC1CCC1)CC3,CHEMBL236,3.0,3.0,0.984,4835,False
CC(CCCCC(C)C(=O)Oc1ccc2c(c1)[C@@]13CCCC[C@H]1[C@@H](C2)N(CC1CCC1)CC3)C(=O)Oc1ccc2c(c1)[C@@]13CCCC[C@H]1[C@@H](C2)N(CC1CCC1)CC3,CHEMBL237,1.0,1.0,0.984,6265,False
CC(CNCC1CC1)Oc1cccc2ccc(N)nc12,CHEMBL344,1.0,1.0,0.913,3656,False
CC(CO)(CO)C(=O)Nc1nnc(CCCCc2nnc(NC(=O)Cc3cccc(F)c3)s2)s1,CHEMBL2146302,1.0,1.0,0.788,1424,False
CC(CO)(CO)n1cc(C(=O)c2cncc(NC(=O)Cc3ccc(Cl)cn3)c2)c2cncnc21,CHEMBL2815,1.0,1.0,0.824,4872,False
CC(Cc1ccc(C#Cc2ccc(OC3CCCC3)cc2)cc1)NC(=O)C1CC1,CHEMBL4829,1.0,1.0,0.957,4003,False
CC(N)B1OC(C)(C)C(C)(C)O1,CHEMBL3965,2.0,2.0,0.406,62,False
CC(N)B1OC(C)(C)C(C)(C)O1,CHEMBL1907,1.0,1.0,0.406,441,False
CC(NC(=O)C(C)(C)Oc1cc(F)cc(F)c1)C(Cc1ccc(Cl)cc1)c1ccccc1,CHEMBL218,2.0,2.0,1.0,5877,True
CC(NC(=O)C(C)(C)Oc1ccc(Cl)cc1)C(Cc1ccc(Cl)cc1)c1ccc(Cl)cc1,CHEMBL218,2.0,2.0,1.0,5877,True
CC(NC(=O)C(C)(C)Oc1ccc(Cl)cc1)C(Cc1ccc(Cl)cc1)c1ccc(Cl)cc1,CHEMBL253,1.0,1.0,1.0,7881,True
CC(NC(=O)C(C)(C)Oc1ccc(Cl)cc1)C(Cc1ccc(Cl)cc1)c1ccccc1,CHEMBL218,1.0,1.0,1.0,5877,True
CC(NC(=O)C(C)(C)Oc1ccc(Cl)cc1)C(Cc1ccc(Cl)cc1)c1ccccc1,CHEMBL253,2.0,2.0,1.0,7881,True
CC(NC(=O)C(C)(C)Oc1cccc(Cl)c1)C(Cc1ccc(Cl)cc1)c1ccccc1,CHEMBL218,1.0,1.0,1.0,5877,True
CC(NC(=O)c1cc(=O)[nH]c(-c2ccccc2)n1)c1ccc2c(c1)OCCO2,CHEMBL2652,1.0,1.0,0.722,2674,False
CC(NC(=O)c1ccc(-c2cccc(C(F)(F)F)c2)c2c1CN(C(=O)NC(C)(C)C)CC2)c1nnc[nH]1,CHEMBL5853,1.0,1.0,0.756,1031,False
CC(NC(=O)c1ccc(NC(=O)N2Cc3ccccc3C2)cc1)c1nccs1,CHEMBL1744525,1.0,1.0,0.839,4583,False
CC(NC(=S)Nc1ccc(C23CC4CC(CC(C4)C2)C3)cc1)C12CC3CC(CC(C3)C1)C2,CHEMBL2409,1.0,1.0,0.744,2764,False
CC(Nc1nc(Nc2cn(C)cn2)c2cn[nH]c2n1)c1ncc(F)cn1,CHEMBL2148,10.0,10.0,0.737,7416,False
CC(Nc1nc(Nc2cn(C)cn2)c2cn[nH]c2n1)c1ncc(F)cn1,CHEMBL2971,8.0,8.0,0.737,12637,False
CC(Nc1nc(Nc2cn(C)cn2)c2cn[nH]c2n1)c1ncc(F)cn1,CHEMBL2835,17.0,17.0,0.695,10399,False
CC(Nc1nccc(-n2cnc3ccccc32)n1)C1CN(C(=O)Nc2cccc3ccccc23)CCN1C,CHEMBL258,1.0,1.0,1.0,2369,True
CC(Nc1nccc(-n2cnc3ccccc32)n1)C1CN(C(=O)Nc2cccc3ccccc23)CCN1S(C)(=O)=O,CHEMBL258,1.0,1.0,0.859,2369,False
CC(Nc1nccc(N2C(=O)OC[C@@H]2C(C)C)n1)c1cccc(-n2cccc2)c1,CHEMBL2007625,1.0,1.0,0.817,4299,False
CC(O)(c1cc(F)c2c(c1)C(=O)N(Cc1ccc(C#N)cn1)[C@@]2(OCC1(CO)CC1)c1ccc(Cl)cc1)C(F)(F)F,CHEMBL5023,1.0,1.0,0.854,4821,False
CC(O)(c1ccc(-c2nc([C@@H]3CC[C@H]4CCC(=O)N4C3)n3ccnc(N)c23)cc1)c1ccccn1,CHEMBL5251,1.0,1.0,0.866,9782,False
CC(O)C(=O)N(CC#N)CCN1CCC(c2noc3cc(F)ccc23)CC1,CHEMBL224,4.0,4.0,0.788,6081,False
CC(O)C(=O)N(CC#N)CCN1CCC(c2noc3cc(F)ccc23)CC1,CHEMBL3155,3.0,3.0,0.788,3175,False
CC(O)C(=O)N(CCN1CCC(c2noc3cc(F)ccc23)CC1)C(C)C,CHEMBL224,4.0,4.0,0.766,6081,False
CC(O)C(=O)N(CCN1CCC(c2noc3cc(F)ccc23)CC1)C(C)C,CHEMBL3155,3.0,3.0,0.766,3175,False
CC(O)C(=O)N(CCN1CCC(c2noc3cc(F)ccc23)CC1)C(C)C,CHEMBL217,2.0,2.0,0.766,9217,False
CC(O)C(=O)N(CCN1CCC(c2noc3cc(F)ccc23)CC1)C(C)C,CHEMBL240,1.0,1.0,0.766,10985,False
CC(O)C(=O)N1CCC[C@@H](n2nc(-c3ccc(Oc4ccccc4)cc3)c3c(N)ncnc32)C1,CHEMBL5251,1.0,1.0,0.789,9782,False
CC(O)C(CCC(=O)NCCOCCOCCNS(=O)(=O)c1cccc([C@@H]2CN(C)Cc3c(Cl)cc(Cl)cc32)c1)(CCC(=O)NCCOCCOCCNS(=O)(=O)c1cccc([C@@H]2CN(C)Cc3c(Cl)cc(Cl)cc32)c1)CCC(=O)NCCOCCOCCNS(=O)(=O)c1cccc([C@@H]2CN(C)Cc3c(Cl)cc(Cl)cc32)c1,CHEMBL3273,1.0,1.0,0.846,350,False
CC(O)C1(CO[C@]2(c3ccc(Cl)cc3)c3c(F)cc(C(C)(C)O)cc3C(=O)N2Cc2ccc(C#N)cn2)CC1,CHEMBL5023,1.0,1.0,0.769,4821,False
CC(O)[C@@H](N)C(=O)N1CCC[C@@H](n2nc(-c3ccc(Oc4ccccc4)cc3)c3c(N)ncnc32)C1,CHEMBL5251,1.0,1.0,0.792,9782,False
CC(O)c1nnc(N2CCN(C(C)c3ccc4nccnc4c3)CC2)s1,CHEMBL5921,1.0,1.0,0.636,707,False
CC(Oc1cc(-c2nc(-c3cc(CN(C)C)cs3)cnc2N)ccc1C(N)=O)c1ccccc1C(F)(F)F,CHEMBL3835,4.0,2.0,0.816,438,False
CC(Oc1cc(-c2nc(-c3ccc(CN(C)C)s3)cnc2N)ccc1C(N)=O)c1ccccc1C(F)(F)F,CHEMBL3835,2.0,2.0,0.8,438,False
CC(Oc1cc(/C=C2\SC(=O)N(C)C2=O)c(Br)c(F)c1O)c1cncnc1N,CHEMBL4105728,1.0,1.0,0.658,256,False
CC(Oc1cc(/C=C2\SC(=O)N(C)C2=O)c(Br)cc1O)c1cnc(NCCO)nc1,CHEMBL4105728,1.0,1.0,0.68,256,False
CC(Oc1cc(/C=C2\SC(=O)N(C)C2=O)c(Br)cc1O)c1cncnc1,CHEMBL4105728,1.0,1.0,0.6,256,False
CC(Oc1cc(/C=C2\SC(=O)N(C)C2=O)c(Br)cc1O)c1cncnc1N,CHEMBL4105728,1.0,1.0,0.594,256,False
CC(Oc1ccc2c(c1)OCCn1cc(-c3ncnn3C(C)C)nc1-2)C1CCN(C(C)C)CC1,CHEMBL3130,3.0,3.0,0.725,7171,False
CC(c1cc2c3c(c1)CCN3C(=O)CC2)(n1ccnc1)n1ccnc1,CHEMBL2722,2.0,2.0,0.596,2212,False
CC(c1cc2c3c(c1)CCN3C(=O)CC2)(n1ccnc1)n1ccnc1,CHEMBL1908,1.0,1.0,0.596,1695,False
CC(c1ccc(C#N)cc1)n1nc(C#N)c2c(=O)[nH]c(C3CCC3c3ncccn3)nc21,CHEMBL3535,1.0,1.0,0.855,797,False
CC(c1ccc(C(F)(F)F)cc1)n1nc(C#N)c2c(=O)[nH]c(C3CCC3c3ncccn3)nc21,CHEMBL3535,1.0,1.0,0.831,797,False
CC(c1ccc(Cl)c(Cl)c1)C1CCNCC1,CHEMBL238,3.0,3.0,0.447,3420,False
CC(c1ccc(Cl)c(Cl)c1)C1CCNCC1,CHEMBL222,1.0,1.0,0.488,3692,False
CC(c1ccc(Cl)c(Cl)c1)C1CCNCC1,CHEMBL228,2.0,2.0,0.488,5328,False
CC(c1ccc(F)c(F)c1)n1nc(C#N)c2c(=O)[nH]c(C3CCC3c3ncccn3)nc21,CHEMBL3535,1.0,1.0,0.831,797,False
CC(c1ccc2c(c1)OCC2)N1CCC(OCc2cccnc2)CC1,CHEMBL5921,1.0,1.0,0.721,707,False
CC(c1ccc2nccnc2c1)N1CCN(c2nnc(C(=O)N(C)C)s2)CC1,CHEMBL5921,1.0,1.0,0.613,707,False
CC(c1ccc2nccnc2c1)N1CCN(c2nnc(CN(C)C)s2)CC1,CHEMBL5921,1.0,1.0,0.576,707,False
CC(c1ccc2nccnc2c1)N1CCN(c2nnc(CN)s2)CC1,CHEMBL5921,1.0,1.0,0.621,707,False
CC(c1ccc2nccnc2c1)N1CCN(c2nnc(CO)s2)CC1,CHEMBL5921,1.0,1.0,0.618,707,False
CC(c1cccc(C(F)(F)F)c1)n1nc(C#N)c2c(=O)[nH]c(C3CCC3c3ncccn3)nc21,CHEMBL3535,1.0,1.0,0.761,797,False
CC(c1ccccc1)n1cc(-c2cn(C)c(=O)cc2N2CCOCC2)cn1,CHEMBL1163125,1.0,1.0,0.83,9315,False
CC(c1ccnc(Nc2nc3ccc(-c4cc(N5CCCC5)ncn4)cc3[nH]2)c1)N1CCN(C(=O)C(C)(C)O)CC1,CHEMBL5408,1.0,1.0,0.823,2312,False
CC(c1ccnc(Nc2nc3ccc(-c4cc(N5CCCC5)ncn4)cc3[nH]2)c1)N1CCN(C(=O)CC(F)(F)F)CC1,CHEMBL5408,1.0,1.0,0.987,2312,False
CC(c1ccnc(Nc2nc3ccc(-c4cc(N5CCCC5)ncn4)cc3[nH]2)c1)N1CCN(C(=O)OC(C)(C)C)CC1,CHEMBL5408,1.0,1.0,0.986,2312,False
CC/C(=C(/c1ccc(/C=C/C(=O)O)nc1)c1ccc2[nH]ncc2c1)c1ccccc1,CHEMBL206,1.0,1.0,0.782,4427,False
CC/C=C/CCSCC1C2CCC(O2)C1C/C=C\CCCC(=O)O,CHEMBL2069,1.0,1.0,0.706,1031,False
CC/C=C/c1nc(-c2cn(C(C)c3ccc(C(F)(F)F)cc3F)nn2)cc(=O)[nH]1,CHEMBL2652,1.0,1.0,0.556,2674,False
CC/C=C\CCSCC1C2CCC(O2)C1C/C=C\CCCC(=O)O,CHEMBL2069,1.0,1.0,0.706,1031,False
CC1(C)C(=O)N(c2cc(C(F)(F)F)cc(C(F)(F)F)c2)C(=S)N1Cc1ccc(S(N)(=O)=O)c(F)c1,CHEMBL3397,2.0,2.0,0.672,2945,False
CC1(C)C(=O)N(c2cc(C(F)(F)F)cc(C(F)(F)F)c2)C(=S)N1Cc1ccc(S(N)(=O)=O)c(F)c1,CHEMBL1741208,1.0,1.0,0.672,657,False
CC1(C)C(=O)N(c2ccc(C(F)(F)F)cc2)C(=S)N1Cc1ccc(S(N)(=O)=O)c(F)c1,CHEMBL1741208,1.0,1.0,0.726,657,False
CC1(C)C2CC[C@]1(C)CN(CCCCC1CCCCC1)C2,CHEMBL287,1.0,1.0,0.919,3166,False
CC1(C)CC(=O)c2c(ncn2C2CCc3ncncc3C2)C1,CHEMBL2722,1.0,1.0,0.679,2212,False
CC1(C)CC(Nc2cc(NCc3cnccc3C(F)(F)F)ncc2C#N)CC(C)(C)N1,CHEMBL3920,1.0,1.0,0.797,1045,False
CC1(C)CC=C(c2cc(C3CNC(=NC#N)NC3)ccc2NC(=O)c2nc(C#N)c[nH]2)CC1,CHEMBL1844,1.0,1.0,0.757,2620,False
CC1(C)CC=C(c2cccs2)c2cc(C#Cc3ccc(C(=O)O)cc3)ccc21,CHEMBL2055,3.0,3.0,0.717,273,False
CC1(C)CC=C(c2cccs2)c2cc(C#Cc3ccc(C(=O)O)cc3)ccc21,CHEMBL2008,2.0,2.0,0.717,315,False
CC1(C)CC=C(c2cccs2)c2cc(C#Cc3ccc(C(=O)O)cc3)ccc21,CHEMBL2003,1.0,1.0,0.717,312,False
CC1(C)CCC(C)(C)c2cc(NC(=O)c3ccc(C(=O)O)cc3)ccc21,CHEMBL2055,5.0,5.0,0.842,273,False
CC1(C)CCC(C)(C)c2cc(NC(=O)c3ccc(C(=O)O)cc3)ccc21,CHEMBL2008,3.0,3.0,0.842,315,False
CC1(C)CCC(C)(C)c2cc(NC(=O)c3ccc(C(=O)O)cc3)ccc21,CHEMBL2003,2.0,2.0,0.842,312,False
CC1(C)CCC(C)(C)c2cc(NC(=O)c3ccc(C(=O)O)cc3)ccc21,CHEMBL5019,1927.0,2572.0,0.203,8,False
CC1(C)CCC(C)(C)c2cc(NC(=O)c3ccc(C(=O)O)cc3)ccc21,CHEMBL5141,4.0,4.0,0.842,219,False
CC1(C)CCC(C)(C)c2cc(NC(=O)c3ccc(C(=O)O)cc3)ccc21,CHEMBL340,1.0,1.0,0.842,5556,False
CC1(C)CCC(C)(C)c2cc(NC(=O)c3ccc(CC(=O)O)cc3)ccc21,CHEMBL5141,1.0,1.0,0.86,219,False
CC1(C)CCC(C)(C)c2cc(NC(=O)c3ccc(CC(=O)O)cc3)ccc21,CHEMBL3713687,2.0,2.0,0.86,39,False
CC1(C)CCN(C(=O)CC#N)C12CCN(c1ncnc3[nH]ccc13)C2,CHEMBL2148,1.0,1.0,0.879,7416,False
CC1(C)CCN(Cc2ccc(N3CCOC4(CCN(c5cc(NCc6ccccc6)ncn5)CC4)C3)cn2)CC1,CHEMBL4739695,1.0,1.0,0.688,766,False
CC1(C)CN(Cc2nnc(-c3ccccc3)o2)C(=O)[C@@H]1Oc1ccc(C#N)c(C(F)(F)F)c1,CHEMBL1871,1.0,1.0,0.794,2952,False
CC1(C)CN(c2ccccc2NC(=O)Nc2ccc(OC(F)(F)F)cc2)c2c(O)ccc(C3=NC(C(C)(C)C)CO3)c21,CHEMBL4315,1.0,1.0,0.714,834,False
CC1(C)CN(c2ccccc2NC(=O)Nc2ccc(OC(F)(F)F)cc2)c2c(O)ccc(C3=NCC(C(F)(F)F)O3)c21,CHEMBL4315,1.0,1.0,0.724,834,False
CC1(C)COc2c(COc3ccccc3CC(=O)O)cc(-c3ccc4c(c3)[C@H](N)CCO4)cc21,CHEMBL2820,1.0,1.0,0.864,3003,False
CC1(C)COc2c(COc3ccccc3CC(=O)O)cc(-c3ccc4c(c3)[C@H](N)CCO4)cc21,CHEMBL2176771,10.0,10.0,0.864,1730,False
CC1(C)COc2c(COc3ccccc3CC(=O)O)cc(-c3ccc4c(c3)[C@H](N)CCO4)cc21,CHEMBL2000,6.0,6.0,0.864,3740,False
CC1(C)COc2c(COc3ccccc3CC(=O)O)cc(-c3ccc4c(c3)[C@H](N)CCO4)cc21,CHEMBL3991,8.0,8.0,0.864,492,False
CC1(C)COc2c(COc3ccccc3CC(=O)O)cc(-c3ccc4c(c3)[C@H](N)CCO4)cc21,CHEMBL2016,3.0,3.0,0.864,931,False
CC1(C)COc2c(COc3ccccc3CC(=O)O)cc(-c3ccc4c(c3)[C@H](N)CCO4)cc21,CHEMBL244,2.0,2.0,0.864,5906,False
CC1(C)COc2c(COc3ccccc3CC(=O)O)cc(-c3ccc4c(c3)[C@H](N)CCO4)cc21,CHEMBL204,5.0,5.0,0.864,5517,False
CC1(C)COc2c(COc3ccccc3CC(=O)O)cc(-c3ccc4c(c3)[C@H](N)CCO4)cc21,CHEMBL1873,7.0,7.0,0.864,834,False
CC1(C)COc2c(COc3ccccc3CC(=O)O)cc(-c3ccc4c(c3)[C@H](N)CCO4)cc21,CHEMBL1801,4.0,4.0,0.864,983,False
CC1(C)COc2c(COc3ccccc3CC(=O)O)cc(-c3ccc4c(c3)[C@H](N)CCO4)cc21,CHEMBL3286,9.0,9.0,0.864,1079,False
CC1(C)Cc2cc(/C=C/C(=O)N3CCC(C(NC4CCC(c5c[nH]c6ccccc56)CC4)C(N)=O)CC3)ccc2O1,CHEMBL4015,1.0,1.0,0.765,2077,False
CC1(C)Cc2ncc(-c3cc(NC(=O)[C@H]4C[C@@H](O)C4)ncc3Cl)n2C1,CHEMBL3116,1.0,1.0,0.73,1776,False
CC1(C)N=C2C(c3ccccc3)=CC(=O)C(c3ccccc3)=C2O1,CHEMBL2640,816.0,56.0,0.254,31,False
CC1(C)NC(=O)N(c2ccc(Cl)c(-c3nc([C@H]4CCCCN4C(=O)COc4ccccc4)no3)c2)C1=O,CHEMBL2216739,2.0,2.0,0.61,248,False
CC1(C)NC(=O)N(c2ccc(Cl)c(-c3nc([C@H]4CCCCN4C(=O)COc4ccccc4)no3)c2)C1=O,CHEMBL3238,3.0,3.0,0.61,272,False
CC1(C)NC(=O)N(c2ccc(Cl)c(-c3nc([C@H]4CCCCN4C(=O)COc4ccccc4)no3)c2)C1=O,CHEMBL1293194,1.0,1.0,0.61,485,False
CC1(C)NCCCC1S(=O)(=O)c1c(Cl)ccc(NC(=O)NC2CCCc3ccoc32)c1O,CHEMBL2434,1.0,1.0,0.776,1086,False
CC1(C)OC2=C(C(=O)C3=C(C2=O)[C@H]2c4cc(Br)cc(Br)c4CO[C@H]2C(C)(C)O3)[C@H]2c3cc(Br)cc(Br)c3OC[C@H]21,CHEMBL4302,1.0,1.0,0.391,2509,False
CC1(C)OCCn2c1nc1c(N3CC4CC(F)(F)C4C3)nc(-c3cnc(N)nc3)nc12,CHEMBL1908389,1.0,1.0,0.859,1011,False
CC1(C)Oc2ccc(-c3cccc4cnccc34)cc2C2(COC(N)=N2)C12COC2,CHEMBL4822,1.0,1.0,0.723,9994,False
CC1(C)Oc2ccc(C#N)cc2C(NCc2ccccc2)C1O,CHEMBL4302,1.0,1.0,1.0,2509,True
CC1(C)S[C@@H]2[C@H](NC(=O)[C@H](NC(=O)NCCc3ccc(S(N)(=O)=O)cc3)c3ccccc3)C(=O)N2[C@H]1C(=O)O,CHEMBL261,2.0,2.0,0.87,7567,False
CC1(C)S[C@@H]2[C@H](NC(=O)[C@H](NC(=O)NCCc3ccc(S(N)(=O)=O)cc3)c3ccccc3)C(=O)N2[C@H]1C(=O)O,CHEMBL205,1.0,1.0,0.87,8715,False
CC1(C)[C@H]2Cc3ccccc3[C@]1(C)CCN2C(=O)C1CCC(=O)CC1,CHEMBL4235,1.0,1.0,0.78,3366,False
CC1(C)c2cc(OC[C@@H](O)[C@H](O)CO)ccc2C(=O)c2c1[nH]c1cc(C(=O)Nc3ccccc3)ccc21,CHEMBL4247,1.0,1.0,0.809,2510,False
CC1(N)CCN(c2nn3c(C4=CCCCC4)cnc3s2)CC1,CHEMBL1075163,1.0,1.0,0.567,227,False
CC1(N)CN(c2nc(N3CC4CCC(C3)N4)c3cnc(-c4cc(O)cc5ccccc45)c(F)c3n2)C1,CHEMBL2189121,1.0,1.0,0.779,2721,False
CC1(N)CN(c2nc(N3CC4CCC(C3)N4)c3cnc(-c4cccc5cccc(Cl)c45)c(F)c3n2)C1,CHEMBL2189121,1.0,1.0,0.786,2721,False
CC1(N2CCC(n3c(-c4ccc(F)c(Cl)c4)nc4ccccc43)CC2)CCCCCCC1,CHEMBL2014,1.0,1.0,0.758,2731,False
CC1(N2CCC(n3c(-c4ccc(F)c(Cl)c4)nc4ccccc43)CC2)CCCCCCC1,CHEMBL233,2.0,2.0,0.683,7306,False
CC1(N2CCC(n3c(-c4cccc(C(F)(F)F)c4)nc4ccccc43)CC2)CCCCCCC1,CHEMBL2014,1.0,1.0,0.656,2731,False
CC1(N2CCC(n3c(-c4cccc(C(F)(F)F)c4)nc4ccccc43)CC2)CCCCCCC1,CHEMBL233,2.0,2.0,0.656,7306,False
CC1(N2CCC(n3c(-c4cccc(C(F)(F)F)c4)nc4ccccc43)CC2)CCCCCCC1,CHEMBL237,3.0,3.0,0.545,6265,False
CC1(N2CCC(n3c(-c4cccc(C(F)(F)F)c4)nc4ccccc43)CC2)CCCCCCC1,CHEMBL236,4.0,4.0,0.538,4835,False
CC1(N2CCC(n3c(-c4cccc(CN)c4)nc4ccccc43)CC2)CCCCCCC1,CHEMBL2014,1.0,1.0,0.656,2731,False
CC1(N2CCC(n3c(-c4cccc(CN)c4)nc4ccccc43)CC2)CCCCCCC1,CHEMBL233,2.0,2.0,0.656,7306,False
CC1(N2CCC(n3c(-c4cccc(CN)c4)nc4ccccc43)CC2)CCCCCCC1,CHEMBL237,4.0,4.0,0.538,6265,False
CC1(N2CCC(n3c(-c4cccc(CN)c4)nc4ccccc43)CC2)CCCCCCC1,CHEMBL236,3.0,3.0,0.538,4835,False
CC1(N2CCC(n3c(-c4cccc(OCCO)c4)nc4ccccc43)CC2)CCCCCCC1,CHEMBL2014,1.0,1.0,0.642,2731,False
CC1(N2CCC(n3c(-c4cccc(OCCO)c4)nc4ccccc43)CC2)CCCCCCC1,CHEMBL233,2.0,2.0,0.642,7306,False
CC1(N2CCC(n3c(-c4cccc(OCCO)c4)nc4ccccc43)CC2)CCCCCCC1,CHEMBL237,3.0,3.0,0.522,6265,False
CC1(N2CCC(n3c(-c4cccc(OCCO)c4)nc4ccccc43)CC2)CCCCCCC1,CHEMBL236,4.0,5.0,0.507,4835,False
CC1(N2CCC(n3c(-c4cccc(S(C)(=O)=O)c4)nc4ccccc43)CC2)CCCCCCC1,CHEMBL2014,1.0,1.0,0.646,2731,False
CC1(N2CCC(n3c(-c4cccc(S(C)(=O)=O)c4)nc4ccccc43)CC2)CCCCCCC1,CHEMBL233,2.0,2.0,0.646,7306,False
CC1(NC(=O)c2ccc3c(-c4ccccc4Cl)nn(-c4cccc(CO)n4)c3c2)CCS(=O)(=O)C1,CHEMBL5853,1.0,1.0,0.74,1031,False
CC1(Nc2cc(C(F)F)c(-c3sc(C(=O)NC4CCS(=O)(=O)CC4)nc3C(=O)N3C4CCC3CC4)cn2)CCC1,CHEMBL1741186,1.0,1.0,0.813,10748,False
CC1(O)CCN(c2ncnc3[nH]c(-c4ccc(OCc5ccccc5)cc4)cc23)CC1,CHEMBL1795116,1.0,1.0,0.767,1323,False
CC1(OC(=O)N2CC3COCC(C2)C3Oc2ncnc(Nc3ccc(-n4cncn4)cc3F)c2F)CC1,CHEMBL5652,1.0,1.0,0.784,1661,False
CC1(OC(=O)N2CCC(N(C(=O)c3ccc(-c4cnco4)cc3)C3CC3)CC2)CC1,CHEMBL5652,1.0,1.0,0.772,1661,False
CC1(Oc2ccc3[nH]nc(-c4cc(N5CC(n6cccn6)C5)ncn4)c3c2)CC1,CHEMBL1075104,1.0,1.0,0.844,3454,False
CC1(Oc2ccc3[nH]nc(-c4cc(N5CCN(S(=O)(=O)C6CC6)CC5)ncn4)c3c2)CC1,CHEMBL1075104,1.0,1.0,0.823,3454,False
CC1([N+](=O)[O-])CN(CCC(=O)O)CN(CCC(=O)O)C1,CHEMBL5619,46.0,7.0,0.293,190,False
CC1(c2cc(Nc3nc(N4CCN(C(=O)Cc5ccccc5)CC4)nn4cccc34)n[nH]2)CC1,CHEMBL2971,1.0,1.0,0.794,12637,False
CC1(c2ccccc2)CC(C)(C)N2C(=O)/C(=C3\SC(=S)NC3=O)c3cccc1c32,CHEMBL4361,57.0,81.0,0.275,3411,False
CC1(c2ccccc2)CN([C@H]2CC[C@@H](n3c(=O)[nH]c4cc(C#N)ccc43)CC2)C(=O)O1,CHEMBL6164,1.0,1.0,1.0,1063,True
CC1=C(C(=O)O)C(c2ccc(F)c(F)c2)N=C(N)N1C(=O)CN1CCn2c(nnc2C(F)(F)F)C1,CHEMBL284,1.0,1.0,0.644,4372,False
CC1=C([N+](=O)[O-])C(c2ccc(F)c(F)c2)N=C(N)N1C(=O)CN1CCn2c(nnc2C(F)(F)F)C1,CHEMBL284,1.0,1.0,0.654,4372,False
CC1=C([N+](=O)[O-])C(c2ccc(F)c(F)c2)N=C(N)N1C(=O)CN1CCn2c(nnc2C(F)(F)F)C1,CHEMBL4657,2.0,2.0,0.588,1127,False
CC1=C([N+](=O)[O-])C(c2ccc(F)c(F)c2)N=C(N)N1C(=O)CN1CCn2c(nnc2C(F)(F)F)C1,CHEMBL4793,3.0,3.0,0.588,794,False
CC1=CC(OCc2cccc(F)c2)=NS(=O)(=O)O1,CHEMBL3242,3.0,3.0,0.511,4916,False
CC1=CC(OCc2cccc([N+](=O)[O-])c2)=NS(=O)(=O)O1,CHEMBL3242,2.0,2.0,0.509,4916,False
CC1=CC(OCc2ccccc2Br)=NS(=O)(=O)O1,CHEMBL3594,2.0,2.0,0.551,6139,False
CC1=CC(OCc2ccccc2Br)=NS(=O)(=O)O1,CHEMBL3242,1.0,1.0,0.551,4916,False
CC1=CC(OCc2ccccc2[N+](=O)[O-])=NS(=O)(=O)O1,CHEMBL3594,1.0,1.0,0.509,6139,False
CC1=CC(OCc2ccccc2[N+](=O)[O-])=NS(=O)(=O)O1,CHEMBL3242,2.0,2.0,0.509,4916,False
CC1=CN=C(C)N2N=C(CCc3nc(-c4nccs4)cn3C)NC12,CHEMBL4409,1.0,1.0,0.759,5483,False
CC1=NC2(N=C1N)c1cc(C#CC3CC3)ccc1CC21CCC1,CHEMBL4822,1.0,1.0,0.796,9994,False
CC1=NC2(N=C1N)c1cc(C#CC3CC3)ccc1CC21CCC1,CHEMBL2487,2.0,2.0,0.796,1789,False
CC1C(=O)N(C)CCN1c1nc2c(-c3cnn(C)c3)n[nH]c2cc1-c1ccoc1,CHEMBL2742,1.0,1.0,0.719,2331,False
CC1C(=O)N(C)c2ccc(CN3CCc4ccccc43)cc2N1C1CC1,CHEMBL1163125,1.0,1.0,0.617,9315,False
CC1C/C(=C\c2ccc3ncsc3c2)C(=O)O1,CHEMBL4224,2.0,1.0,0.51,575,False
CC1C/C(=C\c2ccc3ncsc3c2)C(=O)O1,CHEMBL5543,8.0,3.0,0.51,754,False
CC1C/C(=C\c2ccc3ncsc3c2)C(=O)O1,CHEMBL2292,3.0,2.0,0.51,3800,False
CC1CC(=O)NN=C1c1ccc(N(C)C)c([N+](=O)[O-])c1,CHEMBL2731,663.0,76.0,0.253,198,False
CC1CC(=O)NN=C1c1ccc(N)c([N+](=O)[O-])c1,CHEMBL2731,1096.0,627.0,0.204,198,False
CC1CC(=O)NN=C1c1ccc(NCCO)c([N+](=O)[O-])c1,CHEMBL2731,1258.0,940.0,0.188,198,False
CC1CC(C)CN(C(=O)c2ccc(Cl)cc2NS(=O)(=O)c2cccc3nsnc23)C1,CHEMBL298,1.0,1.0,0.758,1500,False
CC1CC2(CCCN2C(=O)CC#N)CN1c1ncnc2[nH]ccc12,CHEMBL2148,1.0,1.0,0.769,7416,False
CC1CC=C(c2ccc3c(c2)C2(COC(N)=N2)C2(COC2)C(C)(C)O3)CC1,CHEMBL4822,1.0,1.0,0.721,9994,False
CC1CCC(C(=O)NC2CN(C(=O)c3nc(N[C@@H](C)c4cncc(F)c4)nc4ccsc34)C2)CC1,CHEMBL255,3.0,3.0,0.851,3330,False
CC1CCC(C(=O)NC2CN(C(=O)c3nc(N[C@@H](C)c4cncc(F)c4)nc4ccsc34)C2)CC1,CHEMBL251,1.0,1.0,0.941,6698,False
CC1CCC(C(=O)NC2CN(C(=O)c3nc(N[C@@H](C)c4cncc(F)c4)nc4ccsc34)C2)CC1,CHEMBL256,2.0,2.0,0.887,4904,False
CC1CCCCN1C(=O)c1ccc(Cl)cc1NS(=O)(=O)c1cccc2nsnc12,CHEMBL298,1.0,1.0,0.75,1500,False
CC1CCCc2sc(NC(=S)Nc3ccccc3)c(C(=O)Nc3ccccc3)c21,CHEMBL2434,1.0,1.0,0.857,1086,False
CC1CCN(C(=O)CC#N)C12CCN(c1ncnc3[nH]ccc13)C2,CHEMBL2148,1.0,1.0,0.902,7416,False
CC1CCN(C(=O)CC#N)C12CN(c1ncnc3[nH]ccc13)CC2(F)F,CHEMBL2148,1.0,1.0,0.686,7416,False
CC1CCN(C(=O)c2cccc(-c3ccccc3Cl)n2)CC1,CHEMBL4235,1.0,1.0,0.588,3366,False
CC1CN(C(=O)Cc2nc(N3CCOCC3)sc2C(N)=O)c2ccccc21,CHEMBL3267,4.0,4.0,0.559,3907,False
CC1CN(C(=O)Cc2nc(N3CCOCC3)sc2C(N)=O)c2ccccc21,CHEMBL3130,6.0,6.0,0.559,7171,False
CC1CN(C(=O)Cc2nc(N3CCOCC3)sc2C(N)=O)c2ccccc21,CHEMBL3145,3.0,3.0,0.559,2776,False
CC1CN(C(=O)c2nc(Nc3cc(C4CC4)[nH]n3)c3cc(Cl)ccc3n2)CC(C)N1,CHEMBL4482,1.0,1.0,0.794,609,False
CC1CN(c2ccc([N+](=O)[O-])cc2NC(=O)c2ccccc2Cl)CCN1C,CHEMBL1075317,1.0,1.0,0.721,1687,False
CC1CN(c2nc3cc(-c4noc(=O)[nH]4)nc(-c4cncc(Cl)c4)c3n2C[C@H]2CC[C@H](C)CC2)C2CCCC2O1,CHEMBL5023,1.0,1.0,0.974,4821,False
CC1Cc2c(Br)cccc2N1C(=O)Cc1nc(N2CCOCC2)sc1C(=O)O,CHEMBL3267,6.0,6.0,0.423,3907,False
CC1Cc2c(Br)cccc2N1C(=O)Cc1nc(N2CCOCC2)sc1C(=O)O,CHEMBL4005,4.0,4.0,0.435,7718,False
CC1Cc2c(Br)cccc2N1C(=O)Cc1nc(N2CCOCC2)sc1C(=O)O,CHEMBL3130,3.0,3.0,0.435,7171,False
CC1Cc2c(Br)cccc2N1C(=O)Cc1nc(N2CCOCC2)sc1C(=O)O,CHEMBL3145,2.0,2.0,0.435,2776,False
CC1Cc2c(Br)cccc2N1C(=O)Cc1nc(N2CCOCC2)sc1C(=O)O,CHEMBL340,5.0,5.0,0.423,5556,False
CC1Cc2c(Br)cccc2N1C(=O)Cc1nc(N2CCOCC2)sc1C(N)=O,CHEMBL3267,5.0,5.0,0.418,3907,False
CC1Cc2c(Br)cccc2N1C(=O)Cc1nc(N2CCOCC2)sc1C(N)=O,CHEMBL4005,4.0,4.0,0.468,7718,False
CC1Cc2c(Br)cccc2N1C(=O)Cc1nc(N2CCOCC2)sc1C(N)=O,CHEMBL3130,2.0,2.0,0.468,7171,False
CC1Cc2c(Br)cccc2N1C(=O)Cc1nc(N2CCOCC2)sc1C(N)=O,CHEMBL3145,3.0,3.0,0.468,2776,False
CC1Cc2c(Br)cccc2N1C(=O)Cc1nc(N2CCOCC2)sc1C(N)=O,CHEMBL340,6.0,6.0,0.418,5556,False
CC1Cc2c(C(C)C)cc(C(=O)N3Cc4ccccc4C3)c(O)c2C1=O,CHEMBL4303,2.0,1.0,0.648,676,False
CC1Cc2c(Cl)cccc2N1C(=O)Cc1nc(N2CCOCC2)sc1C(=O)O,CHEMBL3145,2.0,2.0,0.43,2776,False
CC1Cc2c(Cl)cccc2N1C(=O)Cc1nc(N2CCOCC2)sc1C(=O)O,CHEMBL3130,4.0,4.0,0.43,7171,False
CC1Cc2c(Cl)cccc2N1C(=O)Cc1nc(N2CCOCC2)sc1C(=O)O,CHEMBL340,5.0,5.0,0.418,5556,False
CC1Cc2c(Cl)cccc2N1C(=O)Cc1nc(N2CCOCC2)sc1C(N)=O,CHEMBL3130,4.0,4.0,0.52,7171,False
CC1Cc2c(Cl)cccc2N1C(=O)Cc1nc(N2CCOCC2)sc1C(N)=O,CHEMBL3145,3.0,3.0,0.52,2776,False
CC1Cc2c(Cl)cccc2N1C(=O)Cc1nc(N2CCOCC2)sc1C(N)=O,CHEMBL340,5.0,5.0,0.412,5556,False
CC1Cc2cc(F)ccc2N1C(=O)Cc1nc(N2CCOCC2)sc1C(=O)O,CHEMBL3145,2.0,2.0,0.455,2776,False
CC1Cc2cc(F)ccc2N1C(=O)Cc1nc(N2CCOCC2)sc1C(=O)O,CHEMBL3130,3.0,3.0,0.455,7171,False
CC1Cc2cc(F)ccc2N1C(=O)Cc1nc(N2CCOCC2)sc1C(=O)O,CHEMBL340,6.0,6.0,0.455,5556,False
CC1Cc2cc(F)ccc2N1C(=O)Cc1nc(N2CCOCC2)sc1C(N)=O,CHEMBL340,5.0,5.0,0.449,5556,False
CC1Cc2cc(F)ccc2N1C(=O)Cc1nc(N2CCOCC2)sc1C(N)=O,CHEMBL3145,3.0,3.0,0.52,2776,False
CC1Cc2cc(F)ccc2N1C(=O)Cc1nc(N2CCOCC2)sc1C(N)=O,CHEMBL3130,2.0,2.0,0.52,7171,False
CC1Cc2ccccc2N1C(=O)Cc1nc(N2CCOCC2)sc1C(=O)O,CHEMBL3130,4.0,4.0,0.565,7171,False
CC1Cc2ccccc2N1C(=O)Cc1nc(N2CCOCC2)sc1C(=O)O,CHEMBL3145,5.0,5.0,0.565,2776,False
CC1Cc2ccccc2N1C(=O)Cc1nc(N2CCOCC2)sc1C(N)=O,CHEMBL3130,4.0,4.0,0.557,7171,False
CC1Cc2ccccc2N1C(=O)Cc1nc(N2CCOCC2)sc1C(N)=O,CHEMBL3145,2.0,2.0,0.557,2776,False
CC1N(c2ncnc3[nH]ccc23)CCC12CCCN2C(=O)CC#N,CHEMBL2148,1.0,1.0,0.912,7416,False
CC1N=CC(c2ccc(Nc3cc(NC(=O)C4CC4)nc4[nH]c(C(F)F)nc34)c(S(C)(=O)=O)c2)=N1,CHEMBL3553,1.0,1.0,0.729,6084,False
CCC(=O)C(c1ccc(Cl)c(Cl)c1)C1CCNCC1,CHEMBL238,1.0,1.0,0.521,3420,False
CCC(=O)C(c1ccc(Cl)c(Cl)c1)C1CCNCC1,CHEMBL222,2.0,2.0,0.463,3692,False
CCC(=O)C(c1ccc(Cl)c(Cl)c1)C1CCNCC1,CHEMBL228,3.0,3.0,0.463,5328,False
CCC(=O)CCCCC[C@H](NC(=O)C1CCN(C)CC1)c1ncc(-c2ccc3ncccc3c2)[nH]1,CHEMBL325,1.0,1.0,0.838,8231,False
CCC(=O)N1CCCC12CCN(c1ncnc3[nH]ccc13)C2,CHEMBL2148,2.0,2.0,0.782,7416,False
CCC(=O)N1CCc2c(sc3nc(-c4ccncc4)nc(NCCN)c23)C1,CHEMBL2598,1.0,1.0,0.8,621,False
CCC(=O)NCc1ccc(Nc2cc(-c3ccc4cc(C#N)cnn34)ncc2C(=O)NC[C@@H](F)C(C)(C)O)cc1,CHEMBL1825,1.0,1.0,0.852,1873,False
CCC(=O)N[C@@H]1CCCc2c(-c3ccc(C(F)(F)F)cc3C3CC3)cncc21,CHEMBL1908,1.0,1.0,0.828,1695,False
CCC(=O)N[C@@H]1CCCc2c(-c3ccc(C(F)(F)F)cc3C3CC3)cncc21,CHEMBL2722,2.0,2.0,0.828,2212,False
CCC(=O)N[C@@H]1CC[C@@H](NC(=O)c2sc3nccc4c3c2NC(=O)N4c2cnc(Oc3ccccc3)cc2C)C1,CHEMBL5251,1.0,1.0,0.948,9782,False
CCC(=O)N[C@@H]1CC[C@H](NC(=O)c2sc3nccc4c3c2NC(=O)N4c2cnc(Oc3ccccc3)cc2C)C1,CHEMBL5251,1.0,1.0,0.948,9782,False
CCC(=O)N[C@@H]1O[C@H](CO)[C@@H](O)[C@H](O)[C@H]1NC(=O)c1ccc(S(N)(=O)=O)cc1,CHEMBL261,3.0,3.0,0.706,7567,False
CCC(=O)N[C@@H]1O[C@H](CO)[C@@H](O)[C@H](O)[C@H]1NC(=O)c1ccc(S(N)(=O)=O)cc1,CHEMBL205,2.0,2.0,0.706,8715,False
CCC(=O)N[C@@H]1O[C@H](CO)[C@@H](O)[C@H](O)[C@H]1NC(=O)c1ccc(S(N)(=O)=O)cc1,CHEMBL3594,1.0,1.0,0.706,6139,False
CCC(=O)N[C@H](C(=O)N1C[C@H](O)C[C@H]1C(=O)NCc1ccc(-c2scnc2C)cc1)C(C)(C)C,CHEMBL3108660,1.0,1.0,0.831,388,False
CCC(=O)N[C@H]1CCC[C@H]1NC(=O)c1sc2nccc3c2c1NC(=O)N3c1ccc(Oc2ccccc2)nc1C,CHEMBL5251,1.0,1.0,0.973,9782,False
CCC(=O)N[C@H]1CC[C@@H](NC(=O)c2sc3nccc4c3c2NC(=O)N4c2cnc(Oc3ccccc3)cc2C)C1,CHEMBL5251,1.0,1.0,0.948,9782,False
CCC(=O)N[C@H]1CC[C@H](NC(=O)c2sc3nccc4c3c2NC(=O)N4c2cnc(Oc3ccccc3)cc2C)C1,CHEMBL5251,1.0,1.0,0.948,9782,False
CCC(=O)Nc1ccc2c(c1)C(c1ccc(Cl)cc1)N(c1ccc(N(C)Cc3ccncc3)cc1)C(=O)C2,CHEMBL5023,1.0,1.0,0.444,4821,False
CCC(=O)Nc1ccc2c(c1)C(c1ccc(Cl)cc1)N(c1ccc(N(C)Cc3ccncc3)cc1)C(=O)C2,CHEMBL1255126,4.0,2.0,0.439,484,False
CCC(=O)c1cccc(Nc2cc(-c3ccc4cc(C#N)cnn34)ncc2C(=O)NC[C@@H](F)C(C)(C)O)c1,CHEMBL1825,2.0,2.0,0.778,1873,False
CCC(=O)c1cccc(Nc2cc(-c3ccc4cc(C#N)cnn34)ncc2C(=O)NC[C@@H](F)C(C)(C)O)c1,CHEMBL3778,1.0,1.0,0.785,7453,False
CCC(=O)c1cnc2ccc(-c3cc(Cl)c(O)c(Cl)c3)nc2c1Nc1ccc(N2CCC[C@@H](N)C2)nc1,CHEMBL4578,1.0,1.0,0.842,1072,False
CCC(=O)c1cnc2ccc(-c3cc(Cl)c(O)c(Cl)c3)nc2c1Nc1ccc(N2CCC[C@H](N)C2)nc1,CHEMBL4578,1.0,1.0,0.842,1072,False
CCC(=O)c1cnc2ccc(-c3cc(F)c(O)c(Cl)c3)nc2c1Nc1ccc(N2CCC[C@@H](N)C2)nc1,CHEMBL4578,1.0,1.0,0.852,1072,False
CCC(=O)c1cnc2ccc(-c3cc(F)c(O)c(Cl)c3)nc2c1Nc1ccc(N2CCC[C@H](N)C2)nc1,CHEMBL4578,1.0,1.0,0.852,1072,False
CCC(=O)c1sc(NC(=O)Cc2ccc(S(=O)(=O)CC)cc2)nc1-c1ccccc1,CHEMBL1741186,1.0,1.0,0.815,10748,False
CCC(C)(C)C(=O)C(=O)N1CCCC1C(=O)OCCCc1cc(OC)ccc1OC,CHEMBL1902,1.0,1.0,0.949,724,False
CCC(C)(C)C(=O)C(=O)N1CCCC1C(=O)OCCCc1ccccc1,CHEMBL1902,1.0,1.0,1.0,724,True
CCC(C)(O)c1cc(F)c2c(c1)C(=O)N(Cc1ccc(C#N)cn1)[C@@]2(OCC1(CO)CC1)c1ccc(Cl)cc1,CHEMBL5023,1.0,1.0,0.852,4821,False
CCC(C)C(C)CN1CCC(CNC(=O)c2cc(Cl)cc(Cl)c2)CC1,CHEMBL5558,2.0,1.0,0.64,251,False
CCC(C)C(C)CN1CCC(CNC(=O)c2cc(Cl)cc(Cl)c2)CC1,CHEMBL240,1.0,2.0,0.623,10985,False
CCC(C)N1CCC(C(=O)NO)C(CS(=O)(=O)c2ccc(OCc3cc(C)nc4ccccc34)cc2)C1,CHEMBL3706,1.0,1.0,0.718,1918,False
CCC(C)NC(=O)P(=O)(O)O,CHEMBL332,2.0,2.0,0.654,2583,False
CCC(C)NC(=O)P(=O)(O)O,CHEMBL333,6.0,6.0,0.654,3911,False
CCC(C)NC(=O)P(=O)(O)O,CHEMBL283,9.0,9.0,0.481,1962,False
CCC(C)S(=O)(=O)Nc1ccc(F)c(Nc2ccc3ncn(C)c(=O)c3c2C)c1Cl,CHEMBL5145,1.0,1.0,0.697,5743,False
CCC(C)[C@H](N)C(=O)N1CS(=O)(=O)C[C@H]1C#N,CHEMBL284,1.0,1.0,0.609,4372,False
CCC(C)[C@H](NS(=O)(=O)c1cccc2ccccc12)C(=O)N[C@H](C=O)Cc1cc2ccccc2[nH]1,CHEMBL3837,2.0,2.0,0.762,2086,False
CCC(C)[C@H](NS(=O)(=O)c1cccc2ccccc12)C(=O)N[C@H](C=O)Cc1cc2ccccc2[nH]1,CHEMBL268,69.0,92.0,0.306,2225,False
CCC(C)[C@H](NS(=O)(=O)c1cccc2ccccc12)C(=O)N[C@H](C=O)Cc1cc2ccccc2[nH]1,CHEMBL2954,22.0,28.0,0.348,2538,False
CCC(C)c1ccc(Nc2nccc(-c3cnn4ncccc34)n2)cc1,CHEMBL262,3.0,3.0,0.623,5430,False
CCC(C)c1ccc(Nc2nccc(-c3cnn4ncccc34)n2)cc1,CHEMBL301,4.0,4.0,0.623,2596,False
CCC(C)c1ccc(Nc2nccc(-c3cnn4ncccc34)n2)cc1,CHEMBL331,2.0,2.0,0.623,1424,False
CCC(C1CC(F)(F)C1)n1cc(-c2nc(-c3cnn(C[C@@H](O)CO)c3)cn3nccc23)cn1,CHEMBL3553,4.0,4.0,0.838,6084,False
CCC(C1CC(F)(F)C1)n1cc(-c2nc(-c3cnn(C[C@@H](O)CO)c3)cn3nccc23)cn1,CHEMBL2835,1.0,1.0,0.838,10399,False
CCC(C1CC(F)(F)C1)n1cc(-c2nc(-c3cnn(C[C@@H](O)CO)c3)cn3nccc23)cn1,CHEMBL2971,2.0,2.0,0.838,12637,False
CCC(C1CC(F)(F)C1)n1cc(-c2nc(-c3cnn(C[C@@H](O)CO)c3)cn3nccc23)cn1,CHEMBL2148,3.0,3.0,0.838,7416,False
CCC(CC)n1cc(C(=O)NCc2cccnc2)c2cc(OC)c(OC)cc2c1=O,CHEMBL4409,1.0,1.0,0.793,5483,False
CCC(F)(F)c1cc(C(=O)Nc2cnc(C)c(-c3cnc(OC)c(C4(C#N)COC4)c3)c2)ccn1,CHEMBL1906,1.0,1.0,0.734,2781,False
CCC(F)(F)c1cc(C(=O)Nc2cnc(C)c(-c3cnc(OC)c(C4(C#N)COC4)c3)c2)ccn1,CHEMBL5145,2.0,2.0,0.734,5743,False
CCC(Nc1c(C#N)cnc2c(Cl)cc(N[C@H](C3=CN(CCF)NN3)c3cccnc3)cc12)c1ccccc1,CHEMBL203,1.0,1.0,0.819,11022,False
CCC(Oc1cc(/C=C2\SC(=O)N(C)C2=O)c(Br)c(F)c1O)c1cnc(Cl)nc1,CHEMBL4105728,1.0,1.0,0.622,256,False
CCC(Oc1cc(/C=C2\SC(=O)N(C)C2=O)c(Br)c(F)c1O)c1cnc(N)nc1,CHEMBL4105728,1.0,1.0,0.739,256,False
CCC(Oc1ncnc2c1nc(-c1cnn(CC)c1C)n2C)C(=O)N1CCOCC1,CHEMBL3130,1.0,1.0,0.841,7171,False
CCC(c1ccc(C(F)(F)F)cc1F)n1cc(-c2cc(=O)[nH]c(C)n2)nn1,CHEMBL2652,1.0,1.0,0.726,2674,False
CCC/C=C(\C)CSCC1C2CCC(O2)C1C/C=C\CCCC(=O)O,CHEMBL2069,1.0,1.0,0.625,1031,False
CCC/C=C/CSCC1C2CCC(O2)C1C/C=C\CCCC(=O)O,CHEMBL2069,1.0,1.0,0.691,1031,False
CCC/C=C\CSCC1C2CCC(O2)C1C/C=C\CCCC(=O)O,CHEMBL2069,1.0,1.0,0.691,1031,False
CCC/N=C1\S/C(=C\c2ccc(O)cn2)C(=O)N1c1ccccc1C,CHEMBL4333,1.0,1.0,0.75,3408,False
CCC1(C)OCc2c1ccnc2C(=O)N[C@H]1COc2ccccc2N(C)C1=O,CHEMBL5464,1.0,1.0,0.581,3943,False
CCC1(CC)CC(CCN2CC3(C2)CN(c2ccccc2)C3)OC1=O,CHEMBL4105907,1.0,1.0,0.8,832,False
CCC1(N)CN(c2nc(N3CC4CCC(C3)N4)c3cnc(-c4cc(O)cc5ccccc45)c(F)c3n2)C1,CHEMBL2189121,1.0,1.0,0.746,2721,False
CCC1(N)CN(c2nc(N3CC4CCC(C3)N4)c3cnc(-c4cccc5cccc(Cl)c45)c(F)c3n2)C1,CHEMBL2189121,1.0,1.0,0.753,2721,False
CCC1C(=O)N(C)c2cnc(-n3ccnc3-c3ccccc3)nc2N1c1cncnc1,CHEMBL5938,2.0,2.0,0.862,211,False
CCC1CC(NC(=O)c2ccc(C(F)(F)F)[nH]c2=O)c2ccc(C)cc2O1,CHEMBL3181,2.0,2.0,0.656,624,False
CCC1CC(NC(=O)c2ccc(C(F)(F)F)[nH]c2=O)c2ccc(C)cc2O1,CHEMBL2789,1.0,1.0,0.694,671,False
CCC1CC=C(c2ccc3c(c2)C2(COC(N)=N2)C2(COC2)C(C)(C)O3)CC1,CHEMBL4822,1.0,1.0,0.688,9994,False
CCC1CN2CCC1CC2[C@H](O)c1cc(-c2ccc3c(c2)OCO3)nc2ccc(OC)cc12,CHEMBL3798,1.0,1.0,0.775,871,False
CCC1Cc2c(C(C)C)cc(C(=O)N3Cc4ccccc4C3)c(O)c2C1=O,CHEMBL4303,1.0,1.0,0.649,676,False
CCCC(=O)C(c1ccc(Cl)c(Cl)c1)C1CCNCC1,CHEMBL228,2.0,2.0,0.446,5328,False
CCCC(=O)C(c1ccc(Cl)c(Cl)c1)C1CCNCC1,CHEMBL238,1.0,1.0,0.5,3420,False
CCCC(=O)C(c1ccc(Cl)c(Cl)c1)C1CCNCC1,CHEMBL222,3.0,3.0,0.446,3692,False
CCCC(=O)N[C@H](C(=O)N1C[C@H](O)C[C@H]1C(=O)NCc1ccc(-c2scnc2C)cc1)C(C)(C)C,CHEMBL3108660,1.0,1.0,0.836,388,False
CCCC(=O)n1nc(-c2ccc(C)cc2)nc1NCc1ccco1,CHEMBL204,1.0,1.0,0.638,5517,False
CCCC(C(=O)c1ccc(-c2cccs2)cc1)N1CCCC1,CHEMBL238,2.0,2.0,0.644,3420,False
CCCC(C(=O)c1ccc(-c2cccs2)cc1)N1CCCC1,CHEMBL228,3.0,3.0,0.63,5328,False
CCCC(C(=O)c1ccc(-c2cccs2)cc1)N1CCCC1,CHEMBL222,1.0,1.0,0.644,3692,False
CCCC(C)Nc1cc(-c2ccc(=O)n(C)c2)nc(OC)n1,CHEMBL5747,1.0,1.0,0.464,2875,False
CCCC1(NC(=O)c2cccc(Nc3ncc(C(F)(F)F)c(NCc4cccnc4N(C)S(C)(=O)=O)n3)c2)CC1,CHEMBL2695,1.0,1.0,0.775,2210,False
CCCC1CC(NC(=O)c2ccc(C(F)(F)F)[nH]c2=O)c2ccc(C)cc2O1,CHEMBL3181,2.0,2.0,0.619,624,False
CCCC1CC(NC(=O)c2ccc(C(F)(F)F)[nH]c2=O)c2ccc(C)cc2O1,CHEMBL2789,1.0,1.0,0.697,671,False
CCCC1Cc2c(C(C)C)cc(C(=O)N3Cc4ccccc4C3)c(O)c2C1=O,CHEMBL4303,1.0,1.0,0.627,676,False
CCCCC(=O)N1CCc2c(sc3nc(-c4ccncc4)nc(NCCN)c23)C1,CHEMBL2598,1.0,1.0,0.729,621,False
CCCCC(CC)CN1C=NC2C(=O)NC(Cc3ccc(OC)cc3)=NC21,CHEMBL3535,2.0,2.0,0.785,797,False
CCCCC(CC)CN1C=NC2C(=O)NC(Cc3ccc(OC)cc3)=NC21,CHEMBL2652,1.0,1.0,0.785,2674,False
CCCCC(CC)CN1C=NC2C(=O)NC(Cc3ccccc3)=NC21,CHEMBL2652,1.0,1.0,0.836,2674,False
CCCCC(CC)CNc1ccc(C(=O)c2nc(C(=O)O)cc3cc(O)c(O)cc23)cc1F,CHEMBL3997,1.0,1.0,0.5,39,False
CCCCC(NC(=O)[C@H](CCC(=O)O)NC(=O)[C@H](CC(=O)O)NC(=O)[C@H](CO)NC(=O)[C@H](Cc1ccccc1)NC(=O)[C@H](CO)NC(=O)CNC(=O)[C@H](CC(=O)O)NC(=O)CNC(=O)[C@@H](N)Cc1cnc[nH]1)C(=O)N[C@H](Cc1cccs1)C(=O)N[C@H](C(=O)N[C@H](C(=O)N[C@@H](CC(C)C)C(=O)N[C@@H](CC(=O)O)C(=O)N[C@@H](Cc1ccc(O)cc1)C(=O)N[C@@H](CC(C)C)C(=O)N[C@@H](C)C(=O)N[C@@H](C)C(=O)N[C@@H](CCCNC(=N)N)C(=O)N[C@@H](CC(=O)O)C(=O)N[C@@H](Cc1ccccc1)C(=O)N[C@H](C(=O)N[C@@H](CC(N)=O)C(=O)N[C@@H](Cc1c[nH]c2ccccc12)C(=O)N[C@@H](CC(C)C)C(=O)N[C@H](C(=O)N[C@@H](CCC(N)=O)C(=O)N[C@H](C(=O)N[C@@H](CCCCN)C(N)=O)[C@@H](C)O)[C@@H](C)CC)[C@@H](C)CC)[C@@H](C)CC)[C@@H](C)O,CHEMBL5844,1.0,1.0,0.965,115,False
CCCCC(NC(=O)[C@H](CCC(=O)O)NC(=O)[C@H](CC(=O)O)NC(=O)[C@H](CO)NC(=O)[C@H](Cc1ccccc1)NC(=O)[C@H](CO)NC(=O)CNC(=O)[C@H](CC(=O)O)NC(=O)CNC(=O)[C@@H](N)Cc1cnc[nH]1)C(=O)N[C@H](Cc1cccs1)C(=O)N[C@H](C(=O)N[C@H](C(=O)N[C@@H](CC(C)C)C(=O)N[C@@H](CC(=O)O)C(=O)N[C@@H](Cc1ccc(O)cc1)C(=O)N[C@@H](CC(C)C)C(=O)N[C@@H](C)C(=O)N[C@@H](C)C(=O)N[C@@H](CCCNC(=N)N)C(=O)N[C@@H](CC(=O)O)C(=O)N[C@@H](Cc1ccccc1)C(=O)N[C@H](C(=O)N[C@@H](CC(N)=O)C(=O)N[C@@H](Cc1c[nH]c2ccccc12)C(=O)N[C@@H](CC(C)C)C(=O)N[C@H](C(=O)N[C@@H](CCC(N)=O)C(=O)N[C@H](C(=O)N[C@@H](CCCCN)C(N)=O)[C@@H](C)O)[C@@H](C)CC)[C@@H](C)CC)[C@@H](C)CC)[C@@H](C)O,CHEMBL1784,2.0,2.0,0.965,1534,False
CCCCC(NC(=O)[C@H](CCC(=O)O)NC(=O)[C@H](CC(=O)O)NC(=O)[C@H](CO)NC(=O)[C@H](Cc1ccccc1)NC(=O)[C@H](CO)NC(=O)CNC(=O)[C@H](CC(=O)O)NC(=O)CNC(=O)[C@@H](N)Cc1cnc[nH]1)C(=O)N[C@H](Cc1cccs1)C(=O)N[C@H](C(=O)N[C@H](C(=O)N[C@@H](CC(C)C)C(=O)N[C@@H](CC(=O)O)C(=O)N[C@@H](Cc1ccccc1)C(=O)N[C@@H](CC(C)C)C(=O)N[C@@H](C)C(=O)N[C@@H](C)C(=O)N[C@@H](CCCNC(=N)N)C(=O)N[C@@H](CC(=O)O)C(=O)N[C@@H](Cc1ccccc1)C(=O)N[C@H](C(=O)N[C@@H](CC(N)=O)C(=O)N[C@@H](Cc1c[nH]c2ccccc12)C(=O)N[C@@H](CC(C)C)C(=O)N[C@H](C(=O)N[C@@H](CCC(N)=O)C(=O)N[C@H](C(=O)N[C@@H](CCCCN)C(=O)N[C@H](C(=O)N[C@H](C(=O)N[C@@H](CC(=O)O)C(N)=O)[C@@H](C)O)[C@@H](C)CC)[C@@H](C)O)[C@@H](C)CC)[C@@H](C)CC)[C@@H](C)CC)[C@@H](C)O,CHEMBL5844,1.0,1.0,1.0,115,True
CCCCC(NC(=O)[C@H](CCC(=O)O)NC(=O)[C@H](CC(=O)O)NC(=O)[C@H](CO)NC(=O)[C@H](Cc1ccccc1)NC(=O)[C@H](CO)NC(=O)CNC(=O)[C@H](CC(=O)O)NC(=O)CNC(=O)[C@@H](N)Cc1cnc[nH]1)C(=O)N[C@H](Cc1cccs1)C(=O)N[C@H](C(=O)N[C@H](C(=O)N[C@@H](CC(C)C)C(=O)N[C@@H](CC(=O)O)C(=O)N[C@@H](Cc1ccccc1)C(=O)N[C@@H](CC(C)C)C(=O)N[C@@H](C)C(=O)N[C@@H](C)C(=O)N[C@@H](CCCNC(=N)N)C(=O)N[C@@H](CC(=O)O)C(=O)N[C@@H](Cc1ccccc1)C(=O)N[C@H](C(=O)N[C@@H](CC(N)=O)C(=O)N[C@@H](Cc1c[nH]c2ccccc12)C(=O)N[C@@H](CC(C)C)C(=O)N[C@H](C(=O)N[C@@H](CCC(N)=O)C(=O)N[C@H](C(=O)N[C@@H](CCCCN)C(N)=O)[C@@H](C)O)[C@@H](C)CC)[C@@H](C)CC)[C@@H](C)CC)[C@@H](C)O,CHEMBL5844,1.0,1.0,1.0,115,True
CCCCC(O)CSCC1C2CCC(O2)C1C/C=C\CCCC(=O)O,CHEMBL2069,1.0,1.0,0.625,1031,False
CCCCCC(=O)NC1CCC(NC(=O)[C@@H]2C[C@@H](F)CN2C(=O)Cn2nc(C(C)=O)c3cc(-c4cnc(C)nc4)ccc32)CC1,CHEMBL2176771,1.0,1.0,0.701,1730,False
CCCCCC(C)SCC1C2CCC(O2)C1C/C=C\CCCC(=O)O,CHEMBL2069,1.0,1.0,0.569,1031,False
CCCCCC/C(S)=N/C/C(S)=N/CC1C2CC[C@@H](O2)C1C/C=C/CCCC(=O)O,CHEMBL2069,1.0,1.0,0.462,1031,False
CCCCCC/C(S)=N/CC(=O)NCC1C2CCC(O2)C1C/C=C/CCCC(=O)O,CHEMBL2069,1.0,1.0,0.543,1031,False
CCCCCC/C=C/CC(=O)N[C@@H](CC(=O)O)CC(C)C,CHEMBL4342,1.0,1.0,0.667,119,False
CCCCCCC(=O)N(CCCC/C=C\CCCCCCC(=O)O)C(C)C,CHEMBL2409,1.0,1.0,0.683,2764,False
CCCCCCC(=O)NCCCCCCCC#CCCCC(=O)O,CHEMBL2409,1.0,1.0,0.778,2764,False
CCCCCCCC(=O)NCC(=O)NCC1C2CCC(O2)C1C/C=C/CCCC(=O)O,CHEMBL2069,1.0,1.0,0.746,1031,False
CCCCCCCCC(=O)NCC(=O)NCC1C2CCC(O2)C1C/C=C/CCCC(=O)O,CHEMBL2069,1.0,1.0,0.746,1031,False
CCCCCCCCCC(O)(P(=O)(O)O)P(=O)(O)O,CHEMBL4769,2.0,2.0,1.0,240,True
CCCCCCCCCC(O)(P(=O)(O)O)P(=O)(O)O,CHEMBL1782,1.0,1.0,1.0,363,True
CCCCCCCCCCC(=O)NC(CCC(=O)NCCOCCOCCNS(=O)(=O)c1cccc([C@@H]2CN(C)Cc3c(Cl)cc(Cl)cc32)c1)(CCC(=O)NCCOCCOCCNS(=O)(=O)c1cccc([C@@H]2CN(C)Cc3c(Cl)cc(Cl)cc32)c1)CCC(=O)NCCOCCOCCNS(=O)(=O)c1cccc([C@@H]2CN(C)Cc3c(Cl)cc(Cl)cc32)c1,CHEMBL3273,1.0,1.0,0.867,350,False
CCCCCCCCCCCCC/C=C/[C@@H](OCc1ccccc1)[C@H](CO[C@@H]1O[C@@H](COCc2ccccc2)[C@@H](OC(C)=O)[C@H](OS(=O)(=O)[O-])[C@@H]1OCc1ccccc1)NC(=O)CCCCCCCCCCCCCCC,CHEMBL5378,1.0,1.0,0.905,135,False
CCCCCCCCCCCCCCCC(=O)NCCCCCCNC(=O)C1CCCCNC(=O)CCN2C(=O)CC(SC[C@@H](C(=O)NCC(=O)N[C@@H](CCCCN)C(=O)N3CCC[C@H]3C(=O)N[C@@H](CO)C(=O)N[C@@H](CO)C(=O)NCC(=O)N[C@@H](C)C(=O)N3CCC[C@H]3C(=O)N3CCC[C@H]3C(=O)N[C@@H](CO)C(=O)N[C@@H](CCCCN)C(=O)N[C@@H](CCCCN)C(=O)N[C@@H](CCCCN)C(=O)N[C@@H](CCCCN)C(=O)N[C@@H](CCCCN)C(=O)N[C@@H](CCCCN)C(N)=O)NC(=O)[C@H]([C@@H](C)CC)NC(=O)[C@H](CC(C)C)NC(=O)[C@H](Cc3c[nH]c4ccccc34)NC(=O)[C@H](CCC(=O)O)NC(=O)[C@H]([C@@H](C)CC)NC(=O)[C@H](Cc3ccccc3)NC(=O)[C@@H](NC(=O)[C@H](CCCCN)NC(=O)[C@H](C)NC(=O)[C@H](C)NC(=O)[C@H](CCC(=O)O)NC(=O)[C@H](CCC(=O)O)NC(=O)[C@H](CCC(=O)O)NC(=O)[C@H](CC(C)C)NC(=O)[C@H](Cc3ccc(O)cc3)NC(=O)[C@H](CCC(=O)O)NC(=O)[C@@H](NC(=O)[C@@H](NC(=O)[C@H](CC(=O)O)NC(=O)[C@H](CC(N)=O)NC(=O)[C@@H](NC(=O)[C@H](Cc3ccc(O)cc3)NC(=O)[C@@H](NC(=O)CNC(=O)[C@H](CCC(=O)O)NC(=O)C(C)(C)NC(=O)[C@@H](N)Cc3c[nH]cn3)[C@@H](C)O)[C@@H](C)O)C(C)C)[C@@H](C)O)CSC3CC(=O)N(CCC(=O)N1)C3=O)C2=O,CHEMBL1784,1.0,1.0,0.991,1534,True
CCCCCCCCCCCCCCCC(=O)OCCCOP(=O)(O)OC[C@H](N)C(=O)O,CHEMBL3562166,2.0,2.0,1.0,43,True
CCCCCCCCCCCCCCCC(=O)OC[C@@H](O)CC(Br)P(=O)(O)O,CHEMBL4794,7.0,9.0,0.562,3651,True
CCCCCCCCCCCCCCCC(=O)O[C@H](CCCCCCCCCCC)CC(=O)OCCSC[C@H](NC(C)=O)C(=O)N[C@@H](CO)C(=O)OC,CHEMBL4163,1.0,1.0,1.0,289,True
CCCCCCCCCCCCCCCCC(=O)O,CHEMBL2487,338.0,562.0,0.24,1789,True
CCCCCCCCCCn1cc[n+](CN2C(=O)c3ccccc3C2=O)c1C,CHEMBL261,2.0,2.0,0.638,7567,False
CCCCCCCCCCn1cc[n+](CN2C(=O)c3ccccc3C2=O)c1C,CHEMBL205,1.0,1.0,0.638,8715,False
CCCCCCCCN1C=NC2C(=O)NC(Cc3ccccc3)=NC21,CHEMBL2652,1.0,1.0,0.821,2674,False
CCCCCCCN(C(=O)c1noc(C)c1[N+](=O)[O-])c1cccc(C)c1,CHEMBL4295754,2.0,1.0,0.517,106,False
CCCCCCCN1CCC(Cc2ccccc2)CC1,CHEMBL240,8.0,10.0,0.568,10985,False
CCCCCCCSC1C2CCC(O2)C1C/C=C\CCCC(=O)O,CHEMBL2069,1.0,1.0,0.517,1031,False
CCCCCCCSCC1C2CCC(O2)C1C/C=C\CCCC(=O)O,CHEMBL2069,1.0,1.0,0.679,1031,False
CCCCCCN(S(=O)(=O)c1ccc(O)c(O)c1)S(=O)(=O)c1ccc(O)c(O)c1,CHEMBL3475,1.0,1.0,0.59,260,False
CCCCCCN1C=NC2C(=O)NC(Cc3ccc(OC)cc3)=NC21,CHEMBL2652,1.0,1.0,0.767,2674,False
CCCCCCN1C=NC2C(=O)NC(Cc3ccccc3)=NC21,CHEMBL2652,1.0,1.0,0.821,2674,False
CCCCCCN1CCC(CNC(=O)c2cccc(COCCC3CCN(c4nnc(NC(=O)Cc5ccccc5)s4)CC3)c2)CC1,CHEMBL2146302,1.0,1.0,0.878,1424,False
CCCCCCN1CCC(NC(=O)C2c3ccccc3Oc3ccccc32)CC1,CHEMBL2413,1.0,1.0,0.636,794,False
CCCCCCNC(=O)NCCC/C=C\CCCCCCC(=O)O,CHEMBL2409,1.0,1.0,0.969,2764,False
CCCCCCS(=O)(=O)CC1C2CCC(O2)C1C/C=C\CCCC(=O)O,CHEMBL2069,1.0,1.0,0.508,1031,False
CCCCCCSC[C@H]1C2CCC(O2)[C@H]1C/C=C\CCCC(=O)O,CHEMBL2069,1.0,1.0,0.679,1031,False
CCCCCCSC[C@H]1C2CC[C@@H](O2)[C@H]1C/C=C\CCCC(=O)O,CHEMBL2069,1.0,1.0,0.679,1031,False
CCCCCC[S+]([O-])CC1C2CCC(O2)C1C/C=C\CCCC(=O)O,CHEMBL2069,1.0,1.0,0.5,1031,False
CCCCCOc1c(OC)ccc2cc(C(=O)NC3CCCCC3)c(=O)oc12,CHEMBL253,1.0,1.0,0.698,7881,False
CCCCCOc1cc(Br)cc2cc(C(=O)NC3CCCCC3)c(=O)oc12,CHEMBL253,1.0,1.0,0.759,7881,False
CCCCCOc1ccc(-c2nnc(-c3cc(Cl)c([C@]4(C)CS(=O)(=O)N(C)C(=N)N4)s3)o2)cc1,CHEMBL4822,2.0,2.0,0.773,9994,False
CCCCCOc1ccc(-c2nnc(-c3cc(Cl)c([C@]4(C)CS(=O)(=O)N(C)C(=N)N4)s3)o2)cc1,CHEMBL2525,1.0,1.0,0.773,2213,False
CCCCCOc1cccc2cc(C(=O)NC3CCCCC3)c(=O)oc12,CHEMBL253,1.0,1.0,0.925,7881,False
CCCCCSCCC1C2CCC(O2)C1C/C=C\CCCC(=O)O,CHEMBL2069,1.0,1.0,0.582,1031,False
CCCCCn1c(C(=O)NC23CC4CC(CC(C4)C2)C3)cc2ncccc21,CHEMBL253,1.0,1.0,0.729,7881,False
CCCCCn1c2ccccc2c2cc(C(=O)N3CCS(=O)(=O)CC3)ccc21,CHEMBL253,1.0,1.0,0.82,7881,False
CCCCCn1cc(C(=O)N[C@H]2CCCc3ccccc32)c(=O)cc1-c1ccccc1,CHEMBL253,2.0,2.0,1.0,7881,True
CCCCN(C)CCNC(=O)c1ccc(Cn2c(=S)[nH]c3ccc(Br)cc3c2=O)cc1,CHEMBL6089,6.0,1.0,0.662,328,False
CCCCN(C)CCNC(=O)c1ccc2c(=O)n(Cc3ccc(Cl)cc3)c(=S)[nH]c2c1,CHEMBL4641,1.0,1.0,0.754,568,False
CCCCN(CCCC)C(=O)c1cn(-c2ccc(NC(=O)CSc3ccccc3)cc2C(=O)N2Cc3ccccc3C[C@H]2CN2CCN(C)CC2)c2ccccc12,CHEMBL4860,1.0,1.0,0.804,3171,False
CCCCN(Cc1ccc(OC(C)(C)C(=O)O)cc1)Cc1nc(-c2cccc(Br)c2)oc1C,CHEMBL235,1.0,1.0,0.831,4321,False
CCCCN(Cc1ccc(OC(C)(C)C(=O)O)cc1)Cc1nc(-c2cccc(Br)c2)oc1C,CHEMBL239,2.0,2.0,0.831,2834,False
CCCCN(Cc1ccc2[nH]ccc2c1)C(=O)c1ccc(S(=O)(=O)Nc2ccccc2)cc1,CHEMBL4600,10.0,5.0,0.479,447,False
CCCCN(Cc1ccc2[nH]ccc2c1)C(=O)c1ccc(S(=O)(=O)Nc2ccccc2)cc1,CHEMBL5932,1.0,1.0,0.707,321,False
CCCCN(Cc1ccc2[nH]ccc2c1)C(=O)c1ccc(S(=O)(=O)Nc2ccccc2)cc1,CHEMBL3836,2.0,2.0,0.707,723,False
CCCCN1C=NC2C(=O)NC(Cc3ccc(OC)cc3)=NC21,CHEMBL2652,1.0,1.0,0.759,2674,False
CCCCN1C=NC2C(=O)NC(Cc3ccccc3)=NC21,CHEMBL2652,1.0,1.0,0.815,2674,False
CCCCN1CCC(C(=O)NO)C(CS(=O)(=O)c2ccc(OCc3cc(C)nc4ccccc34)cc2)C1,CHEMBL3706,1.0,1.0,0.74,1918,False
CCCCN1CCC(CNC(=O)c2ccc(N)c(OC)c2)CC1,CHEMBL1875,1.0,1.0,0.702,741,False
CCCCN1CCC(CNC(=O)c2cccc(COCCC3CCN(c4nnc(NC(=O)Cc5ccccc5)s4)CC3)c2)CC1,CHEMBL2146302,1.0,1.0,0.875,1424,False
CCCCNC(=O)C(=O)[C@H](CC)NC(=O)[C@@H]1C[C@@H](S(=O)(=O)c2ccccc2Cl)CN1C(=O)C1(c2ncc(Cl)cc2F)CC1,CHEMBL268,2.0,2.0,0.812,2225,False
CCCCNC(=O)C(=O)[C@H](CC)NC(=O)[C@@H]1C[C@@H](S(=O)(=O)c2ccccc2Cl)CN1C(=O)C1(c2ncc(Cl)cc2F)CC1,CHEMBL3837,3.0,3.0,0.812,2086,False
CCCCNC(=O)C(=O)[C@H](CC)NC(=O)[C@@H]1C[C@@H](S(=O)(=O)c2ccccc2Cl)CN1C(=O)C1(c2ncc(Cl)cc2F)CC1,CHEMBL4072,4.0,4.0,0.812,1368,False
CCCCNC(=O)C(=O)[C@H](CC)NC(=O)[C@@H]1C[C@@H](S(=O)(=O)c2ccccc2Cl)CN1C(=O)C1(c2ncc(Cl)cc2F)CC1,CHEMBL2954,1.0,1.0,0.812,2538,False
CCCCNC(=O)C(=O)[C@H](CCC)NC(=O)[C@@H]1C[C@@H](S(=O)(=O)c2ccccc2Cl)CN1C(=O)C1(c2ncc(Cl)cc2F)CC1,CHEMBL4072,1.0,1.0,0.847,1368,False
CCCCNC(=O)C(=O)[C@H](CCC)NC(=O)[C@@H]1C[C@@H](S(=O)(=O)c2ccccc2Cl)CN1C(=O)C1(c2ncc(Cl)cc2F)CC1,CHEMBL3837,4.0,4.0,0.847,2086,False
CCCCNC(=O)C(=O)[C@H](CCC)NC(=O)[C@@H]1C[C@@H](S(=O)(=O)c2ccccc2Cl)CN1C(=O)C1(c2ncc(Cl)cc2F)CC1,CHEMBL268,3.0,3.0,0.847,2225,False
CCCCNC(=O)C(=O)[C@H](CCC)NC(=O)[C@@H]1C[C@@H](S(=O)(=O)c2ccccc2Cl)CN1C(=O)C1(c2ncc(Cl)cc2F)CC1,CHEMBL2954,2.0,2.0,0.847,2538,False
CCCCNc1cc(-c2ccc(=O)n(C)c2)nc(OC)n1,CHEMBL5747,1.0,1.0,0.478,2875,False
CCCCNc1ncc2c(-c3ccc(S(=O)(=O)NC)cc3)nn(CC3CCOCC3)c2n1,CHEMBL5331,1.0,1.0,0.853,2333,False
CCCCOC(=O)NS(=O)(=O)c1sc(CC(C)C)nc1-c1ccc(Cn2ccnc2-c2nccs2)cc1,CHEMBL4607,1.0,1.0,0.769,787,False
CCCCOC(=O)NS(=O)(=O)c1sc(CCC)nc1-c1ccc(Cn2ccnc2-c2nccs2)cc1,CHEMBL4607,1.0,1.0,0.74,787,False
CCCCOC(=O)Nc1nnc(CCCCc2nnc(NC(=O)Cc3ccccc3)s2)s1,CHEMBL2146302,1.0,1.0,0.769,1424,False
CCCCOc1c(OC)ccc2cc(C(=O)NC3CCCCC3)c(=O)oc12,CHEMBL253,1.0,1.0,0.738,7881,False
CCCCOc1cc(Br)cc2cc(C(=O)NC3CCCCC3)c(=O)oc12,CHEMBL253,1.0,1.0,0.772,7881,False
CCCCOc1ccc(-c2nnc(-c3cc(Cl)c([C@]4(C)CS(=O)(=O)N(C)C(=N)N4)s3)o2)cc1,CHEMBL4822,1.0,1.0,0.795,9994,False
CCCCOc1ccc(-c2nnc(-c3cc(Cl)c([C@]4(C)CS(=O)(=O)N(C)C(=N)N4)s3)o2)cc1,CHEMBL2525,2.0,2.0,0.795,2213,False
CCCCOc1ccc(C2=NNC(=O)CC2)cc1,CHEMBL4777,147.0,213.0,0.286,965,False
CCCCOc1ccc(C2=NNC(=O)CC2)cc1,CHEMBL4018,141.0,207.0,0.286,780,False
CCCCOc1cccc2cc(C(=O)NC3CCCCC3)c(=O)oc12,CHEMBL253,1.0,1.0,0.98,7881,False
CCCCS(=O)(=O)Nc1ccc(C(=O)N[C@@H](CC2(C)CCCC2)C(=O)N[C@@H]2C(=O)CO[C@H]2CC)cc1,CHEMBL3837,2.0,2.0,0.781,2086,False
CCCCS(=O)(=O)Nc1ccc(C(=O)N[C@@H](CC2(C)CCCC2)C(=O)N[C@@H]2C(=O)CO[C@H]2CC)cc1,CHEMBL268,3.0,3.0,0.781,2225,False
CCCCS(=O)(=O)Nc1ccc(C(=O)N[C@@H](CC2(C)CCCC2)C(=O)N[C@@H]2C(=O)CO[C@H]2CC)cc1,CHEMBL2954,1.0,1.0,0.781,2538,False
CCCCSCC1C2CCC(O2)C1C/C=C\CCCC(=O)O,CHEMBL2069,1.0,1.0,0.704,1031,False
CCCCSCSCC1C2CCC(O2)C1C/C=C\CCCC(=O)O,CHEMBL2069,1.0,1.0,0.648,1031,False
CCCC[C@@H](NC(=O)[C@@H](Cc1cc2ccccc2n1C(=O)OC)NC(=O)[C@H](CC(C)(C)C)NC(=O)N1[C@H](C)CCC[C@@H]1C)C(=O)[O-],CHEMBL1785,1.0,1.0,0.711,1095,False
CCCC[C@H](N)C(=O)N1CCC[C@H]1C(=O)N[C@@H](CC(C)C)C(=O)N[C@@H](Cc1cncs1)C(=O)N[C@@H](CO)C(=O)N[C@@H](CCCNC(=N)N)C(=O)N[C@H](C(=O)N1CCC[C@H]1C(=O)N[C@@H](Cc1ccccc1)C(=O)N1CCC[C@H]1C(=O)O)C(C)C,CHEMBL1628481,1.0,1.0,0.857,3358,False
CCCC[C@H](NC(=O)CCCCCNC(=O)[C@H]1CC[C@@H]2c3[nH]c4ccccc4c3CCN2C1)C(=O)N[C@@H](Cc1ccc(F)cc1)C(=O)N[C@@H](CCCCN)C(N)=O,CHEMBL217,2.0,2.0,0.903,9217,False
CCCC[C@H](NC(=O)CCCCCNC(=O)[C@H]1CC[C@@H]2c3[nH]c4ccccc4c3CCN2C1)C(=O)N[C@@H](Cc1ccc(F)cc1)C(=O)N[C@@H](CCCCN)C(N)=O,CHEMBL2056,3.0,3.0,0.903,1513,False
CCCC[C@H](NC(=O)CCCCCNC(=O)[C@H]1CC[C@@H]2c3[nH]c4ccccc4c3CCN2C1)C(=O)N[C@@H](Cc1ccc(F)cc1)C(=O)N[C@@H](CCCCN)C(N)=O,CHEMBL251,1.0,1.0,0.903,6698,False
CCCC[C@H](NC(=O)CNC(=O)[C@@H]1CCCN1C(=O)CNC(=O)[C@@H]1CCCN1C(=O)CNC(=O)[C@@H]1CCCN1C(=O)CNC(=O)[C@@H]1CCCN1C(=O)CNC(=O)[C@@H]1CCCN1C(=O)CNC(=O)[C@@H]1CCCN1C(C)=O)C(=O)N[C@H]1CC(=O)NCCCC[C@@H](C(N)=O)NC(=O)[C@H](Cc2c[nH]c3ccccc23)NC(=O)[C@H](CCCNC(=N)N)NC(=O)[C@@H](Cc2ccc3ccccc3c2)NC(=O)[C@H](Cc2cnc[nH]2)NC1=O,CHEMBL259,1.0,1.0,1.0,3249,True
CCCC[C@H](NC(=O)[C@H](Cc1c[nH]c2ccccc12)NC(=O)CCNC(=O)[C@H](Cc1ccc(O)cc1)NC(=O)[C@H](C)NC(=O)[C@@H](CCC(=O)O)NC(=O)CN1CCN(CC(=O)O)CCN(CC(=O)O)CCN(CC(=O)O)CC1)C(=O)N[C@@H](CC(=O)O)C(=O)N[C@@H](Cc1ccccc1)C(N)=O,CHEMBL298,1.0,1.0,0.903,1500,False
CCCC[C@H](NC(=O)[C@H](Cc1ccc(S(=O)(=O)O)cc1)NC(=O)OC(C)(C)C)C(=O)NCC(=O)N[C@@H](Cc1c[nH]c2ccccc12)C(=O)N[C@@H](CCCC)C(=O)N[C@@H](CCCCc1ccccc1)CC(=O)O,CHEMBL2045,1.0,1.0,1.0,37,True
CCCC[C@H](NC(=O)[C@H](Cc1ccc(S(=O)(=O)O)cc1)NC(=O)OC(C)(C)C)C(=O)NCC(=O)N[C@@H](Cc1c[nH]c2ccccc12)C(=O)N[C@@H](CCCC)C(=O)N[C@@H](CCCCc1ccccc1)CC(=O)O,CHEMBL298,2.0,2.0,1.0,1500,True
CCCC[C@H](NC(=O)[C@H](Cc1ccc(S(=O)(=O)O)cc1)NC(=O)OC(C)(C)C)C(=O)NCC(=O)N[C@@H](Cc1c[nH]c2ccccc12)C(=O)N[C@@H](CCCC)C(=O)N[C@H](CCCCc1ccccc1)CC(=O)O,CHEMBL2045,1.0,1.0,1.0,37,True
CCCC[C@H](NC(=O)[C@H](Cc1ccc(S(=O)(=O)O)cc1)NC(=O)OC(C)(C)C)C(=O)NCC(=O)N[C@@H](Cc1c[nH]c2ccccc12)C(=O)N[C@@H](CCCC)C(=O)N[C@H](CCCCc1ccccc1)CC(=O)O,CHEMBL298,2.0,2.0,1.0,1500,True
CCCC[C@H](NC(C)=N)C(=O)N[C@@H]1NCCCC[C@@H](C(N)=O)NC(=O)[C@H](Cc2c[nH]c3ccccc23)NC(=O)[C@H](CCCNC(=N)N)NC(=O)[C@H](Cc2ccccc2)NC(=O)[C@H](Cc2cnc[nH]2)NC1=O,CHEMBL3795,1.0,1.0,0.796,1063,False
CCCC[C@H](NC(C)=N)C(=O)N[C@@H]1NCCCC[C@@H](C(N)=O)NC(=O)[C@H](Cc2c[nH]c3ccccc23)NC(=O)[C@H](CCCNC(=N)N)NC(=O)[C@H](Cc2ccccc2)NC(=O)[C@H](Cc2cnc[nH]2)NC1=O,CHEMBL4644,2.0,2.0,0.796,1032,False
CCCC[C@H](NC(C)=N)C(=O)N[C@@H]1NCCCC[C@@H](C(N)=O)NC(=O)[C@H](Cc2c[nH]c3ccccc23)NC(=O)[C@H](CCCNC(=N)N)NC(=O)[C@H](Cc2ccccc2)NC(=O)[C@H](Cc2cnc[nH]2)NC1=O,CHEMBL259,3.0,3.0,0.796,3249,False
CCCC[C@H](NC(C)=N)C(=O)N[C@@H]1NCCCC[C@@H](C(N)=O)NC(=O)[C@H](Cc2c[nH]c3ccccc23)NC(=O)[C@H](CCCNC(=N)N)NC(=O)[C@H](Cc2ccccc2)NC(=O)[C@H](Cc2cnc[nH]2)NC1=O,CHEMBL4608,4.0,4.0,0.796,803,False
CCCC[C@H]1N(Cc2ccc(-c3ccccc3-c3nnn[nH]3)cc2)C(=O)[C@H]2CCCN21,CHEMBL3191,2.0,2.0,0.609,97,True
CCCC[C@H]1N(Cc2ccc(-c3ccccc3-c3nnn[nH]3)cc2)C(=O)[C@H]2CCCN21,CHEMBL227,1.0,1.0,1.0,1165,True
CCCC[S+]([O-])c1sc2nc(-c3nccs3)cc(-c3nccn3C)c2c1N,CHEMBL1293255,1.0,1.0,0.78,503,False
CCCCc1[nH]c(-c2cc(N)ccc2Cl)c2c1C(=O)CCCC2,CHEMBL3108640,141.0,90.0,0.25,353,False
CCCCc1c(-c2cc(=O)[nH]c(C)n2)nnn1C(C)c1ccc(C(F)(F)F)cc1Cl,CHEMBL2652,1.0,1.0,0.542,2674,False
CCCCc1ccc(Nc2nc(Cl)c3[nH]cnc3n2)cc1,CHEMBL1828,2.0,2.0,0.439,64,False
CCCCc1ccc(Nc2nc(N)c3[nH]cnc3n2)cc1,CHEMBL1828,2.0,2.0,0.439,64,False
CCCCc1ccc(Nc2nc(O)c3[nH]cnc3n2)cc1,CHEMBL1828,3.0,3.0,0.439,64,False
CCCCc1ccc(Nc2nc(OC)c3[nH]cnc3n2)cc1,CHEMBL1828,3.0,3.0,0.424,64,False
CCCCc1ccc(Nc2nc(S)c3[nH]cnc3n2)cc1,CHEMBL1828,2.0,2.0,0.439,64,False
CCCCc1ccc(Nc2nc(SC)c3[nH]cnc3n2)cc1,CHEMBL1828,2.0,2.0,0.424,64,False
CCCCn1ccn2c(-c3ccc(OCC4CC4)c(Cl)c3)nnc2c1=O,CHEMBL5137,1.0,1.0,0.758,1873,False
CCCCn1nnc(-c2ccc(NC(=O)Nc3ccccc3C(F)(F)F)cc2)n1,CHEMBL5553,1.0,1.0,0.609,88,False
CCCN(CCC)C(=O)c1cc(C)cc(C(=O)N[C@@H](Cc2cc(F)cc(F)c2)[C@H](O)[C@H]2C[C@@H](OCc3ccccc3)CN2)c1,CHEMBL4822,1.0,1.0,0.842,9994,False
CCCN(CCC)C(=O)c1cc(C)cc(C(=O)N[C@@H](Cc2cc(F)cc(F)c2)[C@H](O)[C@H]2C[C@@H](OCc3ccccc3)CN2)c1,CHEMBL2525,4.0,4.0,0.842,2213,False
CCCN(CCC)C(=O)c1cc(C)cc(C(=O)N[C@@H](Cc2cc(F)cc(F)c2)[C@H](O)[C@H]2C[C@@H](OCc3ccccc3)CN2)c1,CHEMBL2581,3.0,3.0,0.842,2202,False
CCCN(CCC)C(=O)c1cc(C)cc(C(=O)N[C@@H](Cc2cc(F)cc(F)c2)[C@H](O)[C@H]2C[C@@H](OCc3ccccc3)CN2)c1,CHEMBL3092,2.0,2.0,0.842,92,False
CCCN(CCC)C(=O)c1cccc(C(=O)N[C@@H](Cc2cc(F)cc(F)c2)[C@@H](O)C[C@@H](CC)C(=O)NCc2ccccc2)c1,CHEMBL4822,1.0,1.0,0.812,9994,False
CCCN(CCCCNC(=O)c1ccc(-c2ccc(OCc3cn(CCOCCOCCOCCOCCn4cc(COc5ccc(-c6ccc(C(=O)NCCCCN(CCC)C7Cc8ccccc8C7)cc6)cc5)nn4)nn3)cc2)cc1)C1Cc2ccccc2C1,CHEMBL217,1.0,1.0,1.0,9217,True
CCCN(CCCCNC(=O)c1ccc(-c2ccccc2)cc1)[C@@H]1CCn2nccc2C1,CHEMBL234,3.0,3.0,1.0,6166,True
CCCN(CCCCNC(=O)c1ccc(-c2ccccc2)cc1)[C@@H]1CCn2nccc2C1,CHEMBL217,1.0,1.0,1.0,9217,True
CCCN(CCN1CCC(c2noc3cc(F)ccc23)CC1)C(=O)C(C)O,CHEMBL224,4.0,4.0,0.825,6081,False
CCCN(CCN1CCC(c2noc3cc(F)ccc23)CC1)C(=O)C(C)O,CHEMBL3155,1.0,1.0,0.825,3175,False
CCCN(CCN1CCC(c2noc3cc(F)ccc23)CC1)C(=O)C(C)O,CHEMBL240,2.0,2.0,0.825,10985,False
CCCN(S(=O)(=O)c1ccc(O)c(O)c1)S(=O)(=O)c1ccc(O)c(O)c1,CHEMBL3475,1.0,1.0,0.657,260,False
CCCN(c1ccc2c(c1)C(c1ccc(Cl)cc1)N(c1ccc(N(C)Cc3ccncc3)cc1)C(=O)C2)C(C)C,CHEMBL5023,1.0,1.0,0.476,4821,False
CCCN(c1ccc2c(c1)C(c1ccc(Cl)cc1)N(c1ccc(N(C)Cc3ccncc3)cc1)C(=O)C2)C(C)C,CHEMBL1255126,4.0,2.0,0.476,484,False
CCCN1C=N[C@@H](c2ccc(O)cc2Cl)[C@H]1c1ccc(O)cc1Cl,CHEMBL206,1.0,1.0,0.674,4427,False
CCCN1CCC(CNC(=O)c2cccc(COCCC3CCN(c4nnc(NC(=O)Cc5ccccc5)s4)CC3)c2)CC1,CHEMBL2146302,1.0,1.0,0.872,1424,False
CCCN1CCC(c2ccc3[nH]c(-c4cn(C)c(=O)c(Cl)c4C)c(C(C)C)c3n2)CC1,CHEMBL5936,2.0,2.0,0.743,5391,False
CCCN1CCC(c2ccc3[nH]c(-c4cn(C)c(=O)c(Cl)c4C)c(C(C)C)c3n2)CC1,CHEMBL5805,1.0,1.0,0.743,4084,False
CCCN1CCC(c2ccc3[nH]c(-c4cn(C)c(=O)c(Cl)c4C)c(C(C)C)c3n2)CC1,CHEMBL5804,3.0,3.0,0.743,3644,False
CCCN1CCC(c2noc3cc(F)ccc23)CC1,CHEMBL228,15.0,15.0,0.569,5328,False
CCCN1CCC(c2noc3cc(F)ccc23)CC1,CHEMBL217,6.0,6.0,0.629,9217,False
CCCNC(=O)CSCC1C2CCC(O2)C1C/C=C\CCCC(=O)O,CHEMBL2069,1.0,1.0,0.614,1031,False
CCCNC(=O)N1CCCC12CCN(c1ncnc3[nH]ccc13)C2,CHEMBL2148,1.0,1.0,0.825,7416,False
CCCNC(=O)c1ccc(Nc2cc(Nc3ccc4ncsc4c3)ncc2C(=O)NC[C@@H](F)C(C)(C)O)cc1,CHEMBL3778,1.0,1.0,0.817,7453,False
CCCOC(=O)C1C(C(=O)O)C2CC[C@H]1O2,CHEMBL4438,493.0,104.0,0.231,23,True
CCCOC(=O)c1cnc2[nH]ccc2c1N[C@H]1CCC[C@@H](CCC#N)C1,CHEMBL2835,2.0,2.0,0.788,10399,False
CCCOC(=O)c1cnc2[nH]ccc2c1N[C@H]1CCC[C@@H](CCC#N)C1,CHEMBL2148,1.0,1.0,0.788,7416,False
CCCOC(=O)c1cnc2[nH]ccc2c1N[C@H]1CCC[C@H](CCC#N)C1,CHEMBL2835,2.0,2.0,0.788,10399,False
CCCOC(=O)c1cnc2[nH]ccc2c1N[C@H]1CCC[C@H](CCC#N)C1,CHEMBL2148,1.0,1.0,0.788,7416,False
CCCO[C@@H]1O[C@H](CO)[C@@H](O)[C@H](O)[C@H]1NC(=O)c1ccc(S(N)(=O)=O)cc1,CHEMBL261,1.0,1.0,0.655,7567,False
CCCO[C@@H]1O[C@H](CO)[C@@H](O)[C@H](O)[C@H]1NC(=O)c1ccc(S(N)(=O)=O)cc1,CHEMBL205,2.0,2.0,0.655,8715,False
CCCO[C@@H]1O[C@H](CO)[C@@H](O)[C@H](O)[C@H]1NC(=O)c1ccc(S(N)(=O)=O)cc1,CHEMBL3594,3.0,3.0,0.655,6139,False
CCCOc1c(OC)ccc(-c2cncc(C3COB(O)C3)c2)c1F,CHEMBL4227,1.0,1.0,0.77,2172,False
CCCOc1c(OC)ccc(-c2cncc(C3COB(O)C3)c2)c1OC,CHEMBL4227,2.0,2.0,0.733,2172,False
CCCOc1c(OC)ccc2cc(C(=O)NC3CCCCC3)c(=O)oc12,CHEMBL253,1.0,1.0,0.667,7881,False
CCCOc1cc(-c2cncc(C3(CO)COB(O)C3)c2)ccc1OC,CHEMBL4227,1.0,1.0,0.576,2172,False
CCCOc1cc(-c2cncc(C3COB(O)C3)c2)c(F)cc1OC,CHEMBL4227,1.0,1.0,0.86,2172,False
CCCOc1cc(-c2cncc(C3COB(O)C3)c2)ccc1OC,CHEMBL4227,1.0,1.0,1.0,2172,True
CCCOc1cc(-c2cncc(C3COB(O)C3)c2)ccc1OC(F)F,CHEMBL4227,2.0,2.0,0.793,2172,False
CCCOc1cc(-c2cncc(C3COB(O)C3)c2)ccc1OCC,CHEMBL4227,2.0,2.0,0.852,2172,False
CCCOc1cc(-c2cncc(C3COB(O)C3)c2)ccc1SC,CHEMBL4227,1.0,1.0,0.759,2172,False
CCCOc1cc(-c2cncc(C3COB(O)C3)c2C)ccc1OC,CHEMBL4227,2.0,2.0,0.705,2172,False
CCCOc1ccc(-c2nnc(-c3cc(Cl)c([C@]4(C)CS(=O)(=O)N(C)C(=N)N4)s3)o2)cc1,CHEMBL4822,1.0,1.0,0.795,9994,False
CCCOc1ccc(-c2nnc(-c3cc(Cl)c([C@]4(C)CS(=O)(=O)N(C)C(=N)N4)s3)o2)cc1,CHEMBL2525,2.0,2.0,0.795,2213,False
CCCOc1ccc(Oc2cc(Nc3ccccc3C(N)=O)c(C(F)(F)F)cn2)cc1,CHEMBL2637,1.0,1.0,0.729,1597,False
CCCOc1ccc(Oc2cc(Nc3ccccc3C(N)=O)c(C(F)(F)F)cn2)cc1,CHEMBL2276,2.0,2.0,0.688,1907,False
CCCOc1ccc2c(-c3ccnc(Nc4cccc(C(F)(F)F)c4)n3)cnn2n1,CHEMBL262,1.0,1.0,0.687,5430,False
CCCOc1ccc2c(-c3ccnc(Nc4cccc(C(F)(F)F)c4)n3)cnn2n1,CHEMBL301,2.0,2.0,0.687,2596,False
CCCOc1cccc(-c2cncc(C3COB(O)C3)c2)c1,CHEMBL4227,1.0,1.0,0.719,2172,False
CCCOc1nc(-c2cccc(C3=CB(O)OC3)c2)ccc1OC,CHEMBL4227,1.0,1.0,0.609,2172,False
CCCOc1ncccc1C(=O)N1CC2CN(c3ccc(C(F)(F)F)cn3)CC2C1,CHEMBL5113,2.0,2.0,0.594,7217,False
CCCOc1ncccc1C(=O)N1CC2CN(c3ccc(C(F)(F)F)cn3)CC2C1,CHEMBL4792,1.0,1.0,0.594,7613,False
CCCS(=O)(=O)N1CC=C(c2ccc3c(c2)CC(C2CCN(C(=O)OC(C)C)CC2)O3)CC1,CHEMBL5652,1.0,1.0,0.792,1661,False
CCCS(=O)(=O)N1CC=C(c2ccc3c(c2)CC(C2CCN(S(=O)(=O)CCC)CC2)O3)CC1,CHEMBL5652,1.0,1.0,0.794,1661,False
CCCS(=O)(=O)N1CCC(CCOC)(CNC(=O)c2ccc(Cl)cc2Cl)CC1,CHEMBL2337,1.0,1.0,0.742,1047,False
CCCS(=O)(=O)N1CCC(CNC(=O)c2ccc(Cl)cc2Cl)(C(=O)N(C)C)CC1,CHEMBL2337,1.0,1.0,0.754,1047,False
CCCS(=O)(=O)N1CCC(CNC(=O)c2ccc(Cl)cc2Cl)(C(=O)NCC)CC1,CHEMBL2337,1.0,1.0,0.79,1047,False
CCCS(=O)(=O)N1CCN(C2(CNC(=O)c3c(F)cccc3F)CCC3(CC3)CC2)CC1,CHEMBL2337,1.0,1.0,0.87,1047,False
CCCS(=O)(=O)Nc1cc(C)cc(Nc2ccc3ncn(C)c(=O)c3c2C)c1F,CHEMBL5145,1.0,1.0,0.73,5743,False
CCCS(=O)(=O)Nc1cc(Cl)cc(Nc2ccc3ncn(C)c(=O)c3c2C)c1Cl,CHEMBL5145,1.0,1.0,0.688,5743,False
CCCS(=O)(=O)Nc1cc(Cl)cc(Nc2ccc3ncn(C)c(=O)c3c2C)c1F,CHEMBL5145,1.0,1.0,0.738,5743,False
CCCS(=O)(=O)Nc1cc(F)c(F)c(Nc2ccc3ncn(C)c(=O)c3c2C)c1Cl,CHEMBL5145,1.0,1.0,0.769,5743,False
CCCS(=O)(=O)Nc1cc(F)c(F)c(Nc2ccc3ncn(C)c(=O)c3c2C)c1F,CHEMBL5145,1.0,1.0,0.734,5743,False
CCCS(=O)(=O)Nc1cc(F)cc(Nc2ccc3ncn(C)c(=O)c3c2C)c1Cl,CHEMBL5145,1.0,1.0,0.738,5743,False
CCCS(=O)(=O)Nc1cc(F)cc(Nc2ccc3ncn(C)c(=O)c3c2C)c1F,CHEMBL5145,1.0,1.0,0.73,5743,False
CCCS(=O)(=O)Nc1ccc(C)c(Nc2ccc3ncn(C)c(=O)c3c2)c1,CHEMBL5145,1.0,1.0,0.522,5743,False
CCCS(=O)(=O)Nc1ccc(Cl)c(N(C)c2ccc3ncn(C)c(=O)c3c2)c1F,CHEMBL5145,1.0,1.0,0.6,5743,False
CCCS(=O)(=O)Nc1ccc(Cl)c(Nc2ccc3ncn(C)c(=O)c3c2)c1C#N,CHEMBL5145,1.0,1.0,0.725,5743,False
CCCS(=O)(=O)Nc1ccc(Cl)c(Nc2ccc3ncn(C)c(=O)c3c2)c1F,CHEMBL5145,1.0,1.0,0.609,5743,False
CCCS(=O)(=O)Nc1ccc(Cl)c(Nc2ccc3ncn(C)c(=O)c3c2C)c1Cl,CHEMBL5145,1.0,1.0,0.8,5743,False
CCCS(=O)(=O)Nc1ccc(Cl)c(Nc2ccc3ncn(C)c(=O)c3c2C)c1F,CHEMBL5145,1.0,1.0,0.723,5743,False
CCCS(=O)(=O)Nc1ccc(F)c(N(C)c2ccc3ncn(C)c(=O)c3c2)c1Cl,CHEMBL5145,1.0,1.0,0.592,5743,False
CCCS(=O)(=O)Nc1ccc(F)c(N(C)c2ccc3ncn(C)c(=O)c3c2)c1F,CHEMBL5145,1.0,1.0,0.667,5743,False
CCCS(=O)(=O)Nc1ccc(F)c(N(CC)c2ccc3ncn(C)c(=O)c3c2)c1Cl,CHEMBL5145,1.0,1.0,0.592,5743,False
CCCS(=O)(=O)Nc1ccc(F)c(N(CC)c2ccc3ncn(C)c(=O)c3c2)c1F,CHEMBL5145,1.0,1.0,0.667,5743,False
CCCS(=O)(=O)Nc1ccc(F)c(Nc2ccc3ncn(C(C)C)c(=O)c3c2C)c1Cl,CHEMBL5145,1.0,1.0,0.735,5743,False
CCCS(=O)(=O)Nc1ccc(F)c(Nc2ccc3ncn(C)c(=O)c3c2)c1Cl,CHEMBL5145,1.0,1.0,0.761,5743,False
CCCS(=O)(=O)Nc1ccc(F)c(Nc2ccc3ncn(C)c(=O)c3c2)c1F,CHEMBL5145,1.0,1.0,0.677,5743,False
CCCS(=O)(=O)Nc1ccc(F)c(Nc2ccc3ncn(C)c(=O)c3c2C)c1C,CHEMBL5145,1.0,1.0,0.742,5743,False
CCCS(=O)(=O)Nc1ccc(F)c(Nc2ccc3ncn(C)c(=O)c3c2C)c1C#N,CHEMBL5145,1.0,1.0,0.725,5743,False
CCCS(=O)(=O)Nc1ccc(F)c(Nc2ccc3ncn(C)c(=O)c3c2C)c1Cl,CHEMBL5145,1.0,1.0,0.806,5743,False
CCCS(=O)(=O)Nc1ccc(F)c(Nc2ccc3ncn(C)c(=O)c3c2C)c1F,CHEMBL5145,1.0,1.0,0.787,5743,False
CCCS(=O)(=O)Nc1ccc(F)c(Nc2ccc3ncn(C)c(=O)c3c2Cl)c1Cl,CHEMBL5145,1.0,1.0,0.692,5743,False
CCCS(=O)(=O)Nc1ccc(F)c(Nc2ccc3ncn(C)c(=O)c3c2F)c1Cl,CHEMBL5145,1.0,1.0,0.682,5743,False
CCCS(=O)(=O)Nc1ccc(F)c(Nc2ccc3ncn(C)c(=O)c3c2OC)c1Cl,CHEMBL5145,1.0,1.0,0.657,5743,False
CCCS(=O)(=O)Nc1ccc(F)c(Nc2ccc3ncn(C4CCC4)c(=O)c3c2C)c1Cl,CHEMBL5145,1.0,1.0,0.968,5743,False
CCCS(=O)(=O)Nc1ccc(F)c(Nc2ccc3ncn(CC(F)(F)F)c(=O)c3c2C)c1Cl,CHEMBL5145,1.0,1.0,0.779,5743,False
CCCS(=O)(=O)Nc1ccc(F)c(Nc2ccc3ncn(CC)c(=O)c3c2C)c1Cl,CHEMBL5145,1.0,1.0,0.828,5743,False
CCCS(=O)(=O)Nc1ccc(F)c(Nc2ccc3ncn(CCOC)c(=O)c3c2C)c1Cl,CHEMBL5145,1.0,1.0,0.757,5743,False
CCCS(=O)(=O)Nc1ccc2nc(-c3ccc(Cl)cc3)c(CN3CCN(C(C)=O)CC3)n2c1,CHEMBL5873,1.0,1.0,0.761,112,False
CCCS(=O)(=O)Nc1cccc(Nc2ccc3ncn(C)c(=O)c3c2)c1C#N,CHEMBL5145,1.0,1.0,0.712,5743,False
CCCS(=O)(=O)Nc1cccc(Nc2ccc3ncn(C)c(=O)c3c2C)c1C#N,CHEMBL5145,1.0,1.0,0.738,5743,False
CCCS(=O)(=O)Nc1cccc(Nc2ccc3ncn(C)c(=O)c3c2C)c1Cl,CHEMBL5145,1.0,1.0,0.726,5743,False
CCCS(=O)(=O)c1ccc(CC(=O)Nc2nc(-c3cc(Cl)ccc3Cl)cs2)cc1,CHEMBL1741186,1.0,1.0,0.625,10748,False
CCCSCC1C2CCC(O2)C1C/C=C\CCCC(=O)O,CHEMBL2069,1.0,1.0,0.712,1031,False
CCC[C@@H]1Oc2ccc(C)cc2[C@@H]1NC(=O)c1ccc(C(F)(F)F)[nH]c1=O,CHEMBL2789,1.0,1.0,0.857,671,False
CCC[C@H](C(N)=O)[C@@H](CC(C)C)C(=O)N[C@H]1CCCCN(Cc2cccc(Nc3ccc4c(c3)OCO4)c2)C1=O,CHEMBL2487,1.0,1.0,0.816,1789,False
CCC[C@H](NC(C)=O)C(=O)N1C[C@H](O)C[C@H]1C(=O)NCc1ccc(-c2scnc2C)cc1,CHEMBL3108660,1.0,1.0,0.75,388,False
CCC[S+]([O-])c1sc2nc(-c3nccs3)cc(-c3nccn3C)c2c1N,CHEMBL1293255,1.0,1.0,0.729,503,False
CCCc1[nH]c(-c2cc(N)ccc2Cl)c2c1C(=O)CCCC2,CHEMBL1163125,1.0,1.0,0.446,9315,False
CCCc1[nH]c(-c2cc(N)ccc2Cl)c2c1C(=O)CCCC2,CHEMBL3085622,555.0,260.0,0.223,57,False
CCCc1[nH]c(-c2cc(N)ccc2Cl)c2c1C(=O)CCCC2,CHEMBL3108640,115.0,54.0,0.256,353,False
CCCc1[nH]c(-c2cc(N)ccc2Cl)c2c1C(=O)CCCC2,CHEMBL1795185,22.0,11.0,0.293,264,False
CCCc1cc(C(=O)Nc2cc(OC)c(Cl)cc2OC)no1,CHEMBL4026,1.0,1.0,0.627,1223,False
CCCc1nc(-c2ccc(Cn3ccnc3-c3nccs3)cc2)c(S(=O)(=O)NC(=O)OC)s1,CHEMBL4607,1.0,1.0,0.722,787,False
CCCc1nc(CC)c(C(=O)OCCN2C(=O)c3ccccc3C2=O)n1Cc1ccc(-c2ccccc2S(=O)(=O)NC(=O)OCCC(C)C)cc1F,CHEMBL227,2.0,2.0,0.929,1165,False
CCCc1nc(CC)c(C(=O)OCCN2C(=O)c3ccccc3C2=O)n1Cc1ccc(-c2ccccc2S(=O)(=O)NC(=O)OCCC(C)C)cc1F,CHEMBL4607,1.0,1.0,0.929,787,False
CCCc1nc(N)nc(-n2c(Nc3cccc(O)c3)nc3ccccc32)n1,CHEMBL2842,1.0,1.0,0.565,4921,False
CCCc1nc(N)nc(-n2c(Nc3cccc(O)c3)nc3ccccc32)n1,CHEMBL4005,2.0,2.0,0.565,7718,False
CCCc1nc2cc3c(cc2o1)CCN(CCCSc1nnc(-c2cccc4nc(C)ccc24)n1C)CC3,CHEMBL234,2.0,2.0,0.811,6166,False
CCCc1nc2cc3c(cc2o1)CCN(CCCSc1nnc(-c2cccc4nc(C)ccc24)n1C)CC3,CHEMBL240,1.0,1.0,0.811,10985,False
CCCc1nn(C)c2c(=O)[nH]c(-c3cc(N4CCC5(CCC(C(=O)NO)C5)CC4)ccc3OCC)nc12,CHEMBL1827,1.0,1.0,0.853,2179,False
CCCc1nn(C)c2c(=O)[nH]c(-c3cc(N4CCC5(CCC(C(=O)NO)C5)CC4)ccc3OCC)nc12,CHEMBL325,3.0,3.0,0.853,8231,False
CCCc1nn(C)c2c(=O)[nH]c(-c3cc(N4CCC5(CCC(C(=O)NO)C5)CC4)ccc3OCC)nc12,CHEMBL1865,2.0,2.0,0.853,6508,False
CCCc1nnc(NC(=O)c2nc(S(=O)(=O)Cc3ccc(C)cc3)ncc2Cl)s1,CHEMBL6089,24.0,6.0,0.515,328,False
CCCc1nnc(NC(=O)c2nc(S(=O)(=O)Cc3cccc(C)c3)ncc2Cl)s1,CHEMBL6089,7.0,2.0,0.647,328,False
CCCn1c(=O)c2[nH]c(-c3cc(C)n(CC(=O)Nc4ccc(Br)cc4)n3)nc2n(CCC)c1=O,CHEMBL255,2.0,2.0,0.686,3330,False
CCCn1c(=O)c2[nH]c(-c3cc(C)n(CC(=O)Nc4ccc(C)c(C)c4)n3)nc2n(CCC)c1=O,CHEMBL255,1.0,1.0,0.553,3330,False
CCCn1c(=O)c2[nH]c(-c3cc(C)n(CC(=O)Nc4ccc(C)cc4)n3)nc2n(CCC)c1=O,CHEMBL255,2.0,2.0,0.589,3330,False
CCCn1c(=O)c2[nH]c(-c3cc(C)n(CC(=O)Nc4ccc(Cl)c(Cl)c4)n3)nc2n(CCC)c1=O,CHEMBL255,1.0,1.0,0.538,3330,False
CCCn1c(=O)c2[nH]c(-c3cc(C)n(CC(=O)Nc4ccc(Cl)cc4)n3)nc2n(CCC)c1=O,CHEMBL255,1.0,1.0,0.573,3330,False
CCCn1c(=O)c2[nH]c(-c3cc(C)n(CC(=O)Nc4ccc(F)cc4)n3)nc2n(CCC)c1=O,CHEMBL226,2.0,2.0,0.573,5123,False
CCCn1c(=O)c2[nH]c(-c3cc(C)n(CC(=O)Nc4ccc(F)cc4)n3)nc2n(CCC)c1=O,CHEMBL255,1.0,1.0,0.573,3330,False
CCCn1c(=O)c2[nH]c(-c3cc(C)n(CC(=O)Nc4ccc(I)cc4)n3)nc2n(CCC)c1=O,CHEMBL255,1.0,1.0,0.573,3330,False
CCCn1c(=O)c2[nH]c(-c3cc(C)n(CC(=O)Nc4ccc(OC)c(OC)c4)n3)nc2n(CCC)c1=O,CHEMBL255,1.0,1.0,0.57,3330,False
CCCn1c(=O)c2[nH]c(-c3cc(C)n(CC(=O)Nc4ccc(OC)cc4)n3)nc2n(CCC)c1=O,CHEMBL255,1.0,1.0,0.582,3330,False
CCCn1c(=O)c2[nH]c(-c3cc(C)n(CC(=O)Nc4cccc(Cl)c4)n3)nc2n(CCC)c1=O,CHEMBL226,2.0,2.0,0.519,5123,False
CCCn1c(=O)c2[nH]c(-c3cc(C)n(CC(=O)Nc4cccc(Cl)c4)n3)nc2n(CCC)c1=O,CHEMBL255,1.0,1.0,0.519,3330,False
CCCn1c(=O)c2[nH]c(-c3cc(C)n(CC(=O)Nc4cccc(OC)c4)n3)nc2n(CCC)c1=O,CHEMBL226,2.0,2.0,0.532,5123,False
CCCn1c(=O)c2[nH]c(-c3cc(C)n(CC(=O)Nc4cccc(OC)c4)n3)nc2n(CCC)c1=O,CHEMBL255,1.0,1.0,0.535,3330,False
CCCn1c(=O)c2[nH]c(-c3cc(C)n(CC(=O)Nc4ccccc4)n3)nc2n(CCC)c1=O,CHEMBL226,2.0,2.0,0.568,5123,False
CCCn1c(=O)c2[nH]c(-c3cc(C)n(CC(=O)Nc4ccccc4)n3)nc2n(CCC)c1=O,CHEMBL255,1.0,1.0,0.568,3330,False
CCCn1c(=O)c2[nH]c(-c3ccc(COC(=O)Nc4cccs4)cc3)cc2n(CCC)c1=O,CHEMBL255,2.0,2.0,0.762,3330,False
CCCn1c(=O)c2[nH]c(-c3ccc(COC(=O)Nc4cccs4)cc3)cc2n(CCC)c1=O,CHEMBL251,1.0,1.0,0.762,6698,False
CCCn1c(=O)c2[nH]c(-c3ccn(CC(=O)Nc4ccc(Cl)cc4)n3)nc2n(CCC)c1=O,CHEMBL226,1.0,1.0,0.56,5123,False
CCCn1c(=O)c2[nH]c(-c3ccn(CC(=O)Nc4ccc(Cl)cc4)n3)nc2n(CCC)c1=O,CHEMBL255,2.0,2.0,0.56,3330,False
CCCn1c(=O)c2[nH]c(-c3nn(CC(=O)Nc4ccc(Cl)cc4)c(C)c3Br)nc2n(CCC)c1=O,CHEMBL255,1.0,1.0,0.532,3330,False
CCCn1c(=O)c2[nH]c(-c3nn(CC(=O)Nc4ccc(Cl)cc4)c(C)c3Cl)nc2n(CCC)c1=O,CHEMBL255,1.0,1.0,0.506,3330,False
CCCn1c(=O)c2nc(-c3cnn(CCc4ccccc4)c3)[nH]c2n(CCC)c1=O,CHEMBL255,2.0,2.0,0.907,3330,False
CCCn1c(=O)c2nc(-c3cnn(CCc4ccccc4)c3)[nH]c2n(CCC)c1=O,CHEMBL226,1.0,1.0,0.907,5123,False
CCCn1c(=O)c2nc(-c3cnn(CCc4ccccc4)c3)[nH]c2n(CCC)c1=O,CHEMBL251,3.0,3.0,0.907,6698,False
CCCn1c(SCc2cc([N+](=O)[O-])ccc2OC)nc2cc(NC(=O)NC(C)(C)C)cc(C(=O)NCCc3ccccn3)c21,CHEMBL1855,1.0,1.0,0.888,1565,False
CCCn1cc(-c2ccc(NC(=O)c3cn(CC4CCOCC4)cc(-c4ccc(F)cc4)c3=O)cc2)c2c(N)ncnc21,CHEMBL4895,2.0,2.0,0.861,2888,False
CCCn1cc(-c2ccc(NC(=O)c3cn(CC4CCOCC4)cc(-c4ccc(F)cc4)c3=O)cc2)c2c(N)ncnc21,CHEMBL3717,1.0,1.0,0.861,4639,False
CCCn1cc(-c2cnc3ccc(N(CCNC(C)C)c4cc(OC)cc(OC)c4)cn3c2=O)cn1,CHEMBL3650,1.0,1.0,0.8,4143,False
CCCn1cc(C(Cc2ccc(F)cc2)n2ccnc2)c2cc(Br)ccc21,CHEMBL1978,1.0,1.0,0.619,2984,False
CCCn1cc(CNCc2cc(=O)c3cc(F)ccc3[nH]2)cn1,CHEMBL219,1.0,1.0,0.485,2981,False
CCN(C(C)=O)C(C)c1ccccc1N1CCN(C(=O)[C@H](CC(=O)NC2CCC2)Cc2ccc(Cl)cc2)CC1,CHEMBL259,1.0,1.0,0.746,3249,False
CCN(C)C(=O)[C@@H]1CN(C2CCCC2)CC[C@H]1NC(=O)c1cc(-c2ccc(F)cc2F)on1,CHEMBL2010631,1.0,1.0,0.984,1433,False
CCN(C)S(=O)(=O)Nc1ccc(F)c(Nc2ccc3ncn(C)c(=O)c3c2C)c1Cl,CHEMBL5145,1.0,1.0,0.708,5743,False
CCN(CC(CC(=O)OC)NC(=O)OCc1cncs1)CC(CC(=O)OC)NC(=O)OCc1nccs1,CHEMBL340,1.0,1.0,0.742,5556,False
CCN(CC(O)(CNC(=O)c1cnn(-c2ccc(F)cc2)c1N)C(F)(F)F)C(=O)c1cccnc1Cl,CHEMBL2034,1.0,1.0,0.819,3039,False
CCN(CC(O)c1ccccc1)c1ccc(C(O)(C(F)(F)F)C(F)(F)F)cc1,CHEMBL2808,1.0,1.0,0.636,1202,False
CCN(CC(O)c1ccccc1)c1ccc(C(O)(C(F)(F)F)C(F)(F)F)cc1,CHEMBL4093,2.0,2.0,0.636,1355,False
CCN(CC)C(=O)[C@@H]1C=C2c3cccc4c3c(cn4Cc3ccccc3)C[C@H]2N(C(=O)Nc2ccccc2)C1,CHEMBL4441,1.0,1.0,0.794,1777,False
CCN(CC)CC(=O)N1C[C@@H](c2ccc(Cl)cc2)Sc2ccccc21,CHEMBL1940,280.0,226.0,0.259,238,False
CCN(CC)CCCCCOc1ccc2c(c1)CC/C(=C\c1ccc(CN(C)Cc3ccccc3)cc1)C2=O,CHEMBL1914,2.0,2.0,0.836,3653,False
CCN(CC)CCCCCOc1ccc2c(c1)CC/C(=C\c1ccc(CN(C)Cc3ccccc3)cc1)C2=O,CHEMBL220,1.0,1.0,0.836,6051,False
CCN(CC)CCCc1cn(CCCN2CCN(c3ccccc3OC)CC2)nn1,CHEMBL214,4.0,4.0,0.606,5809,False
CCN(CC)CCNC(=O)c1cc(-n2nc(C(C)(C)C)cc2NC(=O)Nc2cccc3ccccc23)ccc1C,CHEMBL260,1.0,1.0,0.77,5079,False
CCN(CC)CCNC(=O)c1cccc(-n2nc(C(C)(C)C)cc2NC(=O)Nc2cccc3ccccc23)c1,CHEMBL2695,14.0,17.0,0.435,2210,False
CCN(CC)CCNC(=O)c1cccc(-n2nc(C(C)(C)C)cc2NC(=O)Nc2cccc3ccccc23)c1,CHEMBL5903,601.0,357.0,0.284,1119,False
CCN(CC)CCNC(=O)c1cccc(-n2nc(C(C)(C)C)cc2NC(=O)Nc2cccc3ccccc23)c1,CHEMBL2147,269.0,354.0,0.284,4940,False
CCN(CC)CCNC(=O)c1cccc(-n2nc(C(C)(C)C)cc2NC(=O)Nc2cccc3ccccc23)c1,CHEMBL2850,2.0,2.0,0.521,1613,False
CCN(CC)CCNC(=O)c1cccc(-n2nc(C(C)(C)C)cc2NC(=O)Nc2cccc3ccccc23)c1,CHEMBL5543,668.0,784.0,0.239,754,False
CCN(CC)CCNC(=O)c1cccc(-n2nc(C(C)(C)C)cc2NC(=O)Nc2cccc3ccccc23)c1,CHEMBL2468,698.0,454.0,0.269,411,False
CCN(CC)CCNC(=O)c1cccc(-n2nc(C(C)(C)C)cc2NC(=O)Nc2cccc3ccccc23)c1,CHEMBL1868,43.0,49.0,0.407,1481,False
CCN(CC)CCNC(=O)c1cccc(-n2nc(C(C)(C)C)cc2NC(=O)Nc2cccc3ccccc23)c1,CHEMBL4722,155.0,219.0,0.33,3456,False
CCN(CC)CCNC(=O)c1cccc(-n2nc(C(C)(C)C)cc2NC(=O)Nc2cccc3ccccc23)c1,CHEMBL3920,477.0,810.0,0.237,1045,False
CCN(CC)CCNC(=O)c1cccc(-n2nc(C(C)(C)C)cc2NC(=O)Nc2cccc3ccccc23)c1,CHEMBL2345,427.0,553.0,0.259,856,False
CCN(CC)CCNC(=O)c1cccc(-n2nc(C(C)(C)C)cc2NC(=O)Nc2cccc3ccccc23)c1,CHEMBL5314,44.0,50.0,0.407,1890,False
CCN(CC)CCNC(=O)c1cccc(-n2nc(C(C)(C)C)cc2NC(=O)Nc2cccc3ccccc23)c1,CHEMBL4599,382.0,400.0,0.275,799,False
CCN(CC)CCNC(=O)c1cccc(-n2nc(C(C)(C)C)cc2NC(=O)Nc2cccc3ccccc23)c1,CHEMBL3055,55.0,59.0,0.407,628,False
CCN(CC)CCNC(=O)c1cccc(-n2nc(C(C)(C)C)cc2NC(=O)Nc2cccc3ccccc23)c1,CHEMBL4147,474.0,807.0,0.237,147,False
CCN(CC)CCNC(=O)c1cccc(-n2nc(C(C)(C)C)cc2NC(=O)Nc2cccc3ccccc23)c1,CHEMBL5608,53.0,57.0,0.407,635,False
CCN(CC)CCNC(=O)c1cccc(-n2nc(C(C)(C)C)cc2NC(=O)Nc2cccc3ccccc23)c1,CHEMBL258,21.0,27.0,0.407,2369,False
CCN(CC)CCNC(=O)c1cccc(-n2nc(C(C)(C)C)cc2NC(=O)Nc2cccc3ccccc23)c1,CHEMBL1841,76.0,68.0,0.407,1222,False
CCN(CC)CCNC(=O)c1cccc(-n2nc(C(C)(C)C)cc2NC(=O)Nc2cccc3ccccc23)c1,CHEMBL4247,297.0,398.0,0.275,2510,False
CCN(CC)CCNC(=O)c1cccc(-n2nc(C(C)(C)C)cc2NC(=O)Nc2cccc3ccccc23)c1,CHEMBL3587,298.0,399.0,0.275,1086,False
CCN(CC)CCNC(=O)c1cccc(-n2nc(C(C)(C)C)cc2NC(=O)Nc2cccc3ccccc23)c1,CHEMBL4898,31.0,37.0,0.407,807,False
CCN(CC)CCNC(=O)c1cccc(Nc2nccc(-c3cnn4ncccc34)n2)c1,CHEMBL331,1.0,1.0,0.541,1424,False
CCN(CC)CCNC(=O)c1cccc(Nc2nccc(-c3cnn4ncccc34)n2)c1,CHEMBL262,2.0,2.0,0.541,5430,False
CCN(CC)CCNC(=O)c1cccc(Nc2nccc(-c3cnn4ncccc34)n2)c1,CHEMBL301,3.0,3.0,0.541,2596,False
CCN(CC)Cc1ccc2[nH]c(-c3n[nH]cc3Nc3cc(Cl)nc(C)n3)nc2c1,CHEMBL2185,2.0,2.0,0.671,2659,False
CCN(CC)Cc1ccc2[nH]c(-c3n[nH]cc3Nc3cc(Cl)nc(S(C)(=O)=O)n3)nc2c1,CHEMBL2185,1.0,1.0,0.703,2659,False
CCN(CC)Cc1ccc2[nH]c(-c3n[nH]cc3Nc3cc(Cl)nc(S(C)(=O)=O)n3)nc2c1,CHEMBL4722,2.0,2.0,0.703,3456,False
CCN(CC)Cc1ccc2[nH]c(-c3n[nH]cc3Nc3cc(Cl)nc(SC)n3)nc2c1,CHEMBL2185,1.0,1.0,0.688,2659,False
CCN(CC)Cc1ccc2[nH]c(-c3n[nH]cc3Nc3cc(Cl)nc(SC)n3)nc2c1,CHEMBL4722,2.0,2.0,0.688,3456,False
CCN(CC)Cc1cccc(Nc2nccc(-c3cnn4ncccc34)n2)c1,CHEMBL331,1.0,1.0,0.591,1424,False
CCN(CC)Cc1cccc(Nc2nccc(-c3cnn4ncccc34)n2)c1,CHEMBL262,2.0,2.0,0.591,5430,False
CCN(CC)Cc1cccc(Nc2nccc(-c3cnn4ncccc34)n2)c1,CHEMBL301,4.0,3.0,0.591,2596,False
CCN(CC)c1ccc(/C=C2/C(=O)c3ccc(C(=O)O)cc3C2=O)cc1,CHEMBL5023,148.0,294.0,0.271,4821,False
CCN(CC)c1ccc(/C=C2\C(=O)c3ccc(C(=O)O)cc3C2=O)cc1,CHEMBL5023,148.0,294.0,0.271,4821,False
CCN(CC)c1ccc(C2=NNC(=O)CC2C)cc1[N+](=O)[O-],CHEMBL241,1.0,4.0,0.431,726,False
CCN(CC)c1ccc(C2=NNC(=O)CC2C)cc1[N+](=O)[O-],CHEMBL290,2.0,5.0,0.429,494,False
CCN(CC)c1ccc(C2=NNC(=O)C[C@H]2C)cc1[N+](=O)[O-],CHEMBL241,1.0,4.0,0.431,726,False
CCN(CC)c1ccc(C2=NNC(=O)C[C@H]2C)cc1[N+](=O)[O-],CHEMBL290,2.0,5.0,0.429,494,False
CCN(CC)c1ccc(C2=NNC(=O)C[C@H]2C)cc1[N+](=O)[O-],CHEMBL5291543,,,0.0,1,False
CCN(CC)c1ccc2cc(C(=O)NC3(C(=O)N(C)N(C)C#N)CCCCC3)c(=O)oc2c1,CHEMBL4072,12.0,14.0,0.365,1368,False
CCN(CC)c1ccc2cc(C(=O)NC3(C(=O)N(C)N(C)C#N)CCCCC3)c(=O)oc2c1,CHEMBL268,21.0,29.0,0.329,2225,False
CCN(CC)c1ccc2cc(C(=O)NC3(C(=O)N(C)N(C)C#N)CCCCC3)c(=O)oc2c1,CHEMBL2954,11.0,13.0,0.365,2538,False
CCN(CC)c1ccc2cc(C(=O)NC3(C(=O)NCC#N)CCCCC3)c(=O)oc2c1,CHEMBL268,7.0,7.0,0.493,2225,False
CCN(CC)c1ccc2cc(C(=O)NC3(C(=O)NCC#N)CCCCC3)c(=O)oc2c1,CHEMBL2954,3.0,4.0,0.523,2538,False
CCN(CC)c1nc(CNCC2(F)CCN(C(=O)c3ccc(F)c(Cl)c3)CC2)ccc1C,CHEMBL214,1.0,1.0,0.691,5809,False
CCN(CCCN1CCC(c2noc3cc(F)ccc23)CC1)C(=O)[C@H](C)O,CHEMBL224,4.0,4.0,0.758,6081,False
CCN(CCCN1CCC(c2noc3cc(F)ccc23)CC1)C(=O)[C@H](C)O,CHEMBL3155,2.0,2.0,0.758,3175,False
CCN(CCCN1CCC(c2noc3cc(F)ccc23)CC1)C(=O)[C@H](C)O,CHEMBL217,3.0,3.0,0.758,9217,False
CCN(CCCN1CCC(c2noc3cc(F)ccc23)CC1)S(=O)(=O)C(C)CO,CHEMBL224,4.0,4.0,0.735,6081,False
CCN(CCCN1CCC(c2noc3cc(F)ccc23)CC1)S(=O)(=O)C(C)CO,CHEMBL3155,1.0,1.0,0.735,3175,False
CCN(CCCN1CCC(c2noc3cc(F)ccc23)CC1)S(=O)(=O)C(C)CO,CHEMBL240,3.0,3.0,0.735,10985,False
CCN(CCCN1CCC(c2noc3cc(F)ccc23)CC1)S(=O)(=O)CCO,CHEMBL224,1.0,1.0,0.616,6081,False
CCN(CCCN1CCC(c2noc3cc(F)ccc23)CC1)S(=O)(=O)CCO,CHEMBL3155,3.0,3.0,0.597,3175,False
CCN(CCCN1CCC(c2noc3cc(F)ccc23)CC1)S(=O)(=O)CCO,CHEMBL240,4.0,4.0,0.597,10985,False
CCN(CCCN1CCC(c2noc3ccccc23)CC1)S(=O)(=O)C(C)CO,CHEMBL224,4.0,4.0,0.562,6081,False
CCN(CCCN1CCC(c2noc3ccccc23)CC1)S(=O)(=O)C(C)CO,CHEMBL3155,3.0,3.0,0.562,3175,False
CCN(CCCN1CCC(c2noc3ccccc23)CC1)S(=O)(=O)C(C)CO,CHEMBL217,1.0,1.0,0.562,9217,False
CCN(CCCN1CCC(c2noc3ccccc23)CC1)S(=O)(=O)C(C)CO,CHEMBL240,2.0,2.0,0.562,10985,False
CCN(CCN(C)C)C(=O)c1cc(-n2nc(C(C)(C)C)cc2NC(=O)Nc2cccc3ccccc23)ccc1C,CHEMBL260,1.0,1.0,0.671,5079,False
CCN(CCN(C)C)C(=O)c1cccc(-n2nc(C(C)(C)C)cc2NC(=O)Nc2cccc3ccccc23)c1,CHEMBL2041,29.0,34.0,0.416,4396,False
CCN(CCN(C)C)C(=O)c1cccc(-n2nc(C(C)(C)C)cc2NC(=O)Nc2cccc3ccccc23)c1,CHEMBL260,1.0,1.0,0.57,5079,False
CCN(CCN(C)C)C(=O)c1cccc(-n2nc(C(C)(C)C)cc2NC(=O)Nc2cccc3ccccc23)c1,CHEMBL4179,6.0,6.0,0.474,1152,False
CCN(CCN(C)C)C(=O)c1cccc(-n2nc(C(C)(C)C)cc2NC(=O)Nc2cccc3ccccc23)c1,CHEMBL2007,36.0,41.0,0.416,933,False
CCN(CCN(C)C)C(=O)c1cccc(-n2nc(C(C)(C)C)cc2NC(=O)Nc2cccc3ccccc23)c1,CHEMBL5719,13.0,15.0,0.457,677,False
CCN(CCN(C)C)C(=O)c1cccc(-n2nc(C(C)(C)C)cc2NC(=O)Nc2cccc3ccccc23)c1,CHEMBL2595,635.0,361.0,0.271,516,False
CCN(CCN(C)c1nc(C)cc(C)n1)C(=O)c1nccnc1-n1cccn1,CHEMBL4792,2.0,2.0,0.759,7613,False
CCN(CCN(C)c1nc(C)cc(C)n1)C(=O)c1nccnc1-n1cccn1,CHEMBL5113,1.0,1.0,0.759,7217,False
CCN(CCN(C)c1nccc(C(C)(C)O)n1)C(=O)c1nccnc1-n1cccn1,CHEMBL4792,2.0,2.0,0.787,7613,False
CCN(CCN(C)c1nccc(C(C)(C)O)n1)C(=O)c1nccnc1-n1cccn1,CHEMBL5113,1.0,1.0,0.787,7217,False
CCN(CCN)C(=O)c1cc(-n2nc(C(C)(C)C)cc2NC(=O)Nc2cccc3ccccc23)ccc1C,CHEMBL260,1.0,1.0,0.716,5079,False
CCN(CCN)C(=O)c1cccc(-n2nc(C(C)(C)C)cc2NC(=O)Nc2cccc3ccccc23)c1,CHEMBL5627,85.0,68.0,0.407,250,False
CCN(CCN)C(=O)c1cccc(-n2nc(C(C)(C)C)cc2NC(=O)Nc2cccc3ccccc23)c1,CHEMBL5903,512.0,263.0,0.284,1119,False
CCN(CCN)C(=O)c1cccc(-n2nc(C(C)(C)C)cc2NC(=O)Nc2cccc3ccccc23)c1,CHEMBL2595,636.0,373.0,0.264,516,False
CCN(CCN)C(=O)c1cccc(-n2nc(C(C)(C)C)cc2NC(=O)Nc2cccc3ccccc23)c1,CHEMBL5678,1259.0,642.0,0.235,328,False
CCN(CCN)C(=O)c1cccc(-n2nc(C(C)(C)C)cc2NC(=O)Nc2cccc3ccccc23)c1,CHEMBL4147,367.0,536.0,0.244,147,False
CCN(CCN)C(=O)c1cccc(-n2nc(C(C)(C)C)cc2NC(=O)Nc2cccc3ccccc23)c1,CHEMBL262,20.0,26.0,0.407,5430,False
CCN(CCN)C(=O)c1cccc(-n2nc(C(C)(C)C)cc2NC(=O)Nc2cccc3ccccc23)c1,CHEMBL5608,54.0,59.0,0.407,635,False
CCN(CCN)C(=O)c1cccc(-n2nc(C(C)(C)C)cc2NC(=O)Nc2cccc3ccccc23)c1,CHEMBL5251,84.0,121.0,0.371,9782,False
CCN(CCN)C(=O)c1cccc(-n2nc(C(C)(C)C)cc2NC(=O)Nc2cccc3ccccc23)c1,CHEMBL2468,737.0,473.0,0.252,411,False
CCN(CCN)C(=O)c1cccc(-n2nc(C(C)(C)C)cc2NC(=O)Nc2cccc3ccccc23)c1,CHEMBL5330,171.0,139.0,0.371,608,False
CCN(CCN)C(=O)c1cccc(-n2nc(C(C)(C)C)cc2NC(=O)Nc2cccc3ccccc23)c1,CHEMBL2964,1113.0,623.0,0.237,221,False
CCN(CCN)C(=O)c1cccc(-n2nc(C(C)(C)C)cc2NC(=O)Nc2cccc3ccccc23)c1,CHEMBL2148,306.0,434.0,0.257,7416,False
CCN(CCN)C(=O)c1cccc(-n2nc(C(C)(C)C)cc2NC(=O)Nc2cccc3ccccc23)c1,CHEMBL2850,10.0,13.0,0.443,1613,False
CCN(CCN)C(=O)c1cccc(-n2nc(C(C)(C)C)cc2NC(=O)Nc2cccc3ccccc23)c1,CHEMBL2815,28.0,34.0,0.407,4872,False
CCN(CCN)C(=O)c1cccc(-n2nc(C(C)(C)C)cc2NC(=O)Nc2cccc3ccccc23)c1,CHEMBL2345,359.0,410.0,0.259,856,False
CCN(CCN)C(=O)c1cccc(-n2nc(C(C)(C)C)cc2NC(=O)Nc2cccc3ccccc23)c1,CHEMBL1913,21.0,27.0,0.407,1991,False
CCN(CCN)C(=O)c1cccc(-n2nc(C(C)(C)C)cc2NC(=O)Nc2cccc3ccccc23)c1,CHEMBL4898,46.0,52.0,0.407,807,False
CCN(CCN)C(=O)c1cccc(-n2nc(C(C)(C)C)cc2NC(=O)Nc2cccc3ccccc23)c1,CHEMBL4101,368.0,537.0,0.244,560,False
CCN(CCN)C(=O)c1cccc(-n2nc(C(C)(C)C)cc2NC(=O)Nc2cccc3ccccc23)c1,CHEMBL4225,430.0,412.0,0.259,1438,False
CCN(CCN)C(=O)c1cccc(-n2nc(C(C)(C)C)cc2NC(=O)Nc2cccc3ccccc23)c1,CHEMBL1862,7.0,8.0,0.451,3101,False
CCN(CCN1CCC(c2noc3cc(Cl)ccc23)CC1)C(=O)[C@H](C)O,CHEMBL224,1.0,1.0,0.676,6081,False
CCN(CCN1CCC(c2noc3cc(Cl)ccc23)CC1)C(=O)[C@H](C)O,CHEMBL3155,2.0,2.0,0.676,3175,False
CCN(CCN1CCC(c2noc3cc(Cl)ccc23)CC1)S(=O)(=O)CCO,CHEMBL224,1.0,1.0,0.534,6081,False
CCN(CCN1CCC(c2noc3cc(Cl)ccc23)CC1)S(=O)(=O)CCO,CHEMBL3155,5.0,5.0,0.527,3175,False
CCN(CCN1CCC(c2noc3cc(F)c(C)cc23)CC1)C(=O)[C@H](C)O,CHEMBL224,2.0,2.0,0.643,6081,False
CCN(CCN1CCC(c2noc3cc(F)c(C)cc23)CC1)C(=O)[C@H](C)O,CHEMBL3155,3.0,3.0,0.643,3175,False
CCN(CCN1CCC(c2noc3cc(F)c(C)cc23)CC1)C(=O)[C@H](C)O,CHEMBL240,4.0,4.0,0.643,10985,False
CCN(CCN1CCC(c2noc3cc(F)c(C)cc23)CC1)S(=O)(=O)CCO,CHEMBL224,4.0,4.0,0.52,6081,False
CCN(CCN1CCC(c2noc3cc(F)c(C)cc23)CC1)S(=O)(=O)CCO,CHEMBL3155,1.0,1.0,0.52,3175,False
CCN(CCN1CCC(c2noc3cc(F)ccc23)CC1)C(=O)C(C)(C)CO,CHEMBL224,1.0,1.0,0.716,6081,False
CCN(CCN1CCC(c2noc3cc(F)ccc23)CC1)C(=O)C(C)(C)CO,CHEMBL3155,2.0,2.0,0.716,3175,False
CCN(CCN1CCC(c2noc3cc(F)ccc23)CC1)C(=O)C(C)(C)CO,CHEMBL217,4.0,4.0,0.706,9217,False
CCN(CCN1CCC(c2noc3cc(F)ccc23)CC1)C(=O)C(C)(C)CO,CHEMBL240,3.0,3.0,0.716,10985,False
CCN(CCN1CCC(c2noc3cc(F)ccc23)CC1)C(=O)C(C)(C)O,CHEMBL224,3.0,3.0,0.738,6081,False
CCN(CCN1CCC(c2noc3cc(F)ccc23)CC1)C(=O)C(C)(C)O,CHEMBL3155,2.0,2.0,0.738,3175,False
CCN(CCN1CCC(c2noc3cc(F)ccc23)CC1)C(=O)C(C)(C)O,CHEMBL217,4.0,4.0,0.727,9217,False
CCN(CCN1CCC(c2noc3cc(F)ccc23)CC1)C(=O)C(C)(C)O,CHEMBL240,1.0,1.0,0.738,10985,False
CCN(CCN1CCC(c2noc3cc(F)ccc23)CC1)C(=O)C(C)CO,CHEMBL224,2.0,2.0,0.716,6081,False
CCN(CCN1CCC(c2noc3cc(F)ccc23)CC1)C(=O)C(C)CO,CHEMBL3155,1.0,1.0,0.716,3175,False
CCN(CCN1CCC(c2noc3cc(F)ccc23)CC1)C(=O)C(C)O,CHEMBL224,2.0,2.0,0.839,6081,False
CCN(CCN1CCC(c2noc3cc(F)ccc23)CC1)C(=O)C(C)O,CHEMBL3155,3.0,3.0,0.839,3175,False
CCN(CCN1CCC(c2noc3cc(F)ccc23)CC1)C(=O)C(C)O,CHEMBL217,1.0,1.0,0.839,9217,False
CCN(CCN1CCC(c2noc3cc(F)ccc23)CC1)C(=O)C(C)O,CHEMBL240,4.0,4.0,0.839,10985,False
CCN(CCN1CCC(c2noc3cc(F)ccc23)CC1)C(=O)C(F)(F)CO,CHEMBL224,2.0,2.0,0.716,6081,False
CCN(CCN1CCC(c2noc3cc(F)ccc23)CC1)C(=O)C(F)(F)CO,CHEMBL3155,3.0,3.0,0.716,3175,False
CCN(CCN1CCC(c2noc3cc(F)ccc23)CC1)C(=O)C(F)(F)CO,CHEMBL217,4.0,4.0,0.706,9217,False
CCN(CCN1CCC(c2noc3cc(F)ccc23)CC1)C(=O)C(F)(F)CO,CHEMBL240,1.0,1.0,0.716,10985,False
CCN(CCN1CCC(c2noc3cc(F)ccc23)CC1)C(=O)C(O)C(C)C,CHEMBL224,3.0,3.0,0.731,6081,False
CCN(CCN1CCC(c2noc3cc(F)ccc23)CC1)C(=O)C(O)C(C)C,CHEMBL3155,1.0,1.0,0.731,3175,False
CCN(CCN1CCC(c2noc3cc(F)ccc23)CC1)C(=O)C(O)C(C)C,CHEMBL217,2.0,2.0,0.731,9217,False
CCN(CCN1CCC(c2noc3cc(F)ccc23)CC1)C(=O)C(O)C(C)C,CHEMBL240,4.0,4.0,0.731,10985,False
CCN(CCN1CCC(c2noc3cc(F)ccc23)CC1)C(=O)C(O)C(F)(F)F,CHEMBL224,2.0,2.0,0.706,6081,False
CCN(CCN1CCC(c2noc3cc(F)ccc23)CC1)C(=O)C(O)C(F)(F)F,CHEMBL3155,1.0,1.0,0.706,3175,False
CCN(CCN1CCC(c2noc3cc(F)ccc23)CC1)C(=O)C(O)C(F)(F)F,CHEMBL217,4.0,4.0,0.696,9217,False
CCN(CCN1CCC(c2noc3cc(F)ccc23)CC1)C(=O)C(O)C(F)(F)F,CHEMBL240,3.0,3.0,0.706,10985,False
CCN(CCN1CCC(c2noc3cc(F)ccc23)CC1)C(=O)C(O)CCC(=O)OC,CHEMBL224,2.0,2.0,0.649,6081,False
CCN(CCN1CCC(c2noc3cc(F)ccc23)CC1)C(=O)C(O)CCC(=O)OC,CHEMBL3155,3.0,3.0,0.649,3175,False
CCN(CCN1CCC(c2noc3cc(F)ccc23)CC1)C(=O)C(O)CCC(=O)OC,CHEMBL217,4.0,4.0,0.64,9217,False
CCN(CCN1CCC(c2noc3cc(F)ccc23)CC1)C(=O)C(O)CCC(=O)OC,CHEMBL240,1.0,1.0,0.649,10985,False
CCN(CCN1CCC(c2noc3cc(F)ccc23)CC1)C(=O)CC(C)O,CHEMBL224,1.0,1.0,0.716,6081,False
CCN(CCN1CCC(c2noc3cc(F)ccc23)CC1)C(=O)CC(C)O,CHEMBL3155,2.0,2.0,0.716,3175,False
CCN(CCN1CCC(c2noc3cc(F)ccc23)CC1)C(=O)CC(C)O,CHEMBL240,3.0,3.0,0.716,10985,False
CCN(CCN1CCC(c2noc3cc(F)ccc23)CC1)C(=O)CCO,CHEMBL224,1.0,1.0,0.738,6081,False
CCN(CCN1CCC(c2noc3cc(F)ccc23)CC1)C(=O)CCO,CHEMBL3155,2.0,2.0,0.738,3175,False
CCN(CCN1CCC(c2noc3cc(F)ccc23)CC1)C(=O)CCO,CHEMBL217,4.0,4.0,0.727,9217,False
CCN(CCN1CCC(c2noc3cc(F)ccc23)CC1)C(=O)CCO,CHEMBL240,3.0,3.0,0.738,10985,False
CCN(CCN1CCC(c2noc3cc(F)ccc23)CC1)C(=O)CO,CHEMBL224,3.0,3.0,0.762,6081,False
CCN(CCN1CCC(c2noc3cc(F)ccc23)CC1)C(=O)CO,CHEMBL3155,2.0,2.0,0.762,3175,False
CCN(CCN1CCC(c2noc3cc(F)ccc23)CC1)C(=O)CO,CHEMBL217,4.0,4.0,0.75,9217,False
CCN(CCN1CCC(c2noc3cc(F)ccc23)CC1)C(=O)CO,CHEMBL240,1.0,1.0,0.762,10985,False
CCN(CCN1CCC(c2noc3cc(F)ccc23)CC1)C(=O)[C@@H](C)O,CHEMBL224,2.0,2.0,0.839,6081,False
CCN(CCN1CCC(c2noc3cc(F)ccc23)CC1)C(=O)[C@@H](C)O,CHEMBL3155,3.0,3.0,0.839,3175,False
CCN(CCN1CCC(c2noc3cc(F)ccc23)CC1)C(=O)[C@@H](C)O,CHEMBL217,1.0,1.0,0.839,9217,False
CCN(CCN1CCC(c2noc3cc(F)ccc23)CC1)C(=O)[C@@H](C)O,CHEMBL240,4.0,4.0,0.839,10985,False
CCN(CCN1CCC(c2noc3cc(F)ccc23)CC1)C(=O)[C@H](C)O,CHEMBL224,2.0,2.0,0.839,6081,False
CCN(CCN1CCC(c2noc3cc(F)ccc23)CC1)C(=O)[C@H](C)O,CHEMBL3155,3.0,3.0,0.839,3175,False
CCN(CCN1CCC(c2noc3cc(F)ccc23)CC1)C(=O)[C@H](C)O,CHEMBL217,1.0,1.0,0.839,9217,False
CCN(CCN1CCC(c2noc3cc(F)ccc23)CC1)C(=O)[C@H](C)O,CHEMBL240,4.0,4.0,0.839,10985,False
CCN(CCN1CCC(c2noc3cc(F)ccc23)CC1)S(=O)(=O)C(C)CO,CHEMBL224,2.0,2.0,0.671,6081,False
CCN(CCN1CCC(c2noc3cc(F)ccc23)CC1)S(=O)(=O)C(C)CO,CHEMBL3155,4.0,4.0,0.671,3175,False
CCN(CCN1CCC(c2noc3cc(F)ccc23)CC1)S(=O)(=O)CCO,CHEMBL224,4.0,4.0,0.638,6081,False
CCN(CCN1CCC(c2noc3cc(F)ccc23)CC1)S(=O)(=O)CCO,CHEMBL3155,1.0,1.0,0.638,3175,False
CCN(CCN1CCC(c2noc3cc(F)ccc23)CC1)S(=O)(=O)CCO,CHEMBL217,3.0,3.0,0.638,9217,False
CCN(CCN1CCC(c2noc3cc(F)ccc23)CC1)S(=O)(=O)CCO,CHEMBL240,2.0,2.0,0.638,10985,False
CCN(CCN1CCC(c2noc3ccc(C)cc23)CC1)C(=O)[C@H](C)O,CHEMBL224,4.0,4.0,0.614,6081,False
CCN(CCN1CCC(c2noc3ccc(C)cc23)CC1)C(=O)[C@H](C)O,CHEMBL3155,1.0,1.0,0.614,3175,False
CCN(CCN1CCC(c2noc3ccc(C)cc23)CC1)C(=O)[C@H](C)O,CHEMBL240,3.0,3.0,0.614,10985,False
CCN(CCN1CCC(c2noc3ccc(C)cc23)CC1)S(=O)(=O)CCO,CHEMBL224,2.0,2.0,0.521,6081,False
CCN(CCN1CCC(c2noc3ccc(C)cc23)CC1)S(=O)(=O)CCO,CHEMBL3155,3.0,3.0,0.521,3175,False
CCN(CCN1CCC(c2noc3ccc(F)cc23)CC1)C(=O)[C@H](C)O,CHEMBL224,4.0,4.0,0.727,6081,False
CCN(CCN1CCC(c2noc3ccc(F)cc23)CC1)C(=O)[C@H](C)O,CHEMBL3155,2.0,2.0,0.727,3175,False
CCN(CCN1CCC(c2noc3ccccc23)CC1)C(=O)C(C)O,CHEMBL224,2.0,2.0,0.7,6081,False
CCN(CCN1CCC(c2noc3ccccc23)CC1)C(=O)C(C)O,CHEMBL3155,1.0,1.0,0.7,3175,False
CCN(CCN1CCC(c2noc3ccccc23)CC1)C(=O)C(C)O,CHEMBL217,3.0,3.0,0.642,9217,False
CCN(CCN1CCC(c2noc3ccccc23)CC1)S(=O)(=O)CCO,CHEMBL224,2.0,2.0,0.615,6081,False
CCN(CCN1CCC(c2noc3ccccc23)CC1)S(=O)(=O)CCO,CHEMBL3155,1.0,1.0,0.615,3175,False
CCN(CCN1CCC(c2noc3ccccc23)CC1)S(=O)(=O)CCO,CHEMBL217,3.0,3.0,0.615,9217,False
CCN(CCO)CCCOc1ccc2c(Nc3cccc(NC(=O)Nc4ccc(Cl)c(C(F)(F)F)c4)c3)ncnc2c1,CHEMBL5145,3.0,3.0,0.72,5743,False
CCN(CCO)CCCOc1ccc2c(Nc3cccc(NC(=O)Nc4ccc(Cl)c(C(F)(F)F)c4)c3)ncnc2c1,CHEMBL203,2.0,2.0,0.72,11022,False
CCN(CCO)CCCOc1ccc2c(Nc3cccc(NC(=O)Nc4ccc(Cl)c(C(F)(F)F)c4)c3)ncnc2c1,CHEMBL279,1.0,1.0,0.72,10551,False
CCN(CCO)CCCOc1ccc2c(Nc3cccc(NC(=O)Nc4ccc(F)c(Cl)c4)c3)ncnc2c1,CHEMBL5145,1.0,1.0,0.667,5743,False
CCN(CCO)CCCOc1ccc2c(Nc3cccc(NC(=O)Nc4ccc(F)c(Cl)c4)c3)ncnc2c1,CHEMBL203,2.0,2.0,0.667,11022,False
CCN(CCO)CCCOc1ccc2c(Nc3cccc(NC(=O)Nc4ccc(F)c(Cl)c4)c3)ncnc2c1,CHEMBL279,3.0,3.0,0.667,10551,False
CCN(CCOC)C(=O)c1cc(-n2nc(C(C)(C)C)cc2NC(=O)Nc2cccc3ccccc23)ccc1C,CHEMBL260,1.0,1.0,0.65,5079,False
CCN(CCc1ccccc1)c1ccc(C(O)(C(F)(F)F)C(F)(F)F)cc1,CHEMBL2808,1.0,1.0,0.75,1202,False
CCN(CCc1ccccc1)c1ccc(C(O)(C(F)(F)F)C(F)(F)F)cc1,CHEMBL4093,2.0,2.0,0.75,1355,False
CCN(CCc1ccccc1)c1ccc(C(O)(C(F)(F)F)C(F)(F)F)cc1Cl,CHEMBL2808,1.0,1.0,0.783,1202,False
CCN(CCc1ccccc1)c1ccc(C(O)(C(F)(F)F)C(F)(F)F)cc1Cl,CHEMBL4093,2.0,2.0,0.783,1355,False
CCN(C[C@@H](C)NC(=O)OCc1cncs1)C[C@@H](C)NC(=O)OCc1nccs1,CHEMBL340,1.0,1.0,0.719,5556,False
CCN(C[C@@H](C)NC(=O)OCc1nccs1)C[C@H](C)NC(=O)OCc1cncs1,CHEMBL340,1.0,1.0,0.719,5556,False
CCN(C[C@H](CC(C)C)NC(=O)OCc1cncs1)C[C@H](CC(C)C)NC(=O)OCc1nccs1,CHEMBL340,1.0,1.0,0.754,5556,False
CCN(Cc1ccnc(C)c1)C(=O)Cn1cc(NC(=O)c2cnn3cccnc23)c(-c2cc(Cl)ccc2OC(F)F)n1,CHEMBL2835,1.0,1.0,0.835,10399,False
CCN(Cc1ccnc(C)c1)C(=O)Cn1cc(NC(=O)c2cnn3cccnc23)c(-c2cc(Cl)ccc2OC(F)F)n1,CHEMBL2971,2.0,2.0,0.835,12637,False
CCN(Cc1ccnc(Cl)c1)C(=O)Cn1cc(NC(=O)c2cnn3cccnc23)c(-c2cc(Cl)ccc2OC(F)F)n1,CHEMBL2835,2.0,2.0,0.844,10399,False
CCN(Cc1ccnc(Cl)c1)C(=O)Cn1cc(NC(=O)c2cnn3cccnc23)c(-c2cc(Cl)ccc2OC(F)F)n1,CHEMBL2971,1.0,1.0,0.844,12637,False
CCN(c1cc(-c2cccc([C@@H]3C[C@H]3NC3CCOCC3)c2)cc(C(=O)NCc2c(C)cc(C)[nH]c2=O)c1C)C1CCOCC1,CHEMBL6136,1.0,1.0,0.873,3886,False
CCN(c1cc(-c2cccc([C@@H]3C[C@H]3NC3CCOCC3)c2)cc(C(=O)NCc2c(C)cc(C)[nH]c2=O)c1C)C1CCOCC1,CHEMBL2189110,2.0,2.0,0.873,1122,False
CCN(c1cc(Cl)cc(C(=O)NCc2c(C)cc(C)nc2OC)c1C)C1CCOCC1,CHEMBL2189110,1.0,1.0,0.676,1122,False
CCN(c1ccc(O)cc1CNc1nc(-c2cc(F)c(O)cc2CC(F)(F)F)cc2[nH]nc(C(=O)NC)c12)S(=O)(=O)c1ccccc1,CHEMBL2835,1.0,1.0,0.847,10399,False
CCN(c1ccc(O)cc1CNc1nc(-c2cc(F)c(O)cc2CC(F)(F)F)cc2[nH]nc(C(=O)NC)c12)S(=O)(=O)c1ccccc1,CHEMBL2971,2.0,2.0,0.847,12637,False
CCN(c1ccc(O)cc1CNc1nc(-c2cc(F)c(O)cc2CC(F)(F)F)cc2[nH]nc(C(=O)NC)c12)S(=O)(=O)c1ccccc1,CHEMBL2148,3.0,3.0,0.847,7416,False
CCN(c1ccc(O)cc1CNc1nc(-c2cc(F)c(O)cc2CC(F)(F)F)cc2[nH]nc(C(=O)NC)c12)S(=O)(=O)c1ccccc1,CHEMBL3553,4.0,4.0,0.847,6084,False
CCN(c1ccc(O)cc1CNc1nc(-c2cc(F)c(O)cc2CC(F)(F)F)cc2[nH]nc(C(N)=O)c12)S(=O)(=O)c1ccccc1,CHEMBL2835,3.0,3.0,0.828,10399,False
CCN(c1ccc(O)cc1CNc1nc(-c2cc(F)c(O)cc2CC(F)(F)F)cc2[nH]nc(C(N)=O)c12)S(=O)(=O)c1ccccc1,CHEMBL2971,4.0,4.0,0.828,12637,False
CCN(c1ccc(O)cc1CNc1nc(-c2cc(F)c(O)cc2CC(F)(F)F)cc2[nH]nc(C(N)=O)c12)S(=O)(=O)c1ccccc1,CHEMBL2148,1.0,1.0,0.828,7416,False
CCN(c1ccc(O)cc1CNc1nc(-c2cc(F)c(O)cc2CC(F)(F)F)cc2[nH]nc(C(N)=O)c12)S(=O)(=O)c1ccccc1,CHEMBL3553,2.0,2.0,0.828,6084,False
CCN(c1ccc2nc(-c3ccc(Cl)cc3)c(CN3CCN(C(C)=O)CC3)n2c1)S(C)(=O)=O,CHEMBL5873,2.0,1.0,0.71,112,False
CCN(c1nc(C)cc(N2CCCCC2)n1)c1ccc(C(C)C)cc1Br,CHEMBL1800,1.0,1.0,0.815,1931,False
CCN(c1nc2ccccc2c(=O)o1)S(=O)(=O)c1ccc(Cl)cc1,CHEMBL4611,321.0,3.0,0.491,59,False
CCN(c1nc2ccccc2c(=O)o1)S(=O)(=O)c1ccc(Cl)cc1,CHEMBL209,2.0,2.0,0.491,1336,False
CCN(c1nc2ccccc2c(=O)o1)S(=O)(=O)c1ccccc1,CHEMBL4611,88.0,3.0,0.54,59,False
CCN(c1nc2ccccc2c(=O)o1)S(=O)(=O)c1ccccc1,CHEMBL209,2.0,2.0,0.54,1336,False
CCN1/C(=C/C=C/C2=[N+](CC)c3ccc(S(=O)(=O)O)cc3C2(C)C)C(C)(CCCC(=O)NCCCC[C@@H](NC(=O)[C@@H](CCCNC(=N)N)NC(=O)[C@@H](CCCNC(=N)N)NC(=O)[C@@H](CCCNC(=N)N)NC(=O)[C@@H](CCCNC(=N)N)NC(=O)[C@@H](CCCNC(=N)N)NC(=O)[C@@H](CCCNC(=N)N)NC(=O)[C@H](Cc2ccc(N=[N+]=[N-])cc2)NC(=O)[C@H](Cc2ccc(N=[N+]=[N-])cc2)NC(=O)CCNC(=O)[C@]2(Cc3cccc(Nc4nccs4)n3)CC[C@@H](Oc3cccc(Cl)c3F)CC2)C(N)=O)c2cc(S(=O)(=O)O)ccc21,CHEMBL4722,1.0,1.0,1.0,3456,True
CCN1C(=O)CC2(CCN(C)CC2)C1=O,CHEMBL211,47.0,55.0,0.25,2278,False
CCN1C(=O)CCCc2cc(NC(=O)c3cc(O[C@H](C)c4c(Cl)ccc(F)c4Cl)c[nH]c3=O)ccc21,CHEMBL3717,1.0,1.0,0.641,4639,False
CCN1C=N[C@@H](c2ccc(O)cc2Cl)[C@H]1c1ccc(O)cc1Cl,CHEMBL206,1.0,1.0,0.705,4427,False
CCN1CC(n2nccc2-c2cc(C(F)(F)F)ccc2Oc2ccc(S(=O)(=O)Nc3cscn3)cc2C#N)C1,CHEMBL4296,1.0,1.0,0.774,7797,False
CCN1CC(n2nccc2-c2cc(Cl)ccc2Oc2cc(F)c(S(=O)(=O)Nc3cscn3)cc2F)C1,CHEMBL4296,1.0,1.0,0.762,7797,False
CCN1CC(n2nccc2-c2cc(Cl)ccc2Oc2cc(F)c(S(=O)(=O)Nc3cscn3)cc2F)C1,CHEMBL3397,4.0,4.0,0.658,2945,False
CCN1CC(n2nccc2-c2cc(Cl)ccc2Oc2ccc(S(=O)(=O)Nc3cscn3)cc2C#N)C1,CHEMBL4296,1.0,1.0,0.787,7797,False
CCN1CC(n2nccc2-c2cc(Cl)ccc2Oc2ccc(S(=O)(=O)Nc3cscn3)cc2C#N)C1,CHEMBL4187,5.0,5.0,0.54,165,False
CCN1CC(n2nccc2-c2cc(Cl)ccc2Oc2ccc(S(=O)(=O)Nc3cscn3)cc2C#N)C1,CHEMBL5202,4.0,4.0,0.54,1096,False
CCN1CC(n2nccc2-c2cc(Cl)ccc2Oc2ccc(S(=O)(=O)Nc3cscn3)cc2C#N)C1,CHEMBL340,3.0,3.0,0.54,5556,False
CCN1CC(n2nccc2-c2cc(Cl)ccc2Oc2ccc(S(=O)(=O)Nc3cscn3)cc2C#N)C1,CHEMBL3397,2.0,2.0,0.74,2945,False
CCN1CC=C(c2ccccc2)C(C(=O)OCCCc2ccccc2)C1,CHEMBL216,2.0,2.0,0.938,2735,False
CCN1CC=C(c2ccccc2)C(C(=O)OCCCc2ccccc2)C1,CHEMBL211,3.0,3.0,0.938,2278,False
CCN1CC=C(c2ccccc2)C(C(=O)OCCCc2ccccc2)C1,CHEMBL245,1.0,1.0,0.938,2649,False
CCN1CC=C(c2ccccc2)C(C(=O)OCCCc2ccccc2)C1,CHEMBL1821,4.0,4.0,0.938,1918,False
CCN1CC=C(c2ccccc2)C(C(=O)OCCCc2ccccc2)C1,CHEMBL2035,5.0,5.0,0.938,1102,False
CCN1CCC(=C(F)c2cccc(NC(=O)c3c(F)cc(F)cc3F)n2)CC1,CHEMBL1805,1.0,1.0,0.719,126,False
CCN1CCC[C@@H]1CNC(=O)c1cc(S(N)(=O)=O)ccc1OC,CHEMBL205,5.0,5.0,1.0,8715,True
CCN1CCC[C@@H]1CNC(=O)c1cc(S(N)(=O)=O)ccc1OC,CHEMBL3594,3.0,3.0,1.0,6139,True
CCN1CCN(CCCC#Cc2c(C)ncnc2Nc2ccc(OCc3cccc(F)c3)c(Cl)c2)CC1,CHEMBL203,1.0,1.0,0.889,11022,False
CCN1CCN(CCCC#Cc2c(C)ncnc2Nc2ccc(OCc3cccc(F)c3)c(Cl)c2)CC1,CHEMBL1824,2.0,2.0,0.889,2604,False
CCN1CCN(CCCOc2ccc(-c3cc4c(ncn4C)c(C#N)n3)cc2C(F)(F)F)CC1,CHEMBL268,1.0,1.0,0.871,2225,False
CCN1CCN(CCCOc2ccc(-c3cc4c(ncn4C)c(C#N)n3)cc2C(F)(F)F)CC1,CHEMBL2954,2.0,2.0,0.871,2538,False
CCN1CCN(Cc2c(-c3ccccc3)nc3cc(/C=C/C(=O)NO)ccn23)CC1,CHEMBL325,1.0,1.0,0.847,8231,False
CCN1CCN(S(=O)(=O)c2ccc(Cl)c(C(=O)N(C)C(c3ccccc3)c3ccccc3)c2)CC1,CHEMBL1741179,273.0,4.0,0.521,469,False
CCN1CCN(S(=O)(=O)c2ccc(Cl)c(C(=O)N(C)C(c3ccccc3)c3ccccc3)c2)CC1,CHEMBL1741217,245.0,2.0,0.521,921,False
CCN1CCN(c2ccc(Nc3ncc4scc(-c5cccnc5)c4n3)cc2)CC1,CHEMBL2695,1.0,1.0,0.845,2210,False
CCN1CCN(c2ccc3c(c2)oc(=O)n3C(=O)NCCCCc2ccccc2)CC1,CHEMBL5463,1.0,1.0,0.8,171,False
CCN1CCc2c(sc3nc(-c4ccncc4)nc(NCCN)c23)C1,CHEMBL2598,1.0,1.0,0.69,621,False
CCN1C[C@@H](NC(=O)Nc2c(C)c(C3=CCN(C(=O)CO)CC3)nn2-c2ccccc2)[C@H](c2ccc(F)c(F)c2)O1,CHEMBL2815,1.0,1.0,0.71,4872,False
CCN1[C@H]2Cc3c4ccc(C(=O)NC5(C)COC5)cc4nn3[C@H]2[C@H](c2cccc(Cl)c2F)[C@]12C(=O)Nc1cc(Cl)ccc12,CHEMBL5023,1.0,1.0,0.835,4821,False
CCNC(=O)C(C)c1ccc(O[C@@H]2CCN(c3ccnc(N4CCC(F)(F)C4)n3)C2)cc1,CHEMBL4829,1.0,1.0,0.761,4003,False
CCNC(=O)NCCc1nc2cc(S(=O)(=O)NCc3ccc(F)cc3)ccc2n1Cc1ccccc1,CHEMBL1855,1.0,1.0,0.789,1565,False
CCNC(=O)Nc1nc2ccc(Oc3cccc(OC)c3)cc2[nH]1,CHEMBL1862,1.0,1.0,0.649,3101,False
CCNC(=O)Nc1nc2ccc(Oc3ccccc3Cl)cc2[nH]1,CHEMBL1862,1.0,1.0,0.667,3101,False
CCNC(=O)[C@H]1O[C@@H](n2cnc3c(N)nc(NCCc4ccc(CCC(=O)Nc5ccc(O)c([N+](=O)[O-])c5)cc4)nc32)[C@H](O)[C@@H]1O,CHEMBL226,4.0,4.0,0.698,5123,False
CCNC(=O)[C@H]1O[C@@H](n2cnc3c(N)nc(NCCc4ccc(CCC(=O)Nc5ccc(O)c([N+](=O)[O-])c5)cc4)nc32)[C@H](O)[C@@H]1O,CHEMBL251,1.0,1.0,0.698,6698,False
CCNC(=O)[C@H]1O[C@@H](n2cnc3c(N)nc(NCCc4ccc(CCC(=O)Nc5ccc(O)c([N+](=O)[O-])c5)cc4)nc32)[C@H](O)[C@@H]1O,CHEMBL256,3.0,3.0,0.698,4904,False
CCNC(=O)[C@H]1O[C@@H](n2cnc3c(N)nc(NCCc4ccc(CCC(=O)Nc5ccc(OC(=O)CCCCN=[N+]=[N-])c([N+](=O)[O-])c5)cc4)nc32)[C@H](O)[C@@H]1O,CHEMBL251,2.0,2.0,0.748,6698,False
CCNC(=O)[C@H]1O[C@@H](n2cnc3c(N)nc(NCCc4ccc(CCC(=O)Nc5ccc(OC(=O)CCCCN=[N+]=[N-])c([N+](=O)[O-])c5)cc4)nc32)[C@H](O)[C@@H]1O,CHEMBL256,1.0,1.0,0.748,4904,False
CCNC(=O)[C@H]1O[C@@H](n2cnc3c(N)nc(NCCc4ccc(CCC(=O)Nc5ccc(OC(C)=O)c([N+](=O)[O-])c5)cc4)nc32)[C@H](O)[C@@H]1O,CHEMBL226,3.0,3.0,0.659,5123,False
CCNC(=O)[C@H]1O[C@@H](n2cnc3c(N)nc(NCCc4ccc(CCC(=O)Nc5ccc(OC(C)=O)c([N+](=O)[O-])c5)cc4)nc32)[C@H](O)[C@@H]1O,CHEMBL251,1.0,1.0,0.735,6698,False
CCNC(=O)[C@H]1O[C@@H](n2cnc3c(N)nc(NCCc4ccc(CCC(=O)Nc5ccc(OC(C)=O)c([N+](=O)[O-])c5)cc4)nc32)[C@H](O)[C@@H]1O,CHEMBL256,2.0,2.0,0.735,4904,False
CCNC(=O)[C@H]1O[C@@H](n2cnc3c(N)nc(NCCc4ccc(CCC(=O)Nc5ccc(OC(C)=O)c([N+](=O)[O-])c5)cc4)nc32)[C@H](O)[C@@H]1O,CHEMBL1867,21.0,30.0,0.328,1052,False
CCNC(=O)c1ccc(Nc2cc(Nc3ccc4ncsc4c3)ncc2C(=O)NC[C@@H](F)C(C)(C)O)cc1,CHEMBL3778,1.0,1.0,0.812,7453,False
CCNC(=O)c1cnc(NCCc2ccc(O)cc2)nc1Nc1cccc(C)c1,CHEMBL5401,11.0,5.0,0.485,167,False
CCNCCN1CCC(Cc2ccccc2)CC1,CHEMBL1275221,7.0,3.0,0.619,182,False
CCNS(=O)(=O)Nc1cccc(Cn2cnc3c(F)c(Nc4ccc(C5CC5)cc4F)c(C(=O)NOCCO)cc32)c1,CHEMBL3587,1.0,1.0,0.576,1086,False
CCNS(=O)(=O)Nc1cccc(Cn2cnc3c(F)c(Nc4ccc(C5CC5)cc4F)c(C(=O)NOCCO)cc32)c1,CHEMBL5145,2.0,2.0,0.576,5743,False
CCNS(=O)(=O)Nc1cccc(Cn2cnc3c(F)c(Nc4ccc(C5CC5)cc4F)c(C(=O)NOCCO)cc32)c1F,CHEMBL3587,2.0,2.0,0.714,1086,False
CCNS(=O)(=O)Nc1cccc(Cn2cnc3c(F)c(Nc4ccc(C5CC5)cc4F)c(C(=O)NOCCO)cc32)c1F,CHEMBL5145,1.0,1.0,0.714,5743,False
CCNS(=O)(=O)c1ccc2nc(-c3ccc(Cl)cc3)c(CN3CCN(C(C)=O)CC3)n2c1,CHEMBL5873,2.0,1.0,0.738,112,False
CCNc1cccc(CNCC2(F)CCN(C(=O)c3ccc(F)c(Cl)c3)CC2)n1,CHEMBL214,1.0,1.0,0.681,5809,False
CCNc1nc(CNCC2(F)CCN(C(=O)c3ccc(F)c(Cl)c3)CC2)ccc1C,CHEMBL214,1.0,1.0,0.712,5809,False
CCNc1nc(Nc2cc(C#N)cc(N3CC[C@@H]4[C@@H](C3)OCCN4C3COC3)c2Cl)nn2c(C#N)cnc12,CHEMBL3629,2.0,2.0,0.714,934,False
CCNc1nc(Nc2cc(C#N)cc(N3CC[C@@H]4[C@@H](C3)OCCN4C3COC3)c2Cl)nn2c(C#N)cnc12,CHEMBL4070,1.0,1.0,0.714,329,False
CCNc1nccn1Cc1csc(C(=O)Nc2c(OC)cc(Cl)cc2C(=O)Nc2ccc(Cl)cn2)c1Cl,CHEMBL204,1.0,1.0,0.716,5517,False
CCO/C(O)=C1\C(C)=NC(c2ccccc2)=C(C(=O)OCc2ccccc2)[C@@H]1C#Cc1ccccc1,CHEMBL256,1.0,1.0,1.0,4904,True
CCOC(=O)/C(=C\c1cccc(O)c1)c1nc(O)c2c(C)c(C)sc2n1,CHEMBL6089,1186.0,53.0,0.291,328,False
CCOC(=O)/C(=C\c1cccc(O)c1)c1nc(O)c2c(C)c(C)sc2n1,CHEMBL4123,13.0,11.0,0.338,639,False
CCOC(=O)/C(C#N)=C(\c1ccc(O)cc1)N1CC(=O)N(/N=C(\C)c2ccc(O)cc2O)C1=S,CHEMBL203,2.0,2.0,0.429,11022,False
CCOC(=O)/C(C#N)=C(\c1ccc(O)cc1)N1CC(=O)N(/N=C(\C)c2ccc(O)cc2O)C1=S,CHEMBL279,1.0,1.0,0.429,10551,False
CCOC(=O)C(c1ccc(Cl)c(Cl)c1)C1CCNCC1,CHEMBL238,1.0,1.0,0.596,3420,False
CCOC(=O)C(c1ccc(Cl)c(Cl)c1)C1CCNCC1,CHEMBL222,3.0,3.0,0.5,3692,False
CCOC(=O)C(c1ccc(Cl)c(Cl)c1)C1CCNCC1,CHEMBL228,2.0,2.0,0.5,5328,False
CCOC(=O)C12CC3CC(CC(NC(=O)[C@@]4(C)CCC[C@]5(C)c6cc(O)ccc6CC[C@@H]45)(C3)C1)C2,CHEMBL2808,1.0,1.0,0.614,1202,False
CCOC(=O)C12CC3CC(CC(NC(=O)[C@@]4(C)CCC[C@]5(C)c6cc(O)ccc6CC[C@@H]45)(C3)C1)C2,CHEMBL4093,2.0,2.0,0.614,1355,False
CCOC(=O)C1=C(C)N=C(C)/C(=C(/O)OCC)C1c1c(C)noc1CCc1cccc2ccccc12,CHEMBL1940,1.0,1.0,0.769,238,False
CCOC(=O)C1=C(C)Oc2nc3c(c(N)c2[C@H]1c1ccncc1)CCCC3,CHEMBL220,1.0,1.0,0.981,6051,False
CCOC(=O)C1C(C(=O)O)C2CC[C@H]1O2,CHEMBL4438,521.0,143.0,0.243,23,True
CCOC(=O)C1CCN(c2ccc(Nc3ncc(F)c(-c4ccc5c(c4)OC4(CCN(C(C)=O)CC4)CC5=O)n3)nc2)CC1,CHEMBL2508,1.0,1.0,0.835,838,False
CCOC(=O)CSc1nc2cc(S(=O)(=O)NCc3ccc(F)cc3)ccc2n1Cc1ccccc1,CHEMBL1855,1.0,1.0,0.69,1565,False
CCOC(=O)Cn1nnc(-c2cc(C(C)C)c(O)cc2O)c1-c1ccc2c(c1)OCCO2,CHEMBL3880,1.0,1.0,0.687,1708,False
CCOC(=O)Cn1nnc(-c2cc(C(C)C)c(O)cc2O)c1-c1ccc2c(c1)OCCO2,CHEMBL1075132,3.0,3.0,0.687,146,False
CCOC(=O)Cn1nnc(-c2cc(C(C)C)c(O)cc2O)c1-c1ccc2c(c1)OCCO2,CHEMBL1075323,2.0,2.0,0.687,249,False
CCOC(=O)N(CC1CCCCC1)C1CCN(CC[C@H](CN(C)S(=O)(=O)c2ccccc2)c2ccccc2)CC1,CHEMBL274,1.0,1.0,0.855,2287,False
CCOC(=O)N[C@H](C(=O)N1CCC[C@H]1C(=O)NCCc1ccccc1Cl)C1CCCCC1,CHEMBL5857,1.0,1.0,0.778,717,False
CCOC(=O)Nc1ccc(C2=NNC(=O)C[C@H]2C)cc1,CHEMBL290,1.0,1.0,0.75,494,False
CCOC(=O)Nc1ccc(C2=NNC(=O)C[C@H]2C)cc1,CHEMBL241,2.0,2.0,0.75,726,False
CCOC(=O)Nc1nnc(CCCCc2nnc(NC(=O)Cc3ccccc3)s2)s1,CHEMBL2146302,1.0,1.0,0.816,1424,False
CCOC(=O)c1c(C)[nH]c(C(=O)COC(=O)COc2ccccc2C=O)c1C,CHEMBL1741221,638.0,41.0,0.343,421,False
CCOC(=O)c1c(C)[nH]c(C(=O)COC(=O)COc2ccccc2C=O)c1C,CHEMBL4426,195.0,40.0,0.343,435,False
CCOC(=O)c1c(C)nc(NNC(=O)c2cccc3c(=O)c4ccccc4[nH]c23)nc1-c1ccc(C)cc1,CHEMBL4282,1.0,1.0,0.722,3688,False
CCOC(=O)c1c(C)nc(NNC(=O)c2cccc3c(=O)c4ccccc4[nH]c23)nc1-c1ccc(F)cc1,CHEMBL4282,1.0,1.0,0.703,3688,False
CCOC(=O)c1c(C)nc(NNC(=O)c2cccc3c(=O)c4ccccc4[nH]c23)nc1-c1ccc(OC)c(OC)c1,CHEMBL4282,1.0,1.0,0.667,3688,False
CCOC(=O)c1c(C)nc(NNC(=O)c2cccc3c(=O)c4ccccc4[nH]c23)nc1-c1ccc(OC)cc1,CHEMBL4282,1.0,1.0,0.693,3688,False
CCOC(=O)c1c(C)nc(NNC(=O)c2cccc3c(=O)c4ccccc4[nH]c23)nc1-c1cccc(OC)c1,CHEMBL4282,1.0,1.0,0.675,3688,False
CCOC(=O)c1c(C)nc(NNC(=O)c2cccc3c(=O)c4ccccc4[nH]c23)nc1-c1ccccc1,CHEMBL4282,1.0,1.0,0.743,3688,False
CCOC(=O)c1c(C)nc(NNC(=O)c2cccc3c(=O)c4ccccc4[nH]c23)nc1-c1ccccc1F,CHEMBL4282,1.0,1.0,0.736,3688,False
CCOC(=O)c1c(C)nc2oc(C(=O)c3ccc(OC)cc3)c(N)c2c1-c1cc(OC)c(OC)c(OC)c1,CHEMBL5393,1.0,1.0,0.696,1337,False
CCOC(=O)c1ccc(CN2CCC(CNC(=O)c3n[nH]c4ccc(Br)cc34)CC2)o1,CHEMBL262,1.0,1.0,0.714,5430,False
CCOC(=O)c1ccc(CN2CCC(CNC(=O)c3n[nH]c4ccc(OC)cc34)CC2)o1,CHEMBL262,1.0,1.0,0.733,5430,False
CCOC(=O)c1ccc(N2CCN(C)CC2)c(NC(=O)c2ccc(F)c(C)c2Cl)c1,CHEMBL1075317,1.0,1.0,0.766,1687,False
CCOC(=O)c1ccc(NC(=O)CCN(Cc2ccc(F)cc2)c2ccc(-c3ccccc3)cc2)cc1,CHEMBL3572,1.0,1.0,0.81,1272,False
CCOC(=O)c1ccc(OC)c(-n2c(NS(=O)(=O)CCc3ccc(Cl)cc3)nnc2-c2cccs2)c1,CHEMBL1628481,1.0,1.0,0.691,3358,False
CCOC(=O)c1cn(-c2ccc3c(c2)OCO3)c(-c2cccc(C)n2)n1,CHEMBL4439,1.0,1.0,0.588,2681,False
CCOC(=O)c1cn2ncc(C#N)c(Nc3ccc(Nc4ccccc4)cc3)c2c1C,CHEMBL3587,1.0,1.0,0.862,1086,False
CCOC(=O)c1cnc2[nH]ccc2c1N(C)[C@H]1CC[C@H](CS(=O)(=O)NC)CC1,CHEMBL2148,1.0,1.0,0.688,7416,False
CCOC(=O)c1cnc2[nH]ccc2c1NC1CCC(O)C(CC#N)C1,CHEMBL2835,1.0,1.0,0.726,10399,False
CCOC(=O)c1cnc2[nH]ccc2c1NC1CCC(O)C(CC#N)C1,CHEMBL2148,2.0,2.0,0.726,7416,False
CCOC(=O)c1cnc2[nH]ccc2c1NC1CCCC(CCC#N)C1,CHEMBL2835,2.0,2.0,0.902,10399,False
CCOC(=O)c1cnc2[nH]ccc2c1NC1CCCC(CCC#N)C1,CHEMBL2148,1.0,1.0,0.902,7416,False
CCOC(=O)c1cnc2[nH]ccc2c1NC1CCCC(O)C1,CHEMBL2835,1.0,1.0,0.887,10399,False
CCOC(=O)c1cnc2[nH]ccc2c1NC1CCCC(O)C1,CHEMBL2148,2.0,2.0,0.887,7416,False
CCOC(=O)c1cnc2[nH]ccc2c1N[C@@H]1CCC[C@@H](CCC#N)C1,CHEMBL2835,2.0,2.0,0.902,10399,False
CCOC(=O)c1cnc2[nH]ccc2c1N[C@@H]1CCC[C@@H](CCC#N)C1,CHEMBL2148,1.0,1.0,0.902,7416,False
CCOC(=O)c1cnc2[nH]ccc2c1N[C@@H]1CCC[C@H](CCC#N)C1,CHEMBL2835,2.0,2.0,0.902,10399,False
CCOC(=O)c1cnc2[nH]ccc2c1N[C@@H]1CCC[C@H](CCC#N)C1,CHEMBL2148,1.0,1.0,0.902,7416,False
CCOC(=O)c1cnc2[nH]ccc2c1N[C@H]1CCC[C@@H](CCC#N)C1,CHEMBL2835,2.0,2.0,0.902,10399,False
CCOC(=O)c1cnc2[nH]ccc2c1N[C@H]1CCC[C@@H](CCC#N)C1,CHEMBL2148,1.0,1.0,0.902,7416,False
CCOC(=O)c1cnc2[nH]ccc2c1N[C@H]1CCC[C@H](CCC#N)C1,CHEMBL2835,2.0,2.0,0.902,10399,False
CCOC(=O)c1cnc2[nH]ccc2c1N[C@H]1CCC[C@H](CCC#N)C1,CHEMBL2148,1.0,1.0,0.902,7416,False
CCOC(=O)c1cnc2[nH]ccc2c1N[C@H]1CC[C@H](CS(=O)(=O)NC)CC1,CHEMBL2835,1.0,1.0,0.677,10399,False
CCOC(=O)c1cnc2[nH]ccc2c1N[C@H]1CC[C@H](CS(=O)(=O)NC)CC1,CHEMBL2148,2.0,2.0,0.677,7416,False
CCOC(=O)c1cnc2c(C3CC3)cc(C#N)cc2c1NCc1ccc(OC)nc1,CHEMBL1827,1.0,1.0,0.59,2179,False
CCOC(=O)c1cnn2c(=O)c(C(=O)NC(C)(C)C)n[nH]c12,CHEMBL284,72.0,111.0,0.273,4372,False
CCOC(=O)c1n[nH]c2c(C(=O)OCC)cnn2c1=O,CHEMBL284,11.0,18.0,0.333,4372,False
CCOC(=O)c1nnc(N2CCN(C(C)c3ccc4nccnc4c3)CC2)s1,CHEMBL5921,1.0,1.0,0.763,707,False
CCOC(=O)c1sc(-c2ccc(OC)cc2)nc1COc1ccc(Cl)cc1,CHEMBL3864,98.0,140.0,0.338,2389,False
CCOC(=O)c1sc(-c2ccc([N+](=O)[O-])cc2)nc1COc1ccc(Cl)cc1,CHEMBL3864,41.0,71.0,0.342,2389,False
CCOC(=O)c1sc(Nc2ccc(C)c(C)c2)nc1NC(=O)c1ccccc1,CHEMBL1966,1.0,1.0,0.684,1916,False
CCOC(=O)c1sc(Nc2ccc3c(c2)CCCC3)nc1-c1ccccc1,CHEMBL1966,1.0,1.0,0.962,1916,False
CCOC(C)(C)/C=C(\C#N)C(=O)N1CCC[C@@H](n2nc(-c3ccc(Oc4cccc(F)c4F)cc3F)c3c(N)ncnc32)C1,CHEMBL5251,1.0,1.0,1.0,9782,True
CCOCC(c1ccc(Cl)c(Cl)c1)C1CCNCC1,CHEMBL238,3.0,3.0,0.5,3420,False
CCOCC(c1ccc(Cl)c(Cl)c1)C1CCNCC1,CHEMBL222,1.0,1.0,0.5,3692,False
CCOCC(c1ccc(Cl)c(Cl)c1)C1CCNCC1,CHEMBL228,2.0,2.0,0.5,5328,False
CCOP(=O)(Cn1ccc(NC(=O)c2cc(Oc3ccc(C(=O)N4CCC4)cn3)cc(OC(C)C)c2)n1)OCC,CHEMBL3820,6.0,6.0,0.829,1056,False
CCO[C@@H](Cc1ccc(CCC(OC(=S)NCC2CCCCC2)c2ccccc2)cc1)C(=O)O,CHEMBL239,2.0,2.0,0.75,2834,False
CCO[C@@H](Cc1ccc(CCC(OC(=S)NCC2CCCCC2)c2ccccc2)cc1)C(=O)O,CHEMBL235,1.0,1.0,0.75,4321,False
CCO[C@@H](Cc1ccc(OCCc2nc(-c3ccsc3)oc2C)cc1)C(=O)O,CHEMBL239,1.0,1.0,0.85,2834,False
CCO[C@@H](Cc1ccc(OCCc2nc(-c3ccsc3)oc2C)cc1)C(=O)O,CHEMBL235,2.0,2.0,0.85,4321,False
CCO[C@@H]1O[C@H](CO)[C@@H](O)[C@H](O)[C@H]1NC(=O)c1ccc(S(N)(=O)=O)cc1,CHEMBL261,3.0,3.0,0.661,7567,False
CCO[C@@H]1O[C@H](CO)[C@@H](O)[C@H](O)[C@H]1NC(=O)c1ccc(S(N)(=O)=O)cc1,CHEMBL205,1.0,1.0,0.661,8715,False
CCO[C@@H]1O[C@H](CO)[C@@H](O)[C@H](O)[C@H]1NC(=O)c1ccc(S(N)(=O)=O)cc1,CHEMBL3594,2.0,2.0,0.661,6139,False
CCOc1c(OC)cc(F)c(-c2cncc(C3COB(O)C3)c2)c1F,CHEMBL4227,1.0,1.0,0.71,2172,False
CCOc1c(OC)ccc(-c2cncc(C3COB(O)C3)c2)c1C(F)(F)F,CHEMBL4227,1.0,1.0,0.667,2172,False
CCOc1c(OC)ccc(-c2cncc(C3COB(O)C3)c2)c1C(F)F,CHEMBL4227,1.0,1.0,0.667,2172,False
CCOc1c(OC)ccc(-c2cncc(C3COB(O)C3)c2)c1F,CHEMBL4227,1.0,1.0,0.763,2172,False
CCOc1c2ccoc2cc2oc(/C=C/C=C/c3ccccc3)cc(=O)c12,CHEMBL256,1.0,1.0,0.882,4904,False
CCOc1cc(-c2c(C)ncc(C3COB(O)C3)c2C)ccc1OC,CHEMBL4227,1.0,1.0,0.695,2172,False
CCOc1cc(-c2cc(C3COB(O)C3)cnc2C)ccc1OC,CHEMBL4227,1.0,1.0,1.0,2172,True
CCOc1cc(-c2cc(C3COB(O)C3)cnc2CC)ccc1OC,CHEMBL4227,1.0,1.0,0.821,2172,False
CCOc1cc(-c2ccc(C)nc2OC)nc2cc(C(=O)NCCCc3nc[nH]n3)ccc12,CHEMBL1744525,1.0,1.0,0.75,4583,False
CCOc1cc(-c2ccc(N3CCC(C)(C(=O)NCC4CC4)CC3)nc2)c2c(C#N)cnn2c1,CHEMBL2041,1.0,1.0,0.8,4396,False
CCOc1cc(-c2ccc(N3CCC(CN4CCC(F)(F)C4)(NC(=O)c4cc(F)ccc4C)CC3)nc2)c2c(C#N)cnn2c1,CHEMBL2041,1.0,1.0,0.852,4396,False
CCOc1cc(-c2cncc(C3COB(O)C3)c2)c(C)cc1OC,CHEMBL4227,1.0,1.0,0.807,2172,False
CCOc1cc(-c2cncc(C3COB(O)C3)c2)c(Cl)cc1OC,CHEMBL4227,1.0,1.0,0.793,2172,False
CCOc1cc(-c2cncc(C3COB(O)C3)c2)c(F)cc1OC,CHEMBL4227,1.0,1.0,1.0,2172,True
CCOc1cc(-c2cncc(C3COB(O)C3)c2)cc(C#N)c1OC,CHEMBL4227,1.0,1.0,0.75,2172,False
CCOc1cc(-c2cncc(C3COB(O)C3)c2)cc(Cl)c1OC,CHEMBL4227,1.0,1.0,0.789,2172,False
CCOc1cc(-c2cncc(C3COB(O)C3)c2)cc(F)c1OC,CHEMBL4227,1.0,1.0,1.0,2172,True
CCOc1cc(-c2cncc(C3COB(O)C3)c2)ccc1OC,CHEMBL4227,1.0,1.0,1.0,2172,True
CCOc1cc(-c2cncc(C3COB(O)C3)c2)ccc1SC,CHEMBL4227,1.0,1.0,0.764,2172,False
CCOc1cc(-c2cncc(C3COB(O)C3)c2C(F)F)ccc1OC,CHEMBL4227,1.0,1.0,0.651,2172,False
CCOc1cc(-c2cncc(C3COB(O)C3)c2C)c(F)cc1OC,CHEMBL4227,1.0,1.0,0.694,2172,False
CCOc1cc(-c2cncc(C3COB(O)C3)c2C)ccc1OC,CHEMBL4227,1.0,1.0,0.7,2172,False
CCOc1cc(/C=C2\SC(=O)NC2=O)ccc1OC(=O)C1CCCC1,CHEMBL1293255,1.0,1.0,0.98,503,False
CCOc1cc(C(=O)N2CCOCC2)ccc1Nc1nc2ccc(N3CCC(NC(=O)Cc4ccc(F)cc4)CC3)cn2n1,CHEMBL3983,1.0,1.0,0.798,1368,False
CCOc1cc(C(=O)Nc2cc(C(F)(F)F)ccn2)ccc1-c1nc([C@@H]2C[C@H]3CC[C@@H](C2)[C@H]3C(=O)O)n2ccnc(N)c12,CHEMBL5251,1.0,1.0,1.0,9782,True
CCOc1cc(C(=O)Nc2cc(C(F)(F)F)ccn2)ccc1-c1nc([C@@]2(C)CC[C@@H]3COC(=O)N3C2)n2ccnc(N)c12,CHEMBL5251,1.0,1.0,1.0,9782,True
CCOc1cc(CN2CC3(CC(c4ccc(C(=O)O)cn4)=NO3)C2)cc(OCC)c1-c1ccc(F)cc1,CHEMBL1792,1.0,1.0,0.831,903,False
CCOc1cc2c(-c3cccc(S(N)(=O)=O)c3)n[nH]c2cc1-c1ccccc1,CHEMBL2276,1.0,1.0,0.804,1907,False
CCOc1cc2c(-c3cccc(S(N)(=O)=O)c3)n[nH]c2cc1-c1ccccc1,CHEMBL3983,2.0,2.0,0.804,1368,False
CCOc1cc2c(Oc3cccc(NC(=O)Nc4cc(C(C)(C)C)on4)c3)ncnc2cc1OC,CHEMBL5145,2.0,2.0,0.769,5743,False
CCOc1cc2c(Oc3cccc(NC(=O)Nc4cc(C(C)(C)C)on4)c3)ncnc2cc1OC,CHEMBL1906,1.0,1.0,0.769,2781,False
CCOc1cc2c(cc1/C(=N/Nc1cc(F)ccc1F)c1ccc(C(=O)O)cc1)C(C)(C)CCC2(C)C,CHEMBL5398,4.0,1.0,0.577,61,False
CCOc1cc2c(cc1/C(=N/Nc1cc(F)ccc1F)c1ccc(C(=O)O)cc1)C(C)(C)CCC2(C)C,CHEMBL2061,1.0,2.0,0.576,1386,False
CCOc1cc2ncc(C#N)c(Nc3ccc(OCc4cc(-c5ccc(C)cc5)on4)c(Cl)c3)c2cc1NC(=O)CCCN(C)C,CHEMBL4598,1.0,1.0,0.8,241,False
CCOc1cc2ncnc(Nc3ccc(F)c(Cl)c3)c2cc1OC(=O)CSc1cccnc1,CHEMBL203,1.0,1.0,0.792,11022,False
CCOc1cc2ncnc(Oc3cccc(NC(=O)Nc4cc(C(C)(C)C)on4)c3)c2cc1OC,CHEMBL5145,2.0,2.0,0.769,5743,False
CCOc1cc2ncnc(Oc3cccc(NC(=O)Nc4cc(C(C)(C)C)on4)c3)c2cc1OC,CHEMBL1906,1.0,1.0,0.769,2781,False
CCOc1cc2ncnc(Oc3cccc(NC(=O)Nc4cc(C(C)(C)C)on4)c3)c2cc1OCC,CHEMBL5145,2.0,2.0,0.739,5743,False
CCOc1ccc(-c2cncc(C3COB(O)C3)c2)c(F)c1OC,CHEMBL4227,1.0,1.0,0.733,2172,False
CCOc1ccc(-c2cncc(C3COB(O)C3)c2)cc1OC,CHEMBL4227,1.0,1.0,0.92,2172,False
CCOc1ccc(-c2cncc(C3COB(O)C3)c2)cc1OCC,CHEMBL4227,1.0,1.0,0.898,2172,False
CCOc1ccc(C2=C(c3ccccc3)CCCc3cc(O)ccc32)cc1,CHEMBL206,1.0,1.0,0.556,4427,False
CCOc1ccc(CC(=O)Nc2cncc(C(=O)c3cn(C(C)(C)CO)c4nc(N)ncc34)c2)nc1,CHEMBL2815,1.0,1.0,0.725,4872,False
CCOc1ccc(C[C@@H](NC(=O)c2ccncc2)C(=O)N[C@@H](Cc2csc3ccccc23)C(=O)NCc2ccc(CN)cc2)cc1,CHEMBL2000,1.0,1.0,0.884,3740,False
CCOc1ccc(Cc2cc([C@@H]3O[C@H](CO)[C@@H](O)[C@H](O)[C@H]3O)c3c(c2Cl)OCCC3)cc1,CHEMBL3884,2.0,2.0,0.902,1463,False
CCOc1ccc(Cc2nc3cc(C(=O)N(CC)CC)ccc3n2C[C@@H]2CCCO2)cc1,CHEMBL253,1.0,1.0,1.0,7881,True
CCOc1ccc(Oc2cc(Nc3ccccc3C(N)=O)c(C(F)(F)F)cn2)cc1,CHEMBL2637,1.0,1.0,0.754,1597,False
CCOc1ccc(Oc2cc(Nc3ccccc3C(N)=O)c(C(F)(F)F)cn2)cc1,CHEMBL2276,2.0,2.0,0.71,1907,False
CCOc1ccc(S(=O)(=O)C[C@H]2C[C@@H](N(C)c3ncnc4[nH]ccc34)C2)cn1,CHEMBL2835,2.0,2.0,0.8,10399,False
CCOc1ccc(S(=O)(=O)C[C@H]2C[C@@H](N(C)c3ncnc4[nH]ccc34)C2)cn1,CHEMBL2971,3.0,3.0,0.8,12637,False
CCOc1ccc(S(=O)(=O)C[C@H]2C[C@@H](N(C)c3ncnc4[nH]ccc34)C2)cn1,CHEMBL2148,1.0,1.0,0.8,7416,False
CCOc1ccc(S(=O)(=O)C[C@H]2C[C@@H](N(C)c3ncnc4[nH]ccc34)C2)cn1,CHEMBL3553,4.0,4.0,0.8,6084,False
CCOc1ccc2c(-c3ccnc(Nc4cc(OC)cc(C(F)(F)F)c4)n3)cnn2n1,CHEMBL262,3.0,4.0,0.541,5430,False
CCOc1ccc2c(-c3ccnc(Nc4cccc(C(F)(F)F)c4)n3)cnn2n1,CHEMBL262,1.0,1.0,0.708,5430,False
CCOc1ccc2c(-c3ccnc(Nc4cccc(C(F)(F)F)c4)n3)cnn2n1,CHEMBL301,2.0,2.0,0.708,2596,False
CCOc1ccc2c(c1)CCCC(c1ccccc1)=C2c1ccc(O)cc1,CHEMBL206,1.0,1.0,0.534,4427,False
CCOc1ccc2c(c1)CCCC(c1ccccc1)=C2c1ccc(OCCN(C)C)cc1,CHEMBL206,3.0,3.0,0.434,4427,False
CCOc1ccc2nc(NC(=O)COc3ccc4cc(/C=C5/SC(=O)NC5=O)ccc4c3)sc2c1,CHEMBL3524,1.0,1.0,0.632,1200,False
CCOc1ccc2nc(NC(=O)COc3ccc4cc(/C=C5/SC(=O)NC5=O)ccc4c3)sc2c1,CHEMBL3192,3.0,3.0,0.632,3069,False
CCOc1cccc(-c2ccc3c(-c4cccc(CN)c4)n[nH]c3c2)c1,CHEMBL4142,3.0,3.0,0.525,1791,False
CCOc1cccc(-c2ccc3c(-c4cccc(CN)c4)n[nH]c3c2)c1,CHEMBL2742,2.0,2.0,0.525,2331,False
CCOc1cccc(Nc2cc(-c3ccc4cc(C#N)cnn34)ncc2C(=O)NC[C@@H](F)C(C)(C)O)c1,CHEMBL1825,1.0,1.0,0.85,1873,False
CCOc1cccc(Nc2cc(-c3ccc4cc(C#N)cnn34)ncc2C(=O)NC[C@@H](F)C(C)(C)O)c1,CHEMBL3778,2.0,2.0,0.785,7453,False
CCOc1cccc2c1OC(C)(C)C(=O)N[C@H]1CC[C@H](CC1)CC(=O)N[C@@H](c1ccccc1)C(=O)N[C@H](CC1CCCCC1)C(=O)NCCc1ccc(cc1)OC2,CHEMBL4361,1.0,1.0,0.844,3411,False
CCOc1cccc2c1OCC(=O)N[C@H]1CC[C@H](CC1)CC(=O)N[C@@H](c1ccccc1)C(=O)N[C@H](CC1CCCCC1)C(=O)NCCc1ccc(cc1)OC2,CHEMBL4361,1.0,1.0,0.835,3411,False
CCOc1cccc2c1OCC(=O)N[C@H]1CC[C@H](CC1)CC(=O)N[C@@H](c1ccccc1)C(=O)N[C@H](CC1CCCCC1)C(=O)N[C@H](C(=O)NC)Cc1ccc(cc1)OC2,CHEMBL4361,1.0,1.0,0.897,3411,False
CCOc1ccccc1-c1ncnc2c1cnn2CCN1CCCCC1,CHEMBL287,1.0,1.0,0.679,3166,False
CCOc1ccccc1C(=O)NCC1(N2CCN(C3CC3)CC2)CCCCC1,CHEMBL1795171,1.0,1.0,0.943,30,False
CCOc1ccccc1C(=O)NCC1(N2CCN(C3CC3)CC2)CCCCC1,CHEMBL1250417,2.0,2.0,0.943,35,False
CCOc1ccccc1N1CCN(Cc2cccs2)CC1,CHEMBL219,3.0,3.0,0.659,2981,False
CCOc1ccccc1N1CCN(Cc2cccs2)CC1,CHEMBL234,2.0,2.0,0.659,6166,False
CCOc1ccccc1N1CCN(Cc2cccs2)CC1,CHEMBL217,1.0,1.0,0.659,9217,False
CCOc1ccccc1NC(=O)C1=C(C)NC(=S)N[C@@H]1c1cccs1,CHEMBL4302,1.0,1.0,1.0,2509,True
CCOc1cncc(-c2cc3c4c(c2)CCN4C(=O)CC3)c1,CHEMBL2722,2.0,2.0,0.66,2212,False
CCOc1cncc(-c2cc3c4c(c2)CCN4C(=O)CC3)c1,CHEMBL1908,1.0,1.0,0.66,1695,False
CCOc1cncc(-c2ccc(C(=O)NC(CC)c3ccnc(NS(=O)(=O)C4CC4)n3)nc2)n1,CHEMBL5291523,1.0,1.0,0.841,164,False
CCOc1nc(-c2cccc(C3=CB(O)OC3)c2)ccc1OC,CHEMBL4227,1.0,1.0,0.597,2172,False
CCOc1nc(N2CCC(O)CC2)ccc1C(=O)NC[C@@H](O)[C@@H]1Cc2ccccc2CN1,CHEMBL1795116,1.0,1.0,0.826,1323,False
CCOc1nc2c(c(-c3ccc(F)cc3)c1C#N)Cc1ccccc1-2,CHEMBL4523512,20.0,1.0,0.431,31,False
CCOc1nc2cc(S(=O)(=O)NCc3ccc(F)cc3)ccc2n1Cc1cccc(Cl)c1,CHEMBL1855,1.0,1.0,0.721,1565,False
CCOc1nc2cc(S(=O)(=O)NCc3ccc(F)cc3)ccc2n1Cc1ccccc1,CHEMBL1855,1.0,1.0,0.778,1565,False
CCOc1ncc(-c2cc(NC(=O)c3ccnc(C(C)(C)C#N)c3)cnc2C)cc1C1(C)COC1,CHEMBL1906,1.0,1.0,0.824,2781,False
CCOc1ncc(-c2cc(NC(=O)c3ccnc(C(C)(C)C#N)c3)cnc2C)cc1C1(C)COC1,CHEMBL5145,2.0,2.0,0.824,5743,False
CCOc1ncc(-c2cc(NC(=O)c3ccnc(C(C)(C)F)c3)cnc2C)cc1C1(C)COC1,CHEMBL1906,1.0,1.0,0.817,2781,False
CCOc1ncc(-c2cc(NC(=O)c3ccnc(C(C)(C)F)c3)cnc2C)cc1C1(CF)COC1,CHEMBL1906,1.0,1.0,0.89,2781,False
CCOc1ncc(-c2cc(NC(=O)c3ccnc(C(C)(C)F)c3)cnc2C)cc1C1(CF)COC1,CHEMBL5145,2.0,2.0,0.737,5743,False
CCOc1ncc(-c2cc(NC(=O)c3ccnc(C(F)(F)F)c3)cnc2C)cc1C1(C)COC1,CHEMBL1906,2.0,2.0,0.814,2781,False
CCOc1ncc(-c2cc(NC(=O)c3ccnc(C(F)(F)F)c3)cnc2C)cc1C1(C)COC1,CHEMBL5145,1.0,1.0,0.814,5743,False
CCOc1ncccc1-c1cc(N[C@H]2CCCOC2)c2c(cnn2C(C)C)n1,CHEMBL3421,3.0,3.0,1.0,655,True
CCOc1ncccc1-c1cc(N[C@H]2CCCOC2)c2c(cnn2C(C)C)n1,CHEMBL4425,1.0,1.0,1.0,876,True
CCOc1ncccc1-c1cc(N[C@H]2CCCOC2)c2c(cnn2C(C)C)n1,CHEMBL4619,2.0,2.0,1.0,720,True
CCOc1ncccc1S(=O)(=O)C[C@H]1C[C@@H](N(C)c2ncnc3[nH]ccc23)C1,CHEMBL2971,2.0,2.0,0.738,12637,False
CCOc1ncccc1S(=O)(=O)C[C@H]1C[C@@H](N(C)c2ncnc3[nH]ccc23)C1,CHEMBL2148,3.0,3.0,0.738,7416,False
CCOc1ncccc1S(=O)(=O)C[C@H]1C[C@@H](N(C)c2ncnc3[nH]ccc23)C1,CHEMBL3553,4.0,4.0,0.738,6084,False
CCS(=O)(=O)N(C)c1ccc2nc(-c3ccc(Cl)cc3)c(CN3CCN(C(C)=O)CC3)n2c1,CHEMBL5873,1.0,1.0,0.8,112,False
CCS(=O)(=O)NC(=O)c1ccc2c(-c3cnc(OCC(C)C)c(Cl)c3)cn(C)c2c1,CHEMBL4296,1.0,1.0,0.791,7797,False
CCS(=O)(=O)NC(=O)c1ccc2c(-c3cnc(OCC(C)C)c(Cl)c3)cn(C)c2c1,CHEMBL1980,2.0,2.0,0.791,1446,False
CCS(=O)(=O)Nc1ccc(F)c(Nc2ccc3ncn(C)c(=O)c3c2C)c1Cl,CHEMBL5145,1.0,1.0,0.803,5743,False
CCS(=O)(=O)Nc1ccc2nc(-c3ccc(Cl)cc3)c(CN3CCN(C(C)=O)CC3)n2c1,CHEMBL5873,1.0,1.0,0.797,112,False
CCS(=O)(=O)c1ccc(CC(=O)Nc2nc(-c3c(Cl)cccc3Cl)cs2)cc1,CHEMBL1741186,1.0,1.0,0.6,10748,False
CCS(=O)(=O)c1ccc(CC(=O)Nc2nc(-c3cc(Cl)ccc3Cl)c(C)s2)cc1,CHEMBL1741186,1.0,1.0,0.758,10748,False
CCS(=O)(=O)c1ccc(CC(=O)Nc2nc(-c3cc(Cl)ccc3Cl)cs2)cc1,CHEMBL1741186,1.0,1.0,0.712,10748,False
CCS(=O)(=O)c1ccc(CC(=O)Nc2nc(-c3ccc(Cl)cc3)cs2)cc1,CHEMBL1741186,2.0,2.0,0.61,10748,False
CCS(=O)(=O)c1ccc(CC(=O)Nc2nc(-c3ccc(Cl)cc3Cl)cs2)cc1,CHEMBL1741186,1.0,1.0,0.629,10748,False
CCS(=O)(=O)c1ccc(CC(=O)Nc2nc(-c3cccc(Cl)c3)cs2)cc1,CHEMBL1741186,1.0,1.0,0.678,10748,False
CCS(=O)(=O)c1ccc(CC(=O)Nc2nc(-c3cccc(Cl)c3Cl)cs2)cc1,CHEMBL1741186,1.0,1.0,0.571,10748,False
CCS(=O)(=O)c1ccc(CC(=O)Nc2nc(-c3ccccc3)c(C(=O)OC)s2)cc1,CHEMBL1741186,1.0,1.0,0.786,10748,False
CCS(=O)(=O)c1ccc(CC(=O)Nc2nc(-c3ccccc3)c(C(C)=O)s2)cc1,CHEMBL1741186,1.0,1.0,0.815,10748,False
CCS(=O)(=O)c1ccc(CC(=O)Nc2nc(-c3ccccc3)c(C(C)C)s2)cc1,CHEMBL1741186,1.0,1.0,0.759,10748,False
CCS(=O)(=O)c1ccc(CC(=O)Nc2nc(-c3ccccc3)c(C)s2)cc1,CHEMBL1741186,1.0,1.0,0.804,10748,False
CCS(=O)(=O)c1ccc(CC(=O)Nc2nc(-c3ccccc3)cs2)cc1,CHEMBL1741186,2.0,3.0,0.655,10748,False
CCS(=O)(=O)c1ccc(CC(=O)Nc2nc(-c3ccccc3Cl)cs2)cc1,CHEMBL1741186,1.0,1.0,0.625,10748,False
CCS(=O)(=O)c1ccc(Cl)cc1Cn1c(=O)[nH]c2c(Cl)c(CN3CCC[C@@H](C(=O)NC4CCNCC4)C3)c(C(F)(F)F)cc2c1=O,CHEMBL5319,1.0,1.0,0.894,1645,False
CCS(=O)(=O)c1ccc(OC)c(-c2ccc(CN3CCc4ccccc4C3)[nH]2)c1,CHEMBL234,1.0,1.0,0.719,6166,False
CCS(=O)(=O)c1ccc(OC)c(-c2ccc(CN3CCc4ccccc4C3)[nH]2)c1,CHEMBL217,2.0,2.0,0.719,9217,False
CCS(=O)(=O)c1ccc2nc(-c3ccc(Cl)cc3)c(CN3CCN(C(C)=O)CC3)n2c1,CHEMBL5873,2.0,1.0,0.787,112,False
CCS(=O)(=O)c1ccccc1-c1ncc2cnn(Cc3ccc(-c4nc(C(F)(F)F)cn4C)cc3)c2n1,CHEMBL1795087,1.0,1.0,0.69,546,False
CCSCC(c1ccc(Cl)c(Cl)c1)C1CCNCC1,CHEMBL238,3.0,3.0,0.462,3420,False
CCSCC(c1ccc(Cl)c(Cl)c1)C1CCNCC1,CHEMBL228,2.0,2.0,0.462,5328,False
CCSCC(c1ccc(Cl)c(Cl)c1)C1CCNCC1,CHEMBL222,1.0,1.0,0.462,3692,False
CCSCC1C2CCC(O2)C1C/C=C\CCCC(=O)O,CHEMBL2069,1.0,1.0,0.729,1031,False
CCSc1nc2cc(S(=O)(=O)NCc3ccc(Cl)cc3)ccc2n1Cc1ccccc1,CHEMBL1855,1.0,1.0,0.692,1565,False
CCSc1nc2cc(S(=O)(=O)NCc3ccc(F)cc3)ccc2n1Cc1ccccc1,CHEMBL1855,1.0,1.0,0.803,1565,False
CCSc1nc2cc(S(=O)(=O)NCc3ccc(OC)cc3)ccc2n1Cc1ccccc1,CHEMBL1855,1.0,1.0,0.662,1565,False
CCSc1nc2cc(S(=O)(=O)NCc3ccc([N+](=O)[O-])cc3)ccc2n1Cc1ccccc1,CHEMBL1855,1.0,1.0,0.652,1565,False
CCSc1nc2cc(S(=O)(=O)NCc3cccc(OC)c3)ccc2n1Cc1ccccc1,CHEMBL1855,1.0,1.0,0.606,1565,False
CCSc1nc2cc(S(=O)(=O)NCc3ccccc3OC)ccc2n1Cc1ccccc1,CHEMBL1855,1.0,1.0,0.606,1565,False
CC[C@@H](C)Oc1cc2c(cc1OC)CC(=O)N(c1ccc(N(C)Cc3ccncc3)cc1)C2c1ccc(Cl)cc1,CHEMBL1255126,3.0,2.0,0.778,484,False
CC[C@@H](C)Oc1cc2c(cc1OC)CC(=O)N(c1ccc(N(C)Cc3ccncc3)cc1)C2c1ccc(Cl)cc1,CHEMBL5023,1.0,1.0,0.778,4821,False
CC[C@@H](C)[C@@H](N)C(=O)N1CCC[C@@H](n2nc(-c3ccc(Oc4ccccc4)cc3)c3c(N)ncnc32)C1,CHEMBL5251,1.0,1.0,0.773,9782,False
CC[C@@H](C)[C@@H]1NC(=O)[C@@H](CS)NC(=O)CCC(=O)Nc2ccc(cc2)[C@@H](C(=O)N[C@@H](CCCCN)C(=O)N[C@@H](Cc2ccc(O)cc2)C(=O)N[C@@H](Cc2ccc(O)cc2)C(=O)O)NC1=O,CHEMBL267,1.0,1.0,0.586,3981,False
CC[C@@H](C1CCC1)n1cc(-c2nc(-c3cnn(C[C@@H](O)CO)c3)cn3nccc23)cn1,CHEMBL3553,1.0,1.0,0.934,6084,False
CC[C@@H](C1CCC1)n1cc(-c2nc(-c3cnn(C[C@@H](O)CO)c3)cn3nccc23)cn1,CHEMBL2835,2.0,2.0,0.934,10399,False
CC[C@@H](C1CCC1)n1cc(-c2nc(-c3cnn(C[C@@H](O)CO)c3)cn3nccc23)cn1,CHEMBL2971,4.0,4.0,0.934,12637,False
CC[C@@H](C1CCC1)n1cc(-c2nc(-c3cnn(C[C@@H](O)CO)c3)cn3nccc23)cn1,CHEMBL2148,3.0,3.0,0.934,7416,False
CC[C@@H](COCC1(C#N)CC1)N1C(=O)[C@@H](CC(=O)O)C[C@H](c2cccc(Cl)c2)[C@H]1c1ccc(Cl)cc1,CHEMBL5023,1.0,1.0,0.736,4821,False
CC[C@@H](COCC1(C(N)=O)CC1)N1C(=O)[C@@H](CC(=O)O)C[C@H](c2cccc(Cl)c2)[C@H]1c1ccc(Cl)cc1,CHEMBL5023,1.0,1.0,0.757,4821,False
CC[C@@H](COCC1(C(N)=O)CC1)N1C(=O)[C@H](CC(=O)O)C[C@H](c2cccc(Cl)c2)[C@H]1c1ccc(Cl)cc1,CHEMBL5023,1.0,1.0,0.757,4821,False
CC[C@@H](COCC1CC1)N1C(=O)[C@@H](CC(=O)O)C[C@H](c2cccc(Cl)c2)[C@H]1c1ccc(Cl)cc1,CHEMBL5023,1.0,1.0,0.803,4821,False
CC[C@@H](COCC1CC1)N1C(=O)[C@H](CC(=O)O)C[C@H](c2cccc(Cl)c2)[C@H]1c1ccc(Cl)cc1,CHEMBL5023,1.0,1.0,0.803,4821,False
CC[C@@H](Nc1c(C#N)cnc2c(Cl)cc(N[C@H](C3=CN(C(C)(C)C)NN3)c3cccnc3)cc12)c1ccccc1,CHEMBL203,1.0,1.0,0.797,11022,False
CC[C@@H](Nc1c(C#N)cnc2c(Cl)cc(N[C@H](C3=CN(C(C)C(F)(F)F)NN3)c3cccnc3)cc12)c1ccccc1,CHEMBL203,1.0,1.0,0.759,11022,False
CC[C@@H](Nc1c(C#N)cnc2c(Cl)cc(N[C@H](C3=CN(C(C)C)NN3)c3cccnc3)cc12)c1ccccc1,CHEMBL203,1.0,1.0,0.808,11022,False
CC[C@@H](Nc1c(C#N)cnc2c(Cl)cc(N[C@H](C3=CN(C(C)C)NN3)c3cccnc3C)cc12)c1ccccc1,CHEMBL203,1.0,1.0,0.747,11022,False
CC[C@@H](Nc1c(C#N)cnc2c(Cl)cc(N[C@H](C3=CN(C(F)(F)CO)NN3)c3cccnc3)cc12)c1ccccc1,CHEMBL203,1.0,1.0,0.75,11022,False
CC[C@@H](Nc1c(C#N)cnc2c(Cl)cc(N[C@H](C3=CN(CC#N)NN3)c3cccnc3)cc12)c1ccccc1,CHEMBL203,1.0,1.0,0.797,11022,False
CC[C@@H](Nc1c(C#N)cnc2c(Cl)cc(N[C@H](C3=CN(CC(F)(F)F)NN3)c3cccnc3)cc12)c1ccccc1,CHEMBL203,1.0,1.0,0.768,11022,False
CC[C@@H](Nc1c(C#N)cnc2c(Cl)cc(N[C@H](C3=CN([C@@H](C)CF)NN3)c3cccnc3)cc12)c1ccccc1,CHEMBL203,1.0,1.0,0.768,11022,False
CC[C@@H](Nc1c(C#N)cnc2c(Cl)cc(N[C@H](C3=CNNN3)c3cccnc3)cc12)c1ccccc1,CHEMBL203,1.0,1.0,0.76,11022,False
CC[C@@H](Nc1c(C#N)cnc2c(Cl)cc(N[C@H](C3=CNNN3)c3cccnc3C)cc12)c1ccccc1,CHEMBL203,1.0,1.0,0.734,11022,False
CC[C@@H](Nc1cc(C(F)(F)F)c(-c2sc(C(=O)NCC(C)(C)O)nc2C(=O)N2CCC[C@@H]2C)cn1)C1CC1,CHEMBL1741186,1.0,1.0,0.859,10748,False
CC[C@@H](Nc1cc(C(F)F)c(-c2sc(C(=O)NCC(C)(C)O)nc2C(=O)N2CCC[C@@H]2C)cn1)C1CC1,CHEMBL1741186,1.0,1.0,0.859,10748,False
CC[C@@H](O)C(=O)N(CC)CCN1CCC(c2noc3cc(F)ccc23)CC1,CHEMBL224,2.0,2.0,0.727,6081,False
CC[C@@H](O)C(=O)N(CC)CCN1CCC(c2noc3cc(F)ccc23)CC1,CHEMBL3155,1.0,1.0,0.727,3175,False
CC[C@@H](O)C(=O)N(CC)CCN1CCC(c2noc3cc(F)ccc23)CC1,CHEMBL217,4.0,4.0,0.716,9217,False
CC[C@@H](O)C(=O)N(CC)CCN1CCC(c2noc3cc(F)ccc23)CC1,CHEMBL240,3.0,3.0,0.727,10985,False
CC[C@@H]1/C=C(\C)C[C@H](C)C[C@H](OC)[C@H]2OC(C(=O)C(=O)N3CCCCC3C(=O)O[C@H](/C(C)=C/[C@@H]3CC[C@@H](O)[C@H](OC)C3)[C@H](C)[C@@H](O)CC1=O)[C@H](C)C[C@H]2OC,CHEMBL1902,1.0,1.0,0.747,724,False
CC[C@@H]1C(=O)N(C)c2cnc(-n3ccnc3-c3ccccc3)nc2N1c1cncnc1,CHEMBL3024,1.0,1.0,0.862,1517,False
CC[C@@H]1C(=O)N(C)c2cnc(-n3ccnc3-c3ccccc3)nc2N1c1cncnc1,CHEMBL5938,2.0,2.0,0.862,211,False
CC[C@@H]1C(=O)N(C)c2cnc(Nc3ccc(S(=O)(=O)NC4CCCC4)cc3)nc2N1C1CCCC1,CHEMBL5938,3.0,3.0,0.841,211,False
CC[C@@H]1C(=O)N(C)c2cnc(Nc3ccc(S(=O)(=O)NC4CCCC4)cc3)nc2N1C1CCCC1,CHEMBL3024,1.0,1.0,0.841,1517,False
CC[C@@H]1C(=O)N(C)c2cnc(Nc3ccc(S(=O)(=O)NC4CCCC4)cc3)nc2N1C1CCCC1,CHEMBL4897,2.0,2.0,0.841,415,False
CC[C@@H]1CCC[C@H]1N1CC[C@@H](NC(=O)c2cc(-c3ccc(F)cc3F)on2)[C@H](C(=O)N(C)C)C1,CHEMBL2010631,1.0,1.0,0.8,1433,False
CC[C@@H]1CN(C(=O)c2nc(Nc3cc(C4CC4)[nH]n3)c3cc(Cl)ccc3n2)CCN1,CHEMBL4600,4.0,2.0,0.533,447,False
CC[C@@H]1CN(C(=O)c2nc(Nc3cc(C4CC4)[nH]n3)c3cc(Cl)ccc3n2)CCN1,CHEMBL4482,1.0,1.0,0.671,609,False
CC[C@@H]1OCC(=O)[C@H]1NC(=O)[C@H](CC1(C)CCCC1)NC(=O)c1ccc(N(C)S(C)(=O)=O)cc1,CHEMBL3837,1.0,1.0,0.708,2086,False
CC[C@@H]1OCC(=O)[C@H]1NC(=O)[C@H](CC1(C)CCCC1)NC(=O)c1ccc(N(C)S(C)(=O)=O)cc1,CHEMBL268,2.0,2.0,0.708,2225,False
CC[C@@H]1OCC(=O)[C@H]1NC(=O)[C@H](CC1(C)CCCC1)NC(=O)c1ccc(N(C)S(C)(=O)=O)cc1,CHEMBL2954,3.0,3.0,0.708,2538,False
CC[C@@H]1OCC(=O)[C@H]1NC(=O)[C@H](CC1(C)CCCC1)NC(=O)c1ccc(NS(=O)(=O)C(C)C)cc1,CHEMBL3837,1.0,1.0,0.809,2086,False
CC[C@@H]1OCC(=O)[C@H]1NC(=O)[C@H](CC1(C)CCCC1)NC(=O)c1ccc(NS(=O)(=O)C(C)C)cc1,CHEMBL268,2.0,2.0,0.809,2225,False
CC[C@@H]1OCC(=O)[C@H]1NC(=O)[C@H](CC1(C)CCCC1)NC(=O)c1ccc(NS(=O)(=O)C(C)C)cc1,CHEMBL2954,3.0,3.0,0.809,2538,False
CC[C@@H]1OCC(=O)[C@H]1NC(=O)[C@H](CC1(C)CCCC1)NC(=O)c1ccc(NS(=O)(=O)C(F)(F)F)cc1,CHEMBL3837,1.0,1.0,0.786,2086,False
CC[C@@H]1OCC(=O)[C@H]1NC(=O)[C@H](CC1(C)CCCC1)NC(=O)c1ccc(NS(=O)(=O)C(F)(F)F)cc1,CHEMBL268,2.0,2.0,0.786,2225,False
CC[C@@H]1OCC(=O)[C@H]1NC(=O)[C@H](CC1(C)CCCC1)NC(=O)c1ccc(NS(=O)(=O)C(F)(F)F)cc1,CHEMBL2954,3.0,3.0,0.786,2538,False
CC[C@@H]1OCC(=O)[C@H]1NC(=O)[C@H](CC1(C)CCCC1)NC(=O)c1ccc(NS(=O)(=O)CC)cc1,CHEMBL3837,1.0,1.0,0.838,2086,False
CC[C@@H]1OCC(=O)[C@H]1NC(=O)[C@H](CC1(C)CCCC1)NC(=O)c1ccc(NS(=O)(=O)CC)cc1,CHEMBL268,2.0,2.0,0.838,2225,False
CC[C@@H]1OCC(=O)[C@H]1NC(=O)[C@H](CC1(C)CCCC1)NC(=O)c1ccc(NS(=O)(=O)CC)cc1,CHEMBL2954,3.0,3.0,0.838,2538,False
CC[C@@H]1OCC(=O)[C@H]1NC(=O)[C@H](CC1(C)CCCC1)NC(=O)c1ccc(NS(=O)(=O)N(C)C)cc1,CHEMBL3837,2.0,2.0,0.797,2086,False
CC[C@@H]1OCC(=O)[C@H]1NC(=O)[C@H](CC1(C)CCCC1)NC(=O)c1ccc(NS(=O)(=O)N(C)C)cc1,CHEMBL268,3.0,3.0,0.797,2225,False
CC[C@@H]1OCC(=O)[C@H]1NC(=O)[C@H](CC1(C)CCCC1)NC(=O)c1ccc(NS(=O)(=O)N(C)C)cc1,CHEMBL2954,1.0,1.0,0.797,2538,False
CC[C@@H]1OCC(=O)[C@H]1NC(=O)[C@H](CC1(C)CCCC1)NC(=O)c1ccc(NS(C)(=O)=O)c(C(C)=O)c1,CHEMBL3837,3.0,3.0,0.72,2086,False
CC[C@@H]1OCC(=O)[C@H]1NC(=O)[C@H](CC1(C)CCCC1)NC(=O)c1ccc(NS(C)(=O)=O)c(C(C)=O)c1,CHEMBL268,2.0,2.0,0.72,2225,False
CC[C@@H]1OCC(=O)[C@H]1NC(=O)[C@H](CC1(C)CCCC1)NC(=O)c1ccc(NS(C)(=O)=O)c(C(C)=O)c1,CHEMBL2954,1.0,1.0,0.72,2538,False
CC[C@@H]1OCC(=O)[C@H]1NC(=O)[C@H](CC1(C)CCCC1)NC(=O)c1ccc(NS(C)(=O)=O)c(C)c1,CHEMBL3837,1.0,1.0,0.822,2086,False
CC[C@@H]1OCC(=O)[C@H]1NC(=O)[C@H](CC1(C)CCCC1)NC(=O)c1ccc(NS(C)(=O)=O)c(C)c1,CHEMBL268,2.0,2.0,0.822,2225,False
CC[C@@H]1OCC(=O)[C@H]1NC(=O)[C@H](CC1(C)CCCC1)NC(=O)c1ccc(NS(C)(=O)=O)c(C)c1,CHEMBL2954,3.0,3.0,0.822,2538,False
CC[C@@H]1OCC(=O)[C@H]1NC(=O)[C@H](CC1(C)CCCC1)NC(=O)c1ccc(NS(C)(=O)=O)c(Cl)c1,CHEMBL3837,3.0,3.0,0.824,2086,False
CC[C@@H]1OCC(=O)[C@H]1NC(=O)[C@H](CC1(C)CCCC1)NC(=O)c1ccc(NS(C)(=O)=O)c(Cl)c1,CHEMBL268,1.0,1.0,0.824,2225,False
CC[C@@H]1OCC(=O)[C@H]1NC(=O)[C@H](CC1(C)CCCC1)NC(=O)c1ccc(NS(C)(=O)=O)c(Cl)c1,CHEMBL2954,2.0,2.0,0.824,2538,False
CC[C@@H]1OCC(=O)[C@H]1NC(=O)[C@H](CC1(C)CCCC1)NC(=O)c1ccc(NS(C)(=O)=O)c(F)c1,CHEMBL3837,1.0,1.0,0.73,2086,False
CC[C@@H]1OCC(=O)[C@H]1NC(=O)[C@H](CC1(C)CCCC1)NC(=O)c1ccc(NS(C)(=O)=O)c(F)c1,CHEMBL268,2.0,2.0,0.73,2225,False
CC[C@@H]1OCC(=O)[C@H]1NC(=O)[C@H](CC1(C)CCCC1)NC(=O)c1ccc(NS(C)(=O)=O)c(F)c1,CHEMBL2954,3.0,3.0,0.73,2538,False
CC[C@@H]1OCC(=O)[C@H]1NC(=O)[C@H](CC1(C)CCCC1)NC(=O)c1ccc(NS(C)(=O)=O)c(OC)c1,CHEMBL3837,3.0,3.0,0.743,2086,False
CC[C@@H]1OCC(=O)[C@H]1NC(=O)[C@H](CC1(C)CCCC1)NC(=O)c1ccc(NS(C)(=O)=O)c(OC)c1,CHEMBL268,1.0,1.0,0.743,2225,False
CC[C@@H]1OCC(=O)[C@H]1NC(=O)[C@H](CC1(C)CCCC1)NC(=O)c1ccc(NS(C)(=O)=O)c(OC)c1,CHEMBL2954,2.0,2.0,0.743,2538,False
CC[C@@H]1OCC(=O)[C@H]1NC(=O)[C@H](CC1(C)CCCC1)NC(=O)c1ccc(NS(C)(=O)=O)cc1,CHEMBL3837,2.0,2.0,0.833,2086,False
CC[C@@H]1OCC(=O)[C@H]1NC(=O)[C@H](CC1(C)CCCC1)NC(=O)c1ccc(NS(C)(=O)=O)cc1,CHEMBL268,3.0,3.0,0.833,2225,False
CC[C@@H]1OCC(=O)[C@H]1NC(=O)[C@H](CC1(C)CCCC1)NC(=O)c1ccc(NS(C)(=O)=O)cc1,CHEMBL2954,1.0,1.0,0.833,2538,False
CC[C@@H]1OCC(=O)[C@H]1NC(=O)[C@H](CC1(C)CCCC1)NC(=O)c1ccc(NS(C)(=O)=O)cc1C,CHEMBL3837,1.0,1.0,0.693,2086,False
CC[C@@H]1OCC(=O)[C@H]1NC(=O)[C@H](CC1(C)CCCC1)NC(=O)c1ccc(NS(C)(=O)=O)cc1C,CHEMBL268,2.0,2.0,0.693,2225,False
CC[C@@H]1OCC(=O)[C@H]1NC(=O)[C@H](CC1(C)CCCC1)NC(=O)c1ccc(NS(C)(=O)=O)cc1C,CHEMBL2954,3.0,3.0,0.693,2538,False
CC[C@@H]1OCC(=O)[C@H]1NC(=O)[C@H](CC1(C)CCCC1)NC(=O)c1ccc(NS(C)(=O)=O)cc1OC,CHEMBL3837,2.0,2.0,0.667,2086,False
CC[C@@H]1OCC(=O)[C@H]1NC(=O)[C@H](CC1(C)CCCC1)NC(=O)c1ccc(NS(C)(=O)=O)cc1OC,CHEMBL268,1.0,1.0,0.667,2225,False
CC[C@@H]1OCC(=O)[C@H]1NC(=O)[C@H](CC1(C)CCCC1)NC(=O)c1ccc(NS(C)(=O)=O)cc1OC,CHEMBL2954,3.0,3.0,0.667,2538,False
CC[C@@H]1OCC(=O)[C@H]1NC(=O)[C@H](CC1(C)CCCC1)NC(=O)c1ccc(S(=O)(=O)NC)cc1,CHEMBL3837,1.0,1.0,0.786,2086,False
CC[C@@H]1OCC(=O)[C@H]1NC(=O)[C@H](CC1(C)CCCC1)NC(=O)c1ccc(S(=O)(=O)NC)cc1,CHEMBL268,3.0,3.0,0.786,2225,False
CC[C@@H]1OCC(=O)[C@H]1NC(=O)[C@H](CC1(C)CCCC1)NC(=O)c1ccc(S(=O)(=O)NC)cc1,CHEMBL2954,2.0,2.0,0.786,2538,False
CC[C@@H]1OCC(=O)[C@H]1NC(=O)[C@H](CC1(C)CCCC1)NC(=O)c1cccc(NS(C)(=O)=O)c1,CHEMBL3837,1.0,1.0,0.726,2086,False
CC[C@@H]1OCC(=O)[C@H]1NC(=O)[C@H](CC1(C)CCCC1)NC(=O)c1cccc(NS(C)(=O)=O)c1,CHEMBL268,3.0,3.0,0.726,2225,False
CC[C@@H]1OCC(=O)[C@H]1NC(=O)[C@H](CC1(C)CCCC1)NC(=O)c1cccc(NS(C)(=O)=O)c1,CHEMBL2954,2.0,2.0,0.726,2538,False
CC[C@@H]1OCC(=O)[C@H]1NC(=O)[C@H](CC1(C)CCCC1)NC(=O)c1cccc(S(=O)(=O)NC)c1,CHEMBL3837,2.0,2.0,0.727,2086,False
CC[C@@H]1OCC(=O)[C@H]1NC(=O)[C@H](CC1(C)CCCC1)NC(=O)c1cccc(S(=O)(=O)NC)c1,CHEMBL268,1.0,1.0,0.727,2225,False
CC[C@@H]1OCC(=O)[C@H]1NC(=O)[C@H](CC1(C)CCCC1)NC(=O)c1cccc(S(=O)(=O)NC)c1,CHEMBL2954,3.0,3.0,0.727,2538,False
CC[C@@H]1c2c(C#N)ncn2-c2cnc(Nc3cc(F)c(C(=O)NC4CCN(C)CC4)cc3OC)nc2N1C1CCCCC1,CHEMBL3024,1.0,1.0,0.988,1517,False
CC[C@H](C)[C@@H]1C(=O)O[C@H]1C(=O)N[C@H]1C[C@H]1C[C@@H](CCc1ccc2ccccc2c1)NC(=O)[C@H](C)NC(=O)OCc1ccccc1,CHEMBL4662,1.0,1.0,0.885,1235,False
CC[C@H](C)[C@@H]1NC(=O)CNC(=O)[C@H](CO)NC(=O)[C@H](CCCNC(=N)N)NC(=O)[C@H](CCCNC(=N)N)NC(=O)[C@H](Cc2ccccc2)NC(=O)[C@H](CCCNC(=N)N)NC(=O)[C@H]([C@@H](C)O)NC(=O)[C@@H](Cc2ccc(O)cc2)NC(=O)CSC[C@@H](C(N)=O)NC(=O)[C@H](Cc2ccc(O)cc2)NC(=O)[C@H](Cc2ccc(O)cc2)NC(=O)[C@H](Cc2ccccc2)NC(=O)[C@H](C(C)C)NC1=O,CHEMBL5896,5.0,2.0,0.804,287,False
CC[C@H](C)[C@@H]1NC(=O)CNC(=O)[C@H](CO)NC(=O)[C@H](CCCNC(=N)N)NC(=O)[C@H](CCCNC(=N)N)NC(=O)[C@H](Cc2ccccc2)NC(=O)[C@H](CCCNC(=N)N)NC(=O)[C@H]([C@@H](C)O)NC(=O)[C@@H](Cc2ccc(O)cc2)NC(=O)CSC[C@@H](C(N)=O)NC(=O)[C@H](Cc2ccc(O)cc2)NC(=O)[C@H](Cc2ccc(O)cc2)NC(=O)[C@H](Cc2ccccc2)NC(=O)[C@H](C(C)C)NC1=O,CHEMBL6175,1.0,1.0,0.804,1065,False
CC[C@H](C)[C@@H]1NC(=O)CNC(=O)[C@H](CO)NC(=O)[C@H](CCCNC(=N)N)NC(=O)[C@H](CCCNC(=N)N)NC(=O)[C@H](Cc2ccccc2)NC(=O)[C@H](CCCNC(=N)N)NC(=O)[C@H]([C@H](C)O)NC(=O)[C@@H](Cc2ccc(O)cc2)NC(=O)CSC[C@@H](C(N)=O)NC(=O)[C@H](Cc2ccc(O)cc2)NC(=O)[C@H](Cc2ccc(O)cc2)NC(=O)[C@H](Cc2ccccc2)NC(=O)[C@H](C(C)C)NC1=O,CHEMBL5896,5.0,2.0,0.804,287,False
CC[C@H](C)[C@@H]1NC(=O)CNC(=O)[C@H](CO)NC(=O)[C@H](CCCNC(=N)N)NC(=O)[C@H](CCCNC(=N)N)NC(=O)[C@H](Cc2ccccc2)NC(=O)[C@H](CCCNC(=N)N)NC(=O)[C@H]([C@H](C)O)NC(=O)[C@@H](Cc2ccc(O)cc2)NC(=O)CSC[C@@H](C(N)=O)NC(=O)[C@H](Cc2ccc(O)cc2)NC(=O)[C@H](Cc2ccc(O)cc2)NC(=O)[C@H](Cc2ccccc2)NC(=O)[C@H](C(C)C)NC1=O,CHEMBL6175,1.0,1.0,0.804,1065,False
CC[C@H](C)[C@@H]1NC(=O)[C@@H](NC(=O)[C@H](CO)NC(=O)[C@@H](N)CCCNC(=N)N)CSSC[C@@H](C(=O)O)NC(=O)[C@H]([C@@H](C)O)NC(=O)CNC(=O)[C@@H]2CSSC[C@@H]3NC(=O)[C@H](CCC(N)=O)NC(=O)[C@H](Cc4ccccc4)NC(=O)[C@H](C)NC(=O)[C@H]([C@@H](C)O)NC(=O)[C@H](CSSC[C@H](NC(=O)[C@H](Cc4ccccc4)NC(=O)[C@H](CO)NC(=O)[C@H](CC(C)C)NC(=O)[C@H](CCCNC(=N)N)NC(=O)[C@H](Cc4ccc(O)cc4)NC(=O)[C@H](CCCCN)NC(=O)[C@H](CCSC)NC(=O)[C@H](CO)NC(=O)[C@H](Cc4cnc[nH]4)NC(=O)[C@H](CCCCN)NC3=O)C(=O)N[C@@H](CCCNC(=N)N)C(=O)N[C@@H](CCCCN)C(=O)N[C@@H]([C@@H](C)O)C(=O)N2)NC(=O)[C@H](CCCNC(=N)N)NC(=O)[C@H](CO)NC(=O)[C@H](CCCCN)NC(=O)[C@@H]2CCCN2C(=O)[C@H](Cc2cccc3ccccc23)NC(=O)[C@H]([C@@H](C)O)NC(=O)[C@H](CC(=O)O)NC1=O,CHEMBL4633,1.0,1.0,0.977,587,False
CC[C@H](C)[C@@H]1NC(=O)[C@@H](NC(=O)[C@H](CO)NC(=O)[C@@H](N)CCCNC(=N)N)CSSC[C@@H](C(=O)O)NC(=O)[C@H]([C@@H](C)O)NC(=O)CNC(=O)[C@@H]2CSSC[C@@H]3NC(=O)[C@H](CCC(N)=O)NC(=O)[C@H](Cc4ccccc4)NC(=O)[C@H](C)NC(=O)[C@H]([C@@H](C)O)NC(=O)[C@H](CSSC[C@H](NC(=O)[C@H](Cc4ccccc4)NC(=O)[C@H](CO)NC(=O)[C@H](CC(C)C)NC(=O)[C@H](CCCNC(=N)N)NC(=O)[C@H](Cc4ccc(O)cc4)NC(=O)[C@H](CCCCN)NC(=O)[C@H](CCSC)NC(=O)[C@H](CO)NC(=O)[C@H](Cc4cnc[nH]4)NC(=O)[C@H](CCCCN)NC3=O)C(=O)N[C@@H](CCCNC(=N)N)C(=O)N[C@@H](CCCCN)C(=O)N[C@@H]([C@@H](C)O)C(=O)N2)NC(=O)[C@H](CCCNC(=N)N)NC(=O)[C@H](CO)NC(=O)[C@H](CCCCN)NC(=O)[C@@H]2CCCN2C(=O)[C@H](Cc2cccc3ccccc23)NC(=O)[C@H]([C@@H](C)O)NC(=O)[C@H](CC(=O)O)NC1=O,CHEMBL2309,2.0,2.0,0.977,72,False
CC[C@H](C)[C@@H]1NC(=O)[C@@H]2CCCN2C(=O)[C@H](Cc2c[nH]c3ccccc23)NC(=O)[C@H](CCCNC(=N)N)N(C)C(=O)[C@@H](Cc2ccccc2)NC(=O)[C@H](Cc2c[nH]cn2)NC(=O)[C@H]([C@@H](C)O)NC(=O)[C@@H]2CSSC[C@H](NC1=O)C(=O)N[C@@H](Cc1c[nH]cn1)C(=O)N[C@H](Cc1ccccc1)C(=O)N[C@@H](CCCNC(=N)N)C(=O)N[C@@H](Cc1ccc3ccccc3c1)C(=O)N[C@@H](C)C(=O)N2,CHEMBL4644,2.0,2.0,0.967,1032,False
CC[C@H](C)[C@@H]1NC(=O)[C@@H]2CCCN2C(=O)[C@H](Cc2c[nH]c3ccccc23)NC(=O)[C@H](CCCNC(=N)N)N(C)C(=O)[C@@H](Cc2ccccc2)NC(=O)[C@H](Cc2c[nH]cn2)NC(=O)[C@H]([C@@H](C)O)NC(=O)[C@@H]2CSSC[C@H](NC1=O)C(=O)N[C@@H](Cc1c[nH]cn1)C(=O)N[C@H](Cc1ccccc1)C(=O)N[C@@H](CCCNC(=N)N)C(=O)N[C@@H](Cc1ccc3ccccc3c1)C(=O)N[C@@H](C)C(=O)N2,CHEMBL259,3.0,3.0,0.967,3249,False
CC[C@H](C)[C@@H]1NC(=O)[C@@H]2CCCN2C(=O)[C@H](Cc2c[nH]c3ccccc23)NC(=O)[C@H](CCCNC(=N)N)N(C)C(=O)[C@@H](Cc2ccccc2)NC(=O)[C@H](Cc2c[nH]cn2)NC(=O)[C@H]([C@@H](C)O)NC(=O)[C@@H]2CSSC[C@H](NC1=O)C(=O)N[C@@H](Cc1c[nH]cn1)C(=O)N[C@H](Cc1ccccc1)C(=O)N[C@@H](CCCNC(=N)N)C(=O)N[C@@H](Cc1ccc3ccccc3c1)C(=O)N[C@@H](C)C(=O)N2,CHEMBL3795,4.0,4.0,0.967,1063,False
CC[C@H](C)[C@@H]1NC(=O)[C@@H]2CCCN2C(=O)[C@H](Cc2c[nH]c3ccccc23)NC(=O)[C@H](CCCNC(=N)N)N(C)C(=O)[C@@H](Cc2ccccc2)NC(=O)[C@H](Cc2c[nH]cn2)NC(=O)[C@H]([C@@H](C)O)NC(=O)[C@@H]2CSSC[C@H](NC1=O)C(=O)N[C@@H](Cc1c[nH]cn1)C(=O)N[C@H](Cc1ccccc1)C(=O)N[C@@H](CCCNC(=N)N)C(=O)N[C@@H](Cc1ccc3ccccc3c1)C(=O)N[C@@H](C)C(=O)N2,CHEMBL4608,1.0,1.0,0.967,803,False
CC[C@H](C)[C@@H]1NC(=O)[C@@H]2CCCN2C(=O)[C@H](Cc2c[nH]c3ccccc23)NC(=O)[C@H](CCCNC(=N)N)N(C)C(=O)[C@H](Cc2ccccc2)NC(=O)[C@H](Cc2cnc[nH]2)NC(=O)[C@H]([C@@H](C)O)NC(=O)[C@@H](NC(C)=O)CSSC[C@@H](C(N)=O)NC1=O,CHEMBL3795,1.0,1.0,0.903,1063,False
CC[C@H](C)[C@@H]1NC(=O)[C@@H]2CCCN2C(=O)[C@H](Cc2c[nH]c3ccccc23)NC(=O)[C@H](CCCNC(=N)N)N(C)C(=O)[C@H](Cc2ccccc2)NC(=O)[C@H](Cc2cnc[nH]2)NC(=O)[C@H]([C@@H](C)O)NC(=O)[C@@H](NC(C)=O)CSSC[C@@H](C(N)=O)NC1=O,CHEMBL4644,3.0,3.0,0.903,1032,False
CC[C@H](C)[C@@H]1NC(=O)[C@@H]2CCCN2C(=O)[C@H](Cc2c[nH]c3ccccc23)NC(=O)[C@H](CCCNC(=N)N)N(C)C(=O)[C@H](Cc2ccccc2)NC(=O)[C@H](Cc2cnc[nH]2)NC(=O)[C@H]([C@@H](C)O)NC(=O)[C@@H](NC(C)=O)CSSC[C@@H](C(N)=O)NC1=O,CHEMBL259,2.0,2.0,0.903,3249,False
CC[C@H](C)[C@@H]1NC(=O)[C@@H]2CCCN2C(=O)[C@H](Cc2c[nH]c3ccccc23)NC(=O)[C@H](CCCNC(=N)N)N(C)C(=O)[C@H](Cc2ccccc2)NC(=O)[C@H](Cc2cnc[nH]2)NC(=O)[C@H]([C@@H](C)O)NC(=O)[C@@H](NC(C)=O)CSSC[C@@H](C(N)=O)NC1=O,CHEMBL4608,4.0,4.0,0.903,803,False
CC[C@H](C)[C@@H]1NC(=O)[C@H](CC(C)C)NC(=O)[C@H](Cc2c[nH]c3ccccc23)NC(=O)[C@H](CCC(=O)O)NC(=O)[C@H]([C@@H](C)CC)NC(=O)[C@H](Cc2ccccc2)NC(=O)[C@@H](NC(=O)[C@H](CCCCN)NC(=O)[C@H](C)NC(=O)[C@H](C)NC(=O)[C@H](CCC(=O)O)NC(=O)[C@H](CCC(=O)O)NC(=O)[C@H](CCC(=O)O)NC(=O)[C@H](CC(C)C)NC(=O)[C@H](Cc2ccc(O)cc2)NC(=O)[C@H](CCC(=O)O)NC(=O)[C@@H](NC(=O)[C@@H](NC(=O)[C@H](CC(=O)O)NC(=O)[C@H](CC(N)=O)NC(=O)[C@@H](NC(=O)[C@H](Cc2ccc(O)cc2)NC(=O)[C@@H](NC(=O)CNC(=O)[C@H](CCC(=O)O)NC(=O)C(C)(C)NC(=O)[C@@H](N)Cc2c[nH]cn2)[C@@H](C)O)[C@@H](C)O)C(C)C)[C@@H](C)O)CSC2CC(=O)N(CCC(=O)NC(C(=O)NCCCCCCNC(=O)COCCOCCNC(=O)CCC(NC(=O)CCCCCCCCCCCCCCCCC(=O)O)C(=O)O)CCCCNC(=O)CCN3C(=O)CC(SC[C@@H](C(=O)NCC(=O)N[C@@H](CCCCN)C(=O)N4CCC[C@H]4C(=O)N[C@@H](CO)C(=O)N[C@@H](CO)C(=O)NCC(=O)N[C@@H](C)C(=O)N4CCC[C@H]4C(=O)N4CCC[C@H]4C(=O)N[C@@H](CO)C(=O)N[C@@H](CCCCN)C(=O)N[C@@H](CCCCN)C(=O)N[C@@H](CCCCN)C(=O)N[C@@H](CCCCN)C(=O)N[C@@H](CCCCN)C(=O)N[C@@H](CCCCN)C(N)=O)NC1=O)C3=O)C2=O,CHEMBL1784,1.0,1.0,0.992,1534,True
CC[C@H](C)[C@@H]1NC(=O)[C@H](CC(C)C)NC(=O)[C@H](Cc2c[nH]c3ccccc23)NC(=O)[C@H](CCC(=O)O)NC(=O)[C@H]([C@@H](C)CC)NC(=O)[C@H](Cc2ccccc2)NC(=O)[C@@H](NC(=O)[C@H](CCCCN)NC(=O)[C@H](C)NC(=O)[C@H](C)NC(=O)[C@H](CCC(=O)O)NC(=O)[C@H](CCC(=O)O)NC(=O)[C@H](CCC(=O)O)NC(=O)[C@H](CC(C)C)NC(=O)[C@H](Cc2ccc(O)cc2)NC(=O)[C@H](CCC(=O)O)NC(=O)[C@@H](NC(=O)[C@@H](NC(=O)[C@H](CC(=O)O)NC(=O)[C@H](CC(N)=O)NC(=O)[C@@H](NC(=O)[C@H](Cc2ccc(O)cc2)NC(=O)[C@@H](NC(=O)CNC(=O)[C@H](CCC(=O)O)NC(=O)C(C)(C)NC(=O)[C@@H](N)Cc2c[nH]cn2)[C@@H](C)O)[C@@H](C)O)C(C)C)[C@@H](C)O)CSC2CC(=O)N(CCC(=O)NC(C(=O)NCCCCCCNC(=O)COCCOCCNC(=O)CCCCCCCCCCCCCCCCC(=O)O)CCCCNC(=O)CCN3C(=O)CC(SC[C@@H](C(=O)NCC(=O)N[C@@H](CCCCN)C(=O)N4CCC[C@H]4C(=O)N[C@@H](CO)C(=O)N[C@@H](CO)C(=O)NCC(=O)N[C@@H](C)C(=O)N4CCC[C@H]4C(=O)N4CCC[C@H]4C(=O)N[C@@H](CO)C(=O)N[C@@H](CCCCN)C(=O)N[C@@H](CCCCN)C(=O)N[C@@H](CCCCN)C(=O)N[C@@H](CCCCN)C(=O)N[C@@H](CCCCN)C(=O)N[C@@H](CCCCN)C(N)=O)NC1=O)C3=O)C2=O,CHEMBL1784,1.0,1.0,0.991,1534,True
CC[C@H](C)[C@@H]1NC(=O)[C@H](CC(C)C)NC(=O)[C@H](Cc2c[nH]c3ccccc23)NC(=O)[C@H](CCC(=O)O)NC(=O)[C@H]([C@@H](C)CC)NC(=O)[C@H](Cc2ccccc2)NC(=O)[C@@H](NC(=O)[C@H](CCCCN)NC(=O)[C@H](C)NC(=O)[C@H](C)NC(=O)[C@H](CCC(=O)O)NC(=O)[C@H](CCC(=O)O)NC(=O)[C@H](CCC(=O)O)NC(=O)[C@H](CC(C)C)NC(=O)[C@H](Cc2ccc(O)cc2)NC(=O)[C@H](CCC(=O)O)NC(=O)[C@@H](NC(=O)[C@@H](NC(=O)[C@H](CC(=O)O)NC(=O)[C@H](CC(N)=O)NC(=O)[C@@H](NC(=O)[C@H](Cc2ccc(O)cc2)NC(=O)[C@@H](NC(=O)CNC(=O)[C@H](CCC(=O)O)NC(=O)C(C)(C)NC(=O)[C@@H](N)Cc2c[nH]cn2)[C@@H](C)O)[C@@H](C)O)C(C)C)[C@@H](C)O)CSC2CC(=O)N(CCC(=O)NC(C(=O)NCCCCCCNC(=O)COCCOCCNC(=O)COCCOCCNC(=O)CCC(NC(=O)CCCCCCCCCCCCCCCCC(=O)O)C(=O)O)CCCCNC(=O)CCN3C(=O)CC(SC[C@@H](C(=O)NCC(=O)N[C@@H](CCCCN)C(=O)N4CCC[C@H]4C(=O)N[C@@H](CO)C(=O)N[C@@H](CO)C(=O)NCC(=O)N[C@@H](C)C(=O)N4CCC[C@H]4C(=O)N4CCC[C@H]4C(=O)N[C@@H](CO)C(=O)N[C@@H](CCCCN)C(=O)N[C@@H](CCCCN)C(=O)N[C@@H](CCCCN)C(=O)N[C@@H](CCCCN)C(=O)N[C@@H](CCCCN)C(=O)N[C@@H](CCCCN)C(N)=O)NC1=O)C3=O)C2=O,CHEMBL1784,1.0,1.0,0.992,1534,True
CC[C@H](C)[C@@H]1NC(=O)[C@H](CC(C)C)NC(=O)[C@H](Cc2csc3ccccc23)NC(=O)[C@H](Cc2ccc(O)cc2)NC(=O)[C@@H]2CCCN2C(=O)[C@H](CCC(N)=O)NC(=O)[C@H](CCCCN)NC(=O)[C@H](Cc2ccc(O)cc2)NC(=O)CSC[C@@H](C(N)=O)NC(=O)[C@H](Cc2csc3ccccc23)NC(=O)[C@@H](N)CC(=O)NC1=O,CHEMBL4879503,1.0,1.0,0.742,32,False
CC[C@H](C)[C@H](N)CN(C(=O)[C@@H]1C[C@H]1c1cccnc1)c1ccc(-c2ccccc2)cc1,CHEMBL3399910,1.0,1.0,0.831,339,False
CC[C@H](C)[C@H](NC(=O)CCC(C)C)C(=O)N1C[C@H](O)C[C@H]1C(=O)NCc1ccc(-c2scnc2C)cc1,CHEMBL3108660,1.0,1.0,0.766,388,False
CC[C@H](C)[C@H](NC(=O)CNC(=O)[C@H](CC(=O)O)NC(=O)[C@H](CO)NC(=O)[C@@H](N)Cc1cnc[nH]1)C(=O)N1Cc2ccccc2CC1C(=O)N[C@H](C(=O)N[C@@H](CC(=O)O)C(=O)N[C@@H](CO)C(=O)N[C@@H](Cc1ccc(O)cc1)C(=O)N[C@@H](CO)C(=O)N[C@@H](CCCNC(=N)N)C(=O)N[C@@H](Cc1ccc(O)cc1)C(=O)N[C@@H](CCCNC(=N)N)C(=O)N[C@@H](CCCCN)C(=O)N[C@@H](CCC(N)=O)C(=O)N[C@@H](CCSC)C(=O)N[C@@H](C)C(=O)N[C@H](C(=O)N[C@@H](CCCCN)C(=O)N[C@@H](CCCCN)C(=O)N[C@@H](Cc1ccc(O)cc1)C(=O)N[C@@H](CC(C)C)C(=O)N[C@@H](C)C(=O)N[C@@H](C)C(=O)N[C@H](C(=O)N[C@@H](CC(C)C)C(N)=O)C(C)C)C(C)C)[C@@H](C)O,CHEMBL5399,1.0,1.0,0.965,104,False
CC[C@H](C)[C@H](NC(=O)Cc1csc2ccccc12)C(=O)N[C@H]1COc2cccc3c2N(C1=O)[C@H](C(=O)NCc1c[nH]nn1)C3,CHEMBL2316,1.0,1.0,0.828,106,False
CC[C@H](C)[C@H](NC(=O)[C@H](C)NC(=O)CNC(=O)[C@H](Cc1ccccc1)NC(=O)[C@@H]1CCCN1C(=O)[C@H](CC(N)=O)NC(=O)[C@H](CO)NC(=O)[C@H](CO)NC(=O)[C@H](Cc1c[nH]cn1)NC(=O)[C@H](CCCNC(=N)N)NC(=O)[C@H](CC(C)C)NC(=O)[C@H](Cc1ccccc1)NC(=O)[C@H](CC(=O)O)NC(=O)[C@H](C)NC(=O)[C@H](CC(C)C)NC(=O)[C@H](CCCNC(=N)N)NC(=O)[C@H](CCC(N)=O)NC(=O)[C@@H](NC(=O)[C@H](C)NC(=O)[C@@H]1CSSC[C@H](NC(=O)[C@@H](N)CCCCN)C(=O)N[C@@H](CC(N)=O)C(=O)N[C@@H]([C@@H](C)O)C(=O)N[C@@H](C)C(=O)N[C@@H]([C@@H](C)O)C(=O)N1)[C@@H](C)O)C(=O)N1CCC[C@H]1C(=O)N[C@@H](CO)C(=O)N[C@@H](CO)C(=O)N[C@H](C(=O)N[C@@H](CC(N)=O)C(=O)N[C@H](C(=O)NCC(=O)N[C@@H](CO)C(=O)N[C@@H](CC(=O)O)C(=O)N[C@H](C(=O)N[C@@H](Cc1ccc(O)cc1)C(N)=O)[C@@H](C)O)C(C)C)[C@@H](C)O,CHEMBL1832,1.0,1.0,0.989,173,False
CC[C@H](C)[C@H](NC(=O)[C@H](C)NC(=O)[C@H](CC(N)=O)NC(=O)CC(CC(C)C)NC(=O)[C@H](Cc1ccc(O)cc1)NC(=O)[C@H](CCCCN)NC(=O)[C@H](CCCCN)NC(=O)CC(NC(=O)[C@H](C)NC(=O)[C@H](CC(C)C)NC(=O)[C@H](CCC(N)=O)NC(=O)CC(CCCCN)NC(=O)[C@H](CCCNC(=N)N)NC(=O)[C@H](CC(C)C)NC(=O)[C@H](CCCNC(=N)N)NC(=O)CC(NC(=O)[C@H](Cc1ccc(O)cc1)NC(=O)[C@H](CC(N)=O)NC(=O)[C@H](CC(=O)O)NC(=O)[C@@H](NC(=O)[C@H](Cc1ccccc1)NC(=O)[C@H]1CCC[C@@H]1NC(=O)[C@H](C)NC(=O)[C@H](CC(=O)O)NC(=O)[C@@H](Cc1ccccc1)NC(=O)[C@@H](N)Cc1cnc[nH]1)[C@@H](C)O)C(C)O)C(C)C)C(=O)NC(CC(=O)N[C@@H](CC(N)=O)C(=O)O)CC(C)C,CHEMBL5144,2.0,2.0,0.986,34,False
CC[C@H](C)[C@H](NC(=O)[C@H](CCC(N)=O)NC(=O)[C@@H]1CCCN1C(=O)[C@H](CCCNC(=N)N)NC(=O)[C@@H]1CCCN1C(=O)[C@H](Cc1c[nH]c2ccccc12)NC(=O)[C@H](CCC(=O)O)NC(=O)CCC(=O)O[C@@H](C(=O)O[C@H]1C[C@@]2(O)[C@@H](OC(=O)c3ccccc3)[C@@H]3[C@]4(OC(C)=O)CO[C@@H]4C[C@H](O)[C@@]3(C)C(=O)[C@H](OC(C)=O)C(=C1C)C2(C)C)[C@@H](NC(=O)c1ccccc1)c1ccccc1)C(=O)N1CCC[C@H]1C(=O)N1CCC[C@H]1C(N)=O,CHEMBL1808,2.0,2.0,0.47,681,False
CC[C@H](C)[C@H](NC(=O)[C@H](Cc1ccc(O)cc1)NC(=O)[C@H](Cc1cnc[nH]1)NC(=O)[C@H](CCCNC(=N)N)NC(C)=O)C(=O)N[C@@H](CC(N)=O)C(=O)N[C@@H](CC(C)C)C(=O)N[C@H](C(=O)N[C@H](C(=O)N[C@@H](CCCNC(=N)N)C(=O)N[C@H]1CC[C@H]1C(=O)N[C@@H](CCCNC(=N)N)C(=O)N[C@@H](Cc1ccc(O)cc1)C(N)=O)[C@@H](C)O)[C@@H](C)CC,CHEMBL4877,1.0,1.0,0.96,213,False
CC[C@H](C)[C@H](NC(=O)[C@H](Cc1ccccc1)NC(=O)[C@H](CCC(=O)O)NC(=O)[C@H](CCCCN)NC(=O)[C@H](C)NC(=O)[C@H](C)NC(=O)[C@H](CCC(N)=O)NC(=O)[C@@H]1CC(=O)NCCCC[C@H](NC(=O)[C@H](CO)NC(=O)[C@@H](NC(=O)[C@H](CC(=O)O)NC(=O)[C@H](CO)NC(=O)[C@@H](NC(=O)[C@H](Cc2ccccc2)NC(=O)[C@@H](NC(=O)CNC(=O)[C@H](CCC(=O)O)NC(=O)[C@H](C)NC(=O)[C@@H](N)Cc2cnc[nH]2)[C@@H](C)O)[C@@H](C)O)C(C)C)C(=O)N[C@@H](Cc2ccc(O)cc2)C(=O)N[C@@H](CC(C)C)C(=O)N[C@@H](CCC(=O)O)C(=O)N1)C(=O)N[C@@H](C)C(=O)N[C@@H](Cc1c[nH]c2ccccc12)C(=O)N[C@@H](CC(C)C)C(=O)N[C@H](C(=O)N[C@@H](CCCCN)C(=O)NCC(=O)N[C@@H](CCCNC(=N)N)C(=O)NCC(N)=O)C(C)C,CHEMBL1784,1.0,1.0,0.954,1534,False
CC[C@H](C)[C@H](NC(C)c1ccccc1)C(=O)N1C[C@H](O)C[C@H]1C(=O)NCc1ccc(-c2scnc2C)cc1,CHEMBL3108660,1.0,1.0,0.705,388,False
CC[C@H](C)[C@H]1NC(=O)[C@](C)(NC(=O)[C@H](CCC(N)=O)NC(=O)[C@@H]2CCCN2C(=O)[C@H](CC(N)=O)NC(=O)[C@H](CCC(=O)O)NC(=O)CCNC(=S)Nc2ccc3c(c2)C(=O)OC32c3ccc(O)cc3Oc3cc(O)ccc32)CCC/C=C/CCC[C@](C)(C(=O)N[C@@H](Cc2cnc[nH]2)C(=O)N[C@H](C(=O)N[C@@H](CCC(N)=O)C(=O)N[C@@H](CCCNC(=N)N)C(=O)N[C@H](C(=O)N[C@@H](CCSC)C(N)=O)C(C)C)C(C)C)NC(=O)[C@H](CC(=O)O)NC(=O)[C@H](C(C)(C)C)NC1=O,CHEMBL5866,1.0,1.0,0.684,189,False
CC[C@H](C1CCC1)n1cc(-c2nc(-c3cnn(C[C@@H](O)CO)c3)cn3nccc23)cn1,CHEMBL3553,1.0,1.0,0.934,6084,False
CC[C@H](C1CCC1)n1cc(-c2nc(-c3cnn(C[C@@H](O)CO)c3)cn3nccc23)cn1,CHEMBL2835,2.0,2.0,0.934,10399,False
CC[C@H](C1CCC1)n1cc(-c2nc(-c3cnn(C[C@@H](O)CO)c3)cn3nccc23)cn1,CHEMBL2971,4.0,4.0,0.934,12637,False
CC[C@H](C1CCC1)n1cc(-c2nc(-c3cnn(C[C@@H](O)CO)c3)cn3nccc23)cn1,CHEMBL2148,3.0,3.0,0.934,7416,False
CC[C@H](C[C@H](O)[C@@H](N)CN1CC(=O)N(c2cc(F)ccc2C)CC1(C)C)C(=O)N[C@H]1C2CC3CC1C[C@](O)(C3)C2,CHEMBL286,1.0,1.0,0.598,2967,False
CC[C@H](C[C@H](O)[C@@H](N)CN1CC(=O)N(c2cc(F)ccc2Cl)CC1(C)C)C(=O)N[C@H]1C2CC3CC1C[C@](O)(C3)C2,CHEMBL286,1.0,1.0,0.602,2967,False
CC[C@H](C[C@H](O)[C@@H](N)CN1CC(=O)N(c2ccccc2Cl)CC1(C)C)C(=O)NC1C2CC3CC1CC(C(N)=O)(C3)C2,CHEMBL286,1.0,1.0,0.651,2967,False
CC[C@H](C[C@H](O)[C@@H](N)CN1CC(=O)N(c2ccccc2Cl)CC1(C)C)C(=O)NC1C2CC3CC1CC(O)(C3)C2,CHEMBL286,1.0,1.0,0.667,2967,False
CC[C@H](C[C@H](O)[C@@H](N)CN1CC(=O)N(c2ccccc2Cl)CC1(C)C)C(=O)N[C@H]1C2CC3CC1C[C@@](O)(C3)C2,CHEMBL286,1.0,1.0,0.667,2967,False
CC[C@H](C[C@H](O)[C@@H](N)CN1CC(=O)N(c2ccccc2Cl)CC1(C)C)C(=O)N[C@H]1C2CC3CC1C[C@](O)(C3)C2,CHEMBL286,1.0,1.0,0.667,2967,False
CC[C@H](N)C(=O)N[C@H]1CC[C@H]2CC[C@@H](C(=O)NC(c3ccccc3)c3ccccc3)N2C1,CHEMBL4198,1.0,1.0,0.719,1854,False
CC[C@H](NC(C)=O)C(=O)N1C[C@H](O)C[C@H]1C(=O)NCc1ccc(-c2scnc2C)cc1,CHEMBL3108660,1.0,1.0,0.761,388,False
CC[C@H](NC)C(=O)N[C@@H]1C(=O)N2[C@@H](CC[C@@H]1CNC(=O)COCCOCCNC(=O)CN(Cc1ccccn1)Cc1ccccn1)CC[C@H]2C(=O)NC(c1ccccc1)c1ccccc1,CHEMBL5462,1.0,1.0,0.849,664,False
CC[C@H](Nc1cc(C(F)(F)F)c(-c2sc(C(=O)NCC(C)(C)O)nc2C(=O)N2CCC[C@@H]2C)cn1)C1CC1,CHEMBL1741186,1.0,1.0,0.859,10748,False
CC[C@H](Nc1cc(C(F)F)c(-c2sc(C(=O)NCC(C)(C)O)nc2C(=O)N2CCC[C@@H]2C)cn1)C1CC1,CHEMBL1741186,1.0,1.0,0.859,10748,False
CC[C@H]1CN(C(=O)C2(C#N)CC2)C[C@H]1Nc1c(C(N)=O)cnn2cc(-c3cn(C)nc3C)cc12,CHEMBL2148,2.0,2.0,0.75,7416,False
CC[C@H]1CN(C(=O)C2(C#N)CC2)C[C@H]1Nc1c(C(N)=O)cnn2cc(-c3cn(C)nc3C)cc12,CHEMBL2835,1.0,1.0,0.75,10399,False
CC[C@H]1[C@@H](O)[C@@H]2[C@H](CC[C@]3(C)[C@@H]([C@H](C)CCCNS(=O)(=O)c4ccccc4)CC[C@@H]23)[C@@]2(C)CC[C@@H](O)C[C@@H]12,CHEMBL2047,1.0,1.0,0.953,3259,False
CC[C@H]1[C@H](c2nccs2)OC(=O)N1c1cc(-c2cnc(N)nc2C(F)(F)F)nc(N2CCOCC2)n1,CHEMBL4005,1.0,1.0,0.827,7718,False
CC[C@H]1[C@H](c2nccs2)OC(=O)N1c1cc(-c2cnc(N)nc2C(F)(F)F)nc(N2CCOCC2)n1,CHEMBL3145,2.0,2.0,0.827,2776,False
CC[C@H]1[C@H](c2nccs2)OC(=O)N1c1cc(-c2cnc(N)nc2C(F)(F)F)nc(N2CCOCC2)n1,CHEMBL2842,3.0,3.0,0.827,4921,False
CC[n+]1c(/C=C/c2ccc(-c3ccc4ncnc(Nc5ccc(OCc6cccc(F)c6)c(Cl)c5)c4c3)o2)sc2ccccc21,CHEMBL1824,1.0,1.0,0.798,2604,False
CC[n+]1ccc(-c2c3nc(c(-c4cc[n+](CC)cc4)c4ccc([nH]4)c(-c4cc[n+](CC)cc4)c4ccc([nH]4)c(-c4cc[n+](CC)cc4)c4nc2C=C4)C=C3)cc1,CHEMBL2916,1.0,1.0,0.667,673,False
CCc1c(-c2cc(C)nc(C)c2)[nH]c2ccc(C3CCN(C(=O)C4CC(=O)N(C)C4)CC3)cc12,CHEMBL5936,2.0,2.0,0.771,5391,False
CCc1c(-c2cc(C)nc(C)c2)[nH]c2ccc(C3CCN(C(=O)C4CC(=O)N(C)C4)CC3)cc12,CHEMBL5805,1.0,1.0,0.771,4084,False
CCc1c(-c2cc(C)nc(C)c2)[nH]c2ccc(C3CCN(C(=O)C4CC(=O)N(C)C4)CC3)cc12,CHEMBL5804,3.0,3.0,0.771,3644,False
CCc1c(-c2ccnc(C)c2)[nH]c2ccc(C3CCN(C(=O)C4CCNCC4c4ccccc4)CC3)cc12,CHEMBL5936,2.0,2.0,0.781,5391,False
CCc1c(-c2ccnc(C)c2)[nH]c2ccc(C3CCN(C(=O)C4CCNCC4c4ccccc4)CC3)cc12,CHEMBL5805,1.0,1.0,0.781,4084,False
CCc1c(-c2ccnc(C)c2)[nH]c2ccc(C3CCN(C(=O)C4CCNCC4c4ccccc4)CC3)cc12,CHEMBL5804,3.0,3.0,0.781,3644,False
CCc1c(C(=O)NCc2ccc(OC)c(F)c2)sc2nnc(C)c(C)c12,CHEMBL1821,1.0,1.0,0.734,1918,False
CCc1cc(-c2nnn(CC(=O)OC)c2-c2ccc3c(c2)OCCO3)c(O)cc1O,CHEMBL3880,1.0,1.0,0.677,1708,False
CCc1cc(C(=O)Nc2ccc(F)c(Cl)c2)no1,CHEMBL1293232,1.0,1.0,0.723,38,False
CCc1cc(C(O)Cc2ccccc2)c2cn[nH]c2c1,CHEMBL4685,1.0,1.0,0.705,3604,False
CCc1cc(CN2CC(C(=O)O)C2)ccc1OCc1cc(-c2ccccc2)c(C(F)(F)F)s1,CHEMBL4333,1.0,1.0,0.662,3408,False
CCc1cc(CN2CC(C(=O)O)C2)ccc1OCc1cc(-c2ccccc2)c(C(F)(F)F)s1,CHEMBL3892,3.0,3.0,0.662,1557,False
CCc1cc(CN2CC(C(=O)O)C2)ccc1OCc1cc(-c2ccccc2)c(C(F)(F)F)s1,CHEMBL2274,2.0,2.0,0.662,522,False
CCc1cc(O)c(F)cc1-c1cc2[nH]nc(C(=O)NC)c2c(NCc2ccccc2N(C)S(=O)(=O)c2ccccc2)n1,CHEMBL2835,3.0,3.0,0.865,10399,False
CCc1cc(O)c(F)cc1-c1cc2[nH]nc(C(=O)NC)c2c(NCc2ccccc2N(C)S(=O)(=O)c2ccccc2)n1,CHEMBL2971,4.0,4.0,0.865,12637,False
CCc1cc(O)c(F)cc1-c1cc2[nH]nc(C(=O)NC)c2c(NCc2ccccc2N(C)S(=O)(=O)c2ccccc2)n1,CHEMBL2148,2.0,2.0,0.865,7416,False
CCc1cc(O)c(F)cc1-c1cc2[nH]nc(C(=O)NC)c2c(NCc2ccccc2N(C)S(=O)(=O)c2ccccc2)n1,CHEMBL3553,1.0,1.0,0.865,6084,False
CCc1cc(O)c(F)cc1-c1cc2[nH]nc(C(N)=O)c2c(NCc2ccccc2N(C)S(=O)(=O)c2ccccc2)n1,CHEMBL2835,2.0,2.0,0.818,10399,False
CCc1cc(O)c(F)cc1-c1cc2[nH]nc(C(N)=O)c2c(NCc2ccccc2N(C)S(=O)(=O)c2ccccc2)n1,CHEMBL2971,3.0,3.0,0.818,12637,False
CCc1cc(O)c(F)cc1-c1cc2[nH]nc(C(N)=O)c2c(NCc2ccccc2N(C)S(=O)(=O)c2ccccc2)n1,CHEMBL2148,4.0,4.0,0.818,7416,False
CCc1cc(O)c(F)cc1-c1cc2[nH]nc(C(N)=O)c2c(NCc2ccccc2N(C)S(=O)(=O)c2ccccc2)n1,CHEMBL3553,1.0,1.0,0.818,6084,False
CCc1cc(O)c(F)cc1-c1ccc2c(-c3nc4c([nH]3)CCN(C3CCN(C)CC3)C4)n[nH]c2c1,CHEMBL2148,2.0,2.0,0.887,7416,False
CCc1cc(O)c(F)cc1-c1ccc2c(-c3nc4c([nH]3)CCN(C3CCN(C)CC3)C4)n[nH]c2c1,CHEMBL3553,1.0,1.0,0.93,6084,False
CCc1cc(O)c(F)cc1-c1ccc2c(-c3nc4c([nH]3)CCN(C3CCNCC3)C4)n[nH]c2c1,CHEMBL2148,1.0,1.0,0.917,7416,False
CCc1cc(O)c(F)cc1-c1ccc2c(-c3nc4c([nH]3)CCN(C3CCNCC3)C4)n[nH]c2c1,CHEMBL3553,2.0,2.0,0.917,6084,False
CCc1cc2c(=O)n(CC(=O)C34CC5CC(CC(C5)C3)C4)c(=O)n(Cc3ccc(-c4ccccc4-c4nc(=O)o[nH]4)cc3)c2s1,CHEMBL227,1.0,1.0,0.74,1165,False
CCc1cc2ncc(CN3CCN(c4ccc(C(=O)NC5CC5)nc4)[C@@H]4C[C@@H]43)cc2[nH]c1=O,CHEMBL3105,1.0,1.0,0.873,4466,False
CCc1ccc(C(=O)N2CCCCC2)c(NS(=O)(=O)c2cccc3nsnc23)c1,CHEMBL298,1.0,1.0,0.758,1500,False
CCc1ccc(C(C)(C)n2cc(-c3cc(=O)[nH]c(C)n3)nn2)c(C)c1,CHEMBL2652,1.0,1.0,0.587,2674,False
CCc1ccc(C(C)(C)n2cc(-c3cc(=O)[nH]c(C)n3)nn2)c(Cl)c1,CHEMBL2652,1.0,1.0,0.7,2674,False
CCc1ccc(C(C)n2cc(-c3cc(=O)[nH]c(C)n3)nn2)c(Cl)c1,CHEMBL2652,1.0,1.0,0.667,2674,False
CCc1ccc(C(C)n2cc(-c3cc(=O)[nH]c(C)n3)nn2)c(F)c1F,CHEMBL2652,1.0,1.0,0.515,2674,False
CCc1ccc(CNCC2(F)CCN(C(=O)c3ccc(F)c(Cl)c3)CC2)nc1,CHEMBL214,1.0,1.0,0.708,5809,False
CCc1ccc(Cc2cc([C@@H]3O[C@H](CO)[C@@H](O)[C@H](O)[C@H]3O)c3c(c2Cl)OCCC3)cc1,CHEMBL3884,2.0,2.0,0.893,1463,False
CCc1ccc(Cc2cc([C@@H]3O[C@H](CO)[C@@H](O)[C@H](O)[C@H]3O)c3c(c2Cl)OCCC3)cc1,CHEMBL4979,1.0,1.0,0.893,1285,False
CCc1ccc(N(CC(C)C)S(=O)(=O)c2ccc3c(c2)C(=O)CC(C2CCN(C(=O)C4CCCC4)CC2)O3)cc1,CHEMBL1741186,1.0,1.0,0.784,10748,False
CCc1ccc2c(c1)c(=O)c(C(=O)Nc1ccc(Oc3ncnc4[nH]ccc34)c(F)c1)c(C)n2C,CHEMBL4895,7.0,7.0,0.753,2888,False
CCc1cccc(-c2n[nH]c3cc(-c4ccc(O)cc4)ccc23)c1,CHEMBL3650,2.0,4.0,0.547,4143,False
CCc1cccc(C)c1N(C(=O)C1CCCCC1)C1CCN(CCc2ccccc2)CC1,CHEMBL233,1.0,1.0,0.981,7306,False
CCc1ccccc1Sc1ccc(/C=C/C(=O)N2CCN(C(C)=O)CC2)cc1[N+](=O)[O-],CHEMBL3070,9.0,2.0,0.429,168,False
CCc1ccccc1Sc1ccc2c(-c3c(Cl)cccc3Cl)c(=O)ncn2n1,CHEMBL260,1.0,2.0,0.349,5079,False
CCc1ccsc1Cn1ccnc1CCc1c(Cl)c(O)cc(O)c1C(=O)OC,CHEMBL1075323,2.0,2.0,0.738,249,False
CCc1ccsc1Cn1ccnc1CCc1c(Cl)c(O)cc(O)c1C(=O)OC,CHEMBL3880,1.0,1.0,0.738,1708,False
CCc1cnc(N2CCC(c3nc(COc4ccc(/C=C5\SC(=O)NC5=O)cc4F)cs3)CC2)nc1,CHEMBL5652,1.0,1.0,0.818,1661,False
CCc1n[nH]cc1-c1ccc2nc[nH]c(=O)c2c1,CHEMBL5903,1.0,1.0,0.62,1119,False
CCc1nc(C2CC2)nc2nc(N3CCC[C@@H]3C(=O)NCc3ccccc3)sc12,CHEMBL2046259,1.0,1.0,0.761,340,False
CCc1nc(N)nc(-n2c(Nc3cccc(O)c3)nc3ccccc32)n1,CHEMBL2842,1.0,1.0,0.583,4921,False
CCc1nc(N)nc(-n2c(Nc3cccc(O)c3)nc3ccccc32)n1,CHEMBL4005,2.0,2.0,0.583,7718,False
CCc1nc2cc3c(c(Br)c2o1)CCN(C(C)CCSc1nnc(-c2cccc4nc(C)ccc24)n1C)CC3,CHEMBL240,1.0,1.0,0.818,10985,False
CCc1nc2cc3c(c(Br)c2o1)CCN(C(C)CCSc1nnc(-c2cccc4nc(C)ccc24)n1C)CC3,CHEMBL234,2.0,2.0,0.818,6166,False
CCc1nc2cc3c(c(Br)c2o1)CCN(CCCSc1nnc(-c2cccc4nc(C)ccc24)n1C)CC3,CHEMBL240,4.0,4.0,0.958,10985,False
CCc1nc2cc3c(c(C)c2o1)CCN(C(C)CCSc1nnc(-c2cccc4nc(C)ccc24)n1C)CC3,CHEMBL240,2.0,2.0,0.813,10985,False
CCc1nc2cc3c(c(C)c2o1)CCN(C(C)CCSc1nnc(-c2cccc4nc(C)ccc24)n1C)CC3,CHEMBL234,1.0,1.0,0.813,6166,False
CCc1nc2cc3c(c(C)c2o1)CCN(CCCSc1nnc(-c2cccc4nc(C)ccc24)n1C)CC3,CHEMBL240,3.0,3.0,0.957,10985,False
CCc1nc2cc3c(c(C)c2o1)CCN(CCCSc1nnc(-c2cccc4nc(C)ccc24)n1C)CC3,CHEMBL234,2.0,2.0,0.957,6166,False
CCc1nc2cc3c(cc2o1)CCN(CCCSc1nnc(-c2cccc4nc(C)ccc24)n1C)CC3,CHEMBL234,2.0,2.0,0.833,6166,False
CCc1nc2cc3c(cc2o1)CCN(CCCSc1nnc(-c2cccc4nc(C)ccc24)n1C)CC3,CHEMBL240,1.0,1.0,0.833,10985,False
CCc1nc2ccc(C(O)(c3cnnn3C)C3CN(C(=O)OC(C)(C)C)C3)cc2c(Cl)c1Cc1ccc(C(F)(F)F)cc1,CHEMBL1741186,1.0,1.0,0.616,10748,False
CCc1nc2ccc(C(O)(c3cnnn3C)C3CN(C(C)=O)C3)cc2c(Cl)c1Cc1ccc(C(F)(F)F)cc1,CHEMBL1741186,1.0,1.0,0.671,10748,False
CCc1nc2ccc(C(O)(c3cnnn3C)C3CN(S(C)(=O)=O)C3)cc2c(Cl)c1Cc1ccc(C(F)(F)F)cc1,CHEMBL1741186,1.0,1.0,0.632,10748,False
CCc1ncnc(-c2cc(F)c(C(=O)NCCN3CCNCC3)c(F)c2)c1C#Cc1ccc(N)nc1,CHEMBL2842,2.0,2.0,0.833,4921,False
CCc1ncnc(-c2cc(F)c(C(=O)NCCN3CCNCC3)c(F)c2)c1C#Cc1ccc(N)nc1,CHEMBL4005,1.0,1.0,0.833,7718,False
CCc1ncnc(-c2ccc(C(=O)NCCN3CCNCC3)c(F)c2)c1C#Cc1ccc(N)nc1,CHEMBL2842,1.0,1.0,0.84,4921,False
CCc1ncnc(-c2ccc(C(=O)NCCN3CCNCC3)c(F)c2)c1C#Cc1ccc(N)nc1,CHEMBL4005,2.0,2.0,0.84,7718,False
CCc1nn(-c2ccccc2)c2nc(C3CCNCC3)[nH]c(=O)c12,CHEMBL1275212,1.0,1.0,0.836,417,False
CCc1nn(Cc2ccc(NC(=O)c3cccc4ccccc34)cc2)c(C2CC2)c1CC(=O)O,CHEMBL5071,1.0,1.0,0.735,3272,False
CCc1sc(NC(=O)Cc2ccc(S(=O)(=O)CC)cc2)nc1-c1cc(Cl)ccc1Cl,CHEMBL1741186,1.0,1.0,0.746,10748,False
CCc1sc(NC(=O)Cc2ccc(S(=O)(=O)CC)cc2)nc1-c1ccccc1,CHEMBL1741186,1.0,1.0,0.846,10748,False
CCc1sc2nc(S(C)(=O)=O)nc(N[C@H](C)C(=O)O)c2c1-c1cccc(Oc2ccc(F)cc2)c1,CHEMBL4361,3.0,3.0,0.737,3411,False
CCc1sc2nc(S(C)(=O)=O)nc(N[C@H](C)C(=O)O)c2c1-c1cccc(Oc2ccc(F)cc2)c1,CHEMBL4860,2.0,2.0,0.737,3171,False
CCc1sc2nc(S(C)(=O)=O)nc(N[C@H](C)C(=O)O)c2c1-c1cccc(Oc2ccc(F)cc2)c1,CHEMBL4625,1.0,1.0,0.737,1611,False
CCc1sc2ncnc(NC(CO)C(=O)O)c2c1-c1cccc(Oc2ccc(F)cc2)c1,CHEMBL4361,2.0,2.0,0.838,3411,False
CCc1sc2ncnc(NC(CO)C(=O)O)c2c1-c1cccc(Oc2ccc(F)cc2)c1,CHEMBL4625,1.0,1.0,0.838,1611,False
CCc1sc2ncnc(N[C@@H](C)C(=O)O)c2c1-c1cccc(Oc2ccc(F)cc2)c1,CHEMBL4860,3.0,3.0,0.809,3171,False
CCc1sc2ncnc(N[C@@H](C)C(=O)O)c2c1-c1cccc(Oc2ccc(F)cc2)c1,CHEMBL4625,2.0,2.0,0.809,1611,False
CCc1sc2ncnc(N[C@H](C)C(=O)O)c2c1-c1cccc(Oc2ccc(F)cc2)c1,CHEMBL4361,1.0,1.0,0.809,3411,False
CCc1sc2ncnc(N[C@H](C)C(=O)O)c2c1-c1cccc(Oc2ccc(F)cc2)c1,CHEMBL4860,3.0,3.0,0.809,3171,False
CCc1sc2ncnc(N[C@H](C)C(=O)O)c2c1-c1ccccc1OCc1ccccc1,CHEMBL4361,1.0,1.0,0.746,3411,False
CCn1c(-c2cccnc2C(C)OC)c2c3cc(ccc31)-c1cccc(c1)C[C@H](NC(=O)[C@@H](COC1CN(C(=O)C#C[C@@H]3OCCCN3C)C1)C(C)C)C(=O)N1CCC[C@H](N1)C(=O)OCC(C)(C)C2,CHEMBL2079845,2.0,2.0,0.847,319,False
CCn1c(-c2cccnc2C(C)OC)c2c3cc(ccc31)-c1cccc(c1)C[C@H](NC(=O)[C@@H](COC1CN(C(=O)C#C[C@@H]3OCCCN3C)C1)C(C)C)C(=O)N1CCC[C@H](N1)C(=O)OCC(C)(C)C2,CHEMBL2189121,1.0,1.0,0.872,2721,False
CCn1c(-c2cnc(C)nc2)nc2c(O[C@H]3CCN(C(=O)[C@@H]4CCC[C@H]4N)C3)ncnc21,CHEMBL3130,1.0,1.0,0.815,7171,False
CCn1c(-c2cnc(C)nc2)nc2c(O[C@H]3CCN(C(=O)[C@H]4CCC[C@H]4N)C3)ncnc21,CHEMBL3130,1.0,1.0,0.815,7171,False
CCn1c(=O)[nH]/c(=N\c2cccc(Oc3nccs3)c2)n(Cc2ccc(Cl)cc2)c1=O,CHEMBL2998,1.0,1.0,0.662,5013,False
CCn1c(=O)c(-c2ccc(-n3cccc(C)c3=O)cc2Cl)cc2cnc(NC)nc21,CHEMBL4600,1.0,1.0,0.765,447,False
CCn1c(=O)c(-c2ccc(F)c(NC(=O)Nc3cc(C(C)(C)C)no3)c2)cc2cnc(NC)cc21,CHEMBL2189121,4.0,4.0,0.711,2721,False
CCn1c(=O)c(-c2ccc(F)c(NC(=O)Nc3cc(C(C)(C)C)no3)c2)cc2cnc(NC)cc21,CHEMBL5145,1.0,1.0,0.711,5743,False
CCn1c(=O)c(-c2ccc(F)c(NC(=O)Nc3cc(C(C)(C)C)no3)c2)cc2cnc(NC)cc21,CHEMBL1906,3.0,3.0,0.711,2781,False
CCn1c(=O)c(-c2ccc(F)c(NC(=O)Nc3cc(C(C)(C)C)no3)c2)cc2cnc(NC)cc21,CHEMBL279,2.0,2.0,0.711,10551,False
CCn1c(=O)c(C)nc2cc(C(=O)N(C)Cc3cnn(-c4ccccc4)c3)ccc21,CHEMBL3132741,1.0,1.0,0.697,221,False
CCn1c(=O)n(CC)c2cc(-c3c[nH]nc3-c3ccc(F)c(C)c3)ccc21,CHEMBL260,1.0,1.0,0.467,5079,False
CCn1c(=O)n(CC)c2cc(-c3c[nH]nc3-c3cccc(C(F)(F)F)c3)ccc21,CHEMBL260,2.0,3.0,0.475,5079,False
CCn1c(=O)n(CC)c2cc(-c3c[nH]nc3-c3cccc(C)c3)ccc21,CHEMBL260,1.0,1.0,0.636,5079,False
CCn1c(=O)n(CC)c2cc(-c3c[nH]nc3-c3ccccc3)ccc21,CHEMBL260,1.0,1.0,0.62,5079,False
CCn1c(C(=O)NCc2ccc(CN)cc2)cc(C)c1Cc1csc(-c2ccccc2)n1,CHEMBL2319,2.0,2.0,0.7,668,False
CCn1c(C)c(C(Cc2ccc(F)cc2)n2ccnc2)c2ccccc21,CHEMBL1978,1.0,1.0,0.745,2984,False
CCn1c(Oc2ccc(C(F)(F)F)cc2)nc2cc(C(=O)N[C@@H](CN(C)C)c3ccc(S(=O)(=O)CC)cc3)ccc21,CHEMBL1741186,1.0,1.0,0.535,10748,False
CCn1c2c(c(=O)[nH]c1=O)C1C(=C(C)N2)C(=O)OCc2ccccc2OCCOc2cc1ccc2C,CHEMBL1163125,1.0,1.0,0.938,9315,False
CCn1c2c(c(=O)[nH]c1=O)C1C(=C(C)N2)C(=O)OCc2ccccc2OCCOc2cccc1c2,CHEMBL1163125,1.0,1.0,0.761,9315,False
CCn1c2ccccc2c2cc(-c3nc4cc(C(=O)O)ccc4n3CC3CC3)nc(C)c21,CHEMBL1836,1.0,1.0,0.73,1087,False
CCn1cc(-c2cc(CN3CCSC3=N)cc(C(=O)NCc3ccc(=O)n(C)c3)c2)c(C(F)(F)F)n1,CHEMBL1075317,1.0,1.0,0.785,1687,False
CCn1cc(-c2cnc3ccc(N(CCNC(C)C)c4cc(OC)cc(OC)c4)cn3c2=O)cn1,CHEMBL3650,1.0,1.0,0.773,4143,False
CCn1cc(/C(=N/Nc2nc3ccccc3s2)C(F)(F)F)c2cc(-c3nc(CN4CCN(C)CC4)cs3)ccc21,CHEMBL3691,1.0,1.0,0.895,2147,False
CCn1cc(C(=O)NCc2cccnc2)c2cc(OC)c(OC)cc2c1=O,CHEMBL4409,1.0,1.0,0.778,5483,False
CCn1cc(C(Cc2ccc(Cl)cc2Cl)n2ccnc2)c2cc(Br)ccc21,CHEMBL1978,1.0,1.0,0.661,2984,False
CCn1cc(C(Cc2ccc(F)cc2)n2ccnc2)c2cc(Br)ccc21,CHEMBL1978,1.0,1.0,0.724,2984,False
CCn1cc(C(Cc2ccc(F)cc2)n2ccnc2)c2cc(C#N)ccc21,CHEMBL1978,1.0,1.0,0.552,2984,False
CCn1cc(C(Cc2ccc(F)cc2)n2ccnc2)c2cc(Cl)ccc21,CHEMBL1978,1.0,1.0,0.562,2984,False
CCn1cc(C(Cc2ccc(F)cc2)n2ccnc2)c2cc(F)ccc21,CHEMBL1978,1.0,1.0,0.6,2984,False
CCn1ccc(-c2cnc(N)c(O[C@H](C)c3c(Cl)ccc(F)c3Cl)c2)cc1=O,CHEMBL4247,1.0,1.0,0.812,2510,False
CCn1cncc1C(O)(c1ccc(Cl)cc1)c1ccc2nc(Cl)c(-c3ccccc3)c(Cl)c2c1,CHEMBL1741186,1.0,1.0,0.683,10748,False
CCn1ncc(-c2nc3c(OC4CCN(C(=O)c5ccccc5)C4)ncnc3n2C)c1C,CHEMBL3130,1.0,1.0,0.908,7171,False
CCn1ncc(-c2nc3c(SC4CCN(C(=O)c5coc(C)n5)C4)ncnc3n2C)c1C,CHEMBL3130,1.0,1.0,0.76,7171,False
CN(C(=O)CCCOc1ccc(Cl)cc1Cl)[C@H]1CCCC[C@H]1N1CCCC1,CHEMBL287,1.0,1.0,0.796,3166,False
CN(C(=O)CCc1ccco1)[C@@H]1CC[C@@]2(O)[C@H]3Cc4ccc(O)c5c4[C@@]2(CCN3CC2CC2)[C@H]1O5,CHEMBL236,1.0,1.0,1.0,4835,True
CN(C(=O)CCc1ccco1)[C@@H]1CC[C@@]2(O)[C@H]3Cc4cccc5c4[C@@]2(CCN3CC2CC2)[C@H]1O5,CHEMBL236,1.0,1.0,1.0,4835,True
CN(C(=O)Cc1ccc(Cl)cn1)c1cncc(C(=O)c2cn(C(C)(C)C)c3ncncc23)c1,CHEMBL2815,1.0,1.0,0.818,4872,False
CN(C(=O)Nc1cc(-c2cccs2)ccc1N)C1COC1,CHEMBL325,2.0,2.0,0.7,8231,False
CN(C(=O)Nc1cc(-c2cccs2)ccc1N)C1COC1,CHEMBL1937,3.0,3.0,0.7,2834,False
CN(C(=O)Nc1cc(-c2cccs2)ccc1N)C1COC1,CHEMBL1829,1.0,1.0,0.7,2582,False
CN(C(=O)[C@H]1C[C@]2(CCC(=O)N2)C1)[C@H]1C[C@@H](c2cccc(C(C)(C)C)c2)C1,CHEMBL4191,1.0,1.0,0.721,2112,False
CN(C(=O)c1ccc(-c2ccc(C(F)(F)F)cc2)cc1)[C@H]1CCN(C(=O)N(C)[C@@H]2CCN(CCCc3ccc(Cl)cc3)C2)C1,CHEMBL240,3.0,3.0,0.557,10985,True
CN(C(=O)c1ccc(C2CC2N)cc1)c1ccccc1,CHEMBL1951,3.0,3.0,0.732,3112,False
CN(C)C(=O)C(CCN1C[C@H](O)C/C1=C\N1CCN(c2cccc(Cl)c2Cl)CC1)(c1ccccc1)c1ccccc1,CHEMBL233,3.0,3.0,0.672,7306,False
CN(C)C(=O)C(CCN1C[C@H](O)C/C1=C\N1CCN(c2cccc(Cl)c2Cl)CC1)(c1ccccc1)c1ccccc1,CHEMBL217,1.0,1.0,0.672,9217,False
CN(C)C(=O)C(CCN1C[C@H](O)C/C1=C\N1CCN(c2cccc(Cl)c2Cl)CC1)(c1ccccc1)c1ccccc1,CHEMBL234,2.0,2.0,0.672,6166,False
CN(C)C(=O)Cn1cc(-c2nc(C3(c4ccc(-c5ccc(N)nc5)nc4)CCC3)no2)cn1,CHEMBL4550,1.0,1.0,0.868,2239,False
CN(C)C(=O)N1CCC(n2cc(-c3n[nH]c4cnc(N5C6CCC5C(=O)N(C)C6)nc34)cn2)CC1,CHEMBL3650,3.0,3.0,0.806,4143,False
CN(C)C(=O)N1Cc2ccc(-c3nc(Nc4ccc(-c5cn[nH]c5)cc4)c4occc4n3)cc2C1,CHEMBL2973,1.0,1.0,0.757,5292,False
CN(C)C(=O)[C@@H]1CN(C2CCC(C)(C)C2)CC[C@H]1NC(=O)c1cc(-c2ccc(F)cc2F)on1,CHEMBL2010631,1.0,1.0,0.923,1433,False
CN(C)C(=O)[C@@H]1CN(C2CCCC2)CC[C@H]1NC(=O)c1cc(-c2c(F)cc(F)cc2F)on1,CHEMBL2010631,1.0,1.0,0.983,1433,False
CN(C)C(=O)[C@@H]1CN(C2CCCC2)CC[C@H]1NC(=O)c1cc(-c2ccc(F)cc2F)on1,CHEMBL2010631,2.0,2.0,0.984,1433,False
CN(C)C(=O)[C@@H]1CN([C@@H]2CCC[C@H]2CO)CC[C@H]1NC(=O)c1cc(-c2ccc(F)cc2F)on1,CHEMBL2010631,1.0,1.0,0.8,1433,False
CN(C)C(=O)c1ccc(Nc2cc(Nc3ccc4ncsc4c3)ncc2C(=O)NC[C@@H](F)C(C)(C)O)cc1,CHEMBL3778,1.0,1.0,0.786,7453,False
CN(C)C(=O)c1cccc(Nc2c(N[C@@H]3c4ccoc4CCC3(C)C)c(=O)c2=O)c1O,CHEMBL4423,1.0,1.0,1.0,438,True
CN(C)C(C)(C)/C=C(\C#N)C(=O)N1CCC[C@@H](n2nc(-c3ccc(Oc4ccccc4)cc3F)c3c(N)ncnc32)C1,CHEMBL5251,1.0,1.0,0.872,9782,False
CN(C)C/C=C/C(=O)N1CCC[C@@H](n2nc(-c3ccc(Oc4ccccc4)cc3)c3c(N)ncnc32)C1,CHEMBL5251,2.0,2.0,0.857,9782,False
CN(C)C/C=C/C(=O)N1CCC[C@@H](n2nc(-c3ccc(Oc4ccccc4)cc3)c3c(N)ncnc32)C1,CHEMBL203,1.0,1.0,0.871,11022,False
CN(C)C/C=C/C(=O)Nc1ccc2ncnc3c2c1CCN3c1ccc(F)c(Cl)c1,CHEMBL1824,2.0,2.0,0.747,2604,False
CN(C)C/C=C/C(=O)Nc1ccc2ncnc3c2c1CCN3c1ccc(F)c(Cl)c1,CHEMBL203,1.0,1.0,0.747,11022,False
CN(C)C/C=C/C(=O)Nc1ccc2ncnc3c2c1CCN3c1cccc(Cl)c1F,CHEMBL1824,2.0,2.0,0.676,2604,False
CN(C)C/C=C/C(=O)Nc1ccc2ncnc3c2c1CCN3c1cccc(Cl)c1F,CHEMBL203,1.0,1.0,0.676,11022,False
CN(C)C1(C)CN(c2nc(N3CC4CCC(C3)N4)c3cnc(-c4cccc5cccc(Cl)c45)c(F)c3n2)C1,CHEMBL2189121,1.0,1.0,0.786,2721,False
CN(C)C1(c2ccccc2)CCC(NCc2c[nH]c3ccccc23)CC1,CHEMBL2014,2.0,2.0,0.796,2731,False
CN(C)C1(c2ccccc2)CCC(NCc2c[nH]c3ccccc23)CC1,CHEMBL233,1.0,1.0,0.796,7306,False
CN(C)C1CCN(c2cc(F)c(-c3cnc(N4CCOCC4)nc3)cc2NC(=O)c2c[nH]c(=O)cc2C(F)(F)F)CC1,CHEMBL1075317,1.0,1.0,0.92,1687,False
CN(C)C1CCN(c2ccc(Nc3ncc4c5ccncc5n(C5CCC5)c4n3)nc2)CC1,CHEMBL2508,2.0,2.0,0.889,838,False
CN(C)C1CCN(c2ccc(Nc3ncc4c5ccncc5n(C5CCC5)c4n3)nc2)CC1,CHEMBL331,1.0,1.0,0.967,1424,False
CN(C)C1CN(c2nc(N3CC4CCC(C3)N4)c3cnc(-c4cc(O)cc5ccccc45)c(F)c3n2)C1,CHEMBL2189121,1.0,1.0,0.791,2721,False
CN(C)C1CN(c2nc(N3CC4CCC(C3)N4)c3cnc(-c4cccc5cccc(Cl)c45)c(F)c3n2)C1,CHEMBL2189121,1.0,1.0,0.722,2721,False
CN(C)CC(=O)N1CCC[C@@H](n2nc(-c3ccc(Oc4ccccc4)cc3)c3c(N)ncnc32)C1,CHEMBL1936,52.0,57.0,0.451,3154,False
CN(C)CC(=O)N1CCC[C@@H](n2nc(-c3ccc(Oc4ccccc4)cc3)c3c(N)ncnc32)C1,CHEMBL5251,1.0,1.0,0.812,9782,False
CN(C)CC(=O)N1CCC[C@@H](n2nc(-c3ccc(Oc4ccccc4)cc3)c3c(N)ncnc32)C1,CHEMBL1974,14.0,14.0,0.617,4344,False
CN(C)CC(=O)N1CCc2c(sc3nc(-c4ccncc4)nc(NCCN)c23)C1,CHEMBL2598,1.0,1.0,0.739,621,False
CN(C)CC(=O)NC(CCC(=O)N(C)CCOCCOCCNS(=O)(=O)c1cccc([C@@H]2CN(C)Cc3c(Cl)cc(Cl)cc32)c1)(CCC(=O)N(C)CCOCCOCCNS(=O)(=O)c1cccc([C@@H]2CN(C)Cc3c(Cl)cc(Cl)cc32)c1)CCC(=O)N(C)CCOCCOCCNS(=O)(=O)c1cccc([C@@H]2CN(C)Cc3c(Cl)cc(Cl)cc32)c1,CHEMBL3273,1.0,1.0,0.733,350,False
CN(C)CC(=O)NC(CCC(=O)NCCOCCOCCNS(=O)(=O)c1cccc([C@@H]2CN(C)Cc3c(Cl)cc(Cl)cc32)c1)(CCC(=O)NCCOCCOCCNS(=O)(=O)c1cccc([C@@H]2CN(C)Cc3c(Cl)cc(Cl)cc32)c1)CCC(=O)NCCOCCOCCNS(=O)(=O)c1cccc([C@@H]2CN(C)Cc3c(Cl)cc(Cl)cc32)c1,CHEMBL3273,1.0,1.0,0.866,350,False
CN(C)CC(=O)Nc1nnc(CCCCc2nnc(NC(=O)Cc3ccccc3)s2)s1,CHEMBL2146302,1.0,1.0,0.814,1424,False
CN(C)CCCCNC(=O)c1cccc(-n2nc(C(C)(C)C)cc2NC(=O)Nc2cccc3ccccc23)c1,CHEMBL2041,23.0,28.0,0.407,4396,False
CN(C)CCCCNC(=O)c1cccc(-n2nc(C(C)(C)C)cc2NC(=O)Nc2cccc3ccccc23)c1,CHEMBL4045,568.0,591.0,0.26,409,False
CN(C)CCCCNC(=O)c1cccc(-n2nc(C(C)(C)C)cc2NC(=O)Nc2cccc3ccccc23)c1,CHEMBL260,1.0,1.0,0.61,5079,False
CN(C)CCCCNC(=O)c1cccc(-n2nc(C(C)(C)C)cc2NC(=O)Nc2cccc3ccccc23)c1,CHEMBL5678,953.0,334.0,0.295,328,False
CN(C)CCCCNC(=O)c1cccc(-n2nc(C(C)(C)C)cc2NC(=O)Nc2cccc3ccccc23)c1,CHEMBL5818,413.0,369.0,0.289,285,False
CN(C)CCCCNC(=O)c1cccc(-n2nc(C(C)(C)C)cc2NC(=O)Nc2cccc3ccccc23)c1,CHEMBL5261,270.0,197.0,0.342,480,False
CN(C)CCCCNC(=O)c1cccc(-n2nc(C(C)(C)C)cc2NC(=O)Nc2cccc3ccccc23)c1,CHEMBL5314,21.0,26.0,0.407,1890,False
CN(C)CCCCNC(=O)c1cccc(-n2nc(C(C)(C)C)cc2NC(=O)Nc2cccc3ccccc23)c1,CHEMBL2007,47.0,52.0,0.407,933,False
CN(C)CCCCNC(=O)c1cccc(-n2nc(C(C)(C)C)cc2NC(=O)Nc2cccc3ccccc23)c1,CHEMBL5719,16.0,15.0,0.448,677,False
CN(C)CCCCNC(=O)c1cccc(-n2nc(C(C)(C)C)cc2NC(=O)Nc2cccc3ccccc23)c1,CHEMBL3231,244.0,267.0,0.31,2738,False
CN(C)CCCCNC(=O)c1cccc(-n2nc(C(C)(C)C)cc2NC(=O)Nc2cccc3ccccc23)c1,CHEMBL4898,38.0,43.0,0.407,807,False
CN(C)CCCN(C)C(=O)c1cccc(-n2nc(C(C)(C)C)cc2NC(=O)Nc2cccc3ccccc23)c1,CHEMBL2041,25.0,30.0,0.416,4396,False
CN(C)CCCN(C)C(=O)c1cccc(-n2nc(C(C)(C)C)cc2NC(=O)Nc2cccc3ccccc23)c1,CHEMBL260,1.0,1.0,0.57,5079,False
CN(C)CCCN(C)C(=O)c1cccc(-n2nc(C(C)(C)C)cc2NC(=O)Nc2cccc3ccccc23)c1,CHEMBL1075104,85.0,114.0,0.365,3454,False
CN(C)CCCN(C)C(=O)c1cccc(-n2nc(C(C)(C)C)cc2NC(=O)Nc2cccc3ccccc23)c1,CHEMBL5719,14.0,15.0,0.457,677,False
CN(C)CCCN(C)C(=O)c1cccc(-n2nc(C(C)(C)C)cc2NC(=O)Nc2cccc3ccccc23)c1,CHEMBL4852,116.0,127.0,0.365,465,False
CN(C)CCCNc1nc(N)nc2cc(-c3ccccc3)nn12,CHEMBL5293,1.0,1.0,0.556,127,False
CN(C)CCCOc1ccc(-c2cc3c(nnn3C)c(C#N)n2)cc1C(F)(F)F,CHEMBL2954,2.0,2.0,0.778,2538,False
CN(C)CCCOc1ccc(-c2ccc(Cl)c(NC(=O)c3coc(N)n3)c2)cn1,CHEMBL5922,1.0,1.0,0.75,41,False
CN(C)CCNC(=O)c1ccc2c(=O)n(Cc3ccc(Cl)cc3)c(=S)[nH]c2c1,CHEMBL4641,2.0,1.0,0.742,568,False
CN(C)CCNc1cc(F)cc(-c2cccc3[nH]c(-c4n[nH]c5ncc(-c6ccncc6)cc45)cc23)c1,CHEMBL4225,1.0,1.0,0.662,1438,False
CN(C)CCNc1ccc(-c2c[nH]c3cc(F)ccc23)cn1,CHEMBL2140,5.0,4.0,0.552,983,False
CN(C)CCOc1ccc(-c2c[nH]c3cc(F)ccc23)cn1,CHEMBL2140,3.0,1.0,0.571,983,False
CN(C)CCOc1ccc(-c2ccc(Cl)c(NC(=O)c3coc(N)n3)c2)cn1,CHEMBL5922,1.0,1.0,0.82,41,False
CN(C)CCOc1ccc2c(c1)CCCC(c1ccccc1)=C2c1ccc(O)cc1,CHEMBL206,2.0,3.0,0.493,4427,False
CN(C)CCSc1nc2ccsc2n2cccc12,CHEMBL3155,6.0,7.0,0.396,3175,False
CN(C)CCn1cc(-c2ccc(C[C@@H](C#N)NC(=O)[C@H]3N[C@@H]4CC[C@H]3C4)c(F)c2)ccc1=O,CHEMBL2252,1.0,1.0,0.84,945,False
CN(C)CCn1cc(-c2ccc(F)c(C(F)(F)F)c2)nc1C1CCN(c2ncnc(N)c2-c2ccc(N)nc2)CC1,CHEMBL4501,1.0,1.0,0.88,1918,False
CN(C)CCn1cc(-c2ccc(F)c(C(F)(F)F)c2)nc1C1CCN(c2ncnc(N)c2-c2ccc(N)nc2)CC1,CHEMBL4282,2.0,2.0,0.88,3688,False
CN(C)CCn1cc(-c2ccc(NC(=O)c3cn(CC4CCOCC4)cc(-c4ccc(F)cc4)c3=O)cc2)c2c(N)ncnc21,CHEMBL4895,1.0,1.0,0.829,2888,False
CN(C)CCn1cc(-c2ccc(NC(=O)c3cn(CC4CCOCC4)cc(-c4ccc(F)cc4)c3=O)cc2)c2c(N)ncnc21,CHEMBL3717,2.0,2.0,0.829,4639,False
CN(C)CCn1cc(S(=O)(=O)c2ccc(Cl)s2)c2cccnc21,CHEMBL3371,1.0,1.0,0.691,4324,False
CN(C)CCn1cc(S(=O)(=O)c2cccs2)c2cccnc21,CHEMBL3371,1.0,1.0,0.725,4324,False
CN(C)C[C@H]1CC[C@H](Nc2c(C(=O)C3CC3)cnc3ccc(-c4cnc(C#N)nc4)cc23)CC1,CHEMBL4578,1.0,1.0,0.857,1072,False
CN(C)Cc1[nH]ncc1-c1ccc(-c2ccc3c(C(N)=O)nn(-c4ccc5onc(N)c5c4)c3c2F)c(F)c1,CHEMBL244,1.0,1.0,0.765,5906,False
CN(C)Cc1cc(C(=O)N[C@@H]2CCc3ccc(Oc4ccnc(NC(=O)C5CC5)c4)cc3C2)cc(C(F)(F)F)c1,CHEMBL5145,2.0,2.0,1.0,5743,True
CN(C)Cc1cc(C(=O)N[C@@H]2CCc3ccc(Oc4ccnc(NC(=O)C5CC5)c4)cc3C2)cc(C(F)(F)F)c1,CHEMBL1906,1.0,1.0,1.0,2781,True
CN(C)Cc1cc(O)ccc1-c1cccc(Oc2ncc(F)cc2C(=O)N[C@H]2CC[C@@H](NC(=O)c3cccc4ocnc34)CC2)c1,CHEMBL275,1.0,1.0,0.762,2377,False
CN(C)Cc1ccccc1CNC(=O)c1ccc(NC(=O)N2Cc3ccccc3C2)cc1,CHEMBL1744525,1.0,1.0,0.667,4583,False
CN(C)N=C1C(Cl)=C(Cl)C(Cl)=C1Cl,CHEMBL4105866,891.0,1.0,0.355,8,False
CN(C)OC(=O)C(c1ccc(Cl)c(Cl)c1)C1CCNCC1,CHEMBL228,2.0,2.0,0.491,5328,False
CN(C)OC(=O)C(c1ccc(Cl)c(Cl)c1)C1CCNCC1,CHEMBL238,1.0,1.0,0.583,3420,False
CN(C)OC(=O)C(c1ccc(Cl)c(Cl)c1)C1CCNCC1,CHEMBL222,3.0,3.0,0.491,3692,False
CN(C)S(=O)(=O)c1c(Cl)ccc(Nc2c(N[C@@H]3c4ccoc4CCC3(C)C)c(=O)c2=O)c1O,CHEMBL4423,1.0,1.0,1.0,438,True
CN(C)S(=O)(=O)c1ccc(CC(=O)Nc2nc(-c3cc(Cl)ccc3Cl)cs2)cc1,CHEMBL1741186,1.0,1.0,0.561,10748,False
CN(C)S(=O)(=O)c1ccc2c(c1)CCN2C[C@H]1CC[C@H](c2nnn3cnc4[nH]ccc4c23)CC1,CHEMBL2835,1.0,1.0,0.611,10399,False
CN(C)S(=O)(=O)c1ccc2c(c1)CCN2C[C@H]1CC[C@H](c2nnn3cnc4[nH]ccc4c23)CC1,CHEMBL2971,3.0,3.0,0.611,12637,False
CN(C)S(=O)(=O)c1ccc2c(c1)CCN2C[C@H]1CC[C@H](c2nnn3cnc4[nH]ccc4c23)CC1,CHEMBL3553,2.0,2.0,0.611,6084,False
CN(C)S(=O)(=O)c1ccccc1Nc1nc(Nc2cnn(C)c2)nc2[nH]cc(-c3cccnc3)c12,CHEMBL5749,1.0,1.0,0.811,3184,False
CN(C)[C@@H]1CCN(CCCOc2ccc(-c3nc4ccc(OCCCN5CC[C@@H](N(C)C)C5)cc4o3)cc2)C1,CHEMBL5936,1.0,1.0,0.667,5391,False
CN(C)[C@H]1CCc2nc(NC(=O)c3cccc([C@H]4CCCN4C(=O)c4ccc(-c5cnco5)cc4)c3)sc2C1,CHEMBL2973,1.0,1.0,0.81,5292,False
CN(C)c1cc(C(=O)N2CCCCC(c3ccc(Cl)cc3)C2)cnn1,CHEMBL5649,1.0,1.0,0.94,308,False
CN(C)c1cc(CC2CCN(c3ccc4ncnc(N)c4n3)C2)ncn1,CHEMBL6166,1.0,1.0,0.893,1276,False
CN(C)c1cc2sncc2cc1NC(=O)C(=O)O,CHEMBL4722,139.0,246.0,0.219,3456,False
CN(C)c1cc2sncc2cc1NC(=O)C(=O)O,CHEMBL5650,1080.0,933.0,0.179,235,False
CN(C)c1cc2sncc2cc1NC(=O)C(=O)O,CHEMBL2996,379.0,836.0,0.183,966,False
CN(C)c1cc2sncc2cc1NC(=O)C(=O)O,CHEMBL2345,118.0,84.0,0.236,856,False
CN(C)c1cc2sncc2cc1NC(=O)C(=O)O,CHEMBL2828,85.0,138.0,0.228,1464,False
CN(C)c1cc2sncc2cc1NC(=O)C(=O)O,CHEMBL2185,71.0,106.0,0.232,2659,False
CN(C)c1cc2sncc2cc1NC(=O)C(=O)O,CHEMBL2973,25.0,48.0,0.25,5292,False
CN(C)c1cc2sncc2cc1NC(=O)C(=O)O,CHEMBL2850,101.0,164.0,0.226,1613,False
CN(C)c1cc2sncc2cc1NC(=O)C(=O)O,CHEMBL4516,404.0,897.0,0.181,341,False
CN(C)c1cc2sncc2cc1NC(=O)C(=O)O,CHEMBL4525,1004.0,570.0,0.197,425,False
CN(C)c1cc2sncc2cc1NC(=O)C(=O)O,CHEMBL4101,172.0,298.0,0.213,560,False
CN(C)c1cc2sncc2cc1NC(=O)C(=O)O,CHEMBL2147,99.0,162.0,0.226,4940,False
CN(C)c1cc2sncc2cc1NC(=O)C(=O)O,CHEMBL5407,112.0,175.0,0.226,1666,False
CN(C)c1cc2sncc2cc1NC(=O)C(=O)O,CHEMBL6166,109.0,172.0,0.226,1276,False
CN(C)c1cc2sncc2cc1NC(=O)C(=O)O,CHEMBL4895,442.0,971.0,0.177,2888,False
CN(C)c1cc2sncc2cc1NC(=O)C(=O)O,CHEMBL5443,141.0,176.0,0.226,631,False
CN(C)c1cc2sncc2cc1NC(=O)C(=O)O,CHEMBL6005,1197.0,959.0,0.178,66,False
CN(C)c1cc2sncc2cc1NC(=O)C(=O)O,CHEMBL4203,301.0,182.0,0.226,1069,False
CN(C)c1cc2sncc2cc1NC(=O)C(=O)O,CHEMBL3032,558.0,213.0,0.224,374,False
CN(C)c1cc2sncc2cc1NC(=O)C(=O)O,CHEMBL3629,36.0,65.0,0.242,934,False
CN(C)c1ccc(-c2c[nH]c3cc(F)ccc23)cn1,CHEMBL2140,3.0,2.0,0.569,983,False
CN(C)c1ccc(-c2cc(NC3CC3)n3ncc(/C=C4\NC(=O)NC4=O)c3n2)cn1,CHEMBL2358,1.0,1.0,0.823,176,False
CN(C)c1ccc(-c2sc(-n3cnnc3SCC(=O)O)c3c2CCC3)cc1Br,CHEMBL6120,1.0,1.0,0.725,877,False
CN(C)c1ccc(/C=C/c2sc3ccccc3[n+]2CCCC2CCCCC2)cc1,CHEMBL1981,1.0,1.0,0.704,947,False
CN(C)c1ccc(C(=O)N(CCCCCCNC(=O)c2ccccc2O)CC(=O)NCc2ccccc2)cc1,CHEMBL1829,6.0,6.0,0.574,2582,False
CN(C)c1ccc(C(=O)N2CCCCC2)c(NS(=O)(=O)c2cccc3nsnc23)c1,CHEMBL298,1.0,1.0,0.758,1500,False
CN(C)c1ccc(C(=O)Nc2ccc(-c3ccccc3S(N)(=O)=O)cc2)c(Oc2cccc(C(=N)N)c2)c1,CHEMBL244,3.0,3.0,0.62,5906,False
CN(C)c1ccc(C(=O)c2nccc3ccccc23)cc1,CHEMBL253,1.0,1.0,0.511,7881,False
CN(C)c1ccc(N2C(=O)CN(Cc3ccc(F)cc3)C2=S)cc1Cl,CHEMBL340,72.0,111.0,0.269,5556,False
CN(C)c1ccc(Oc2cccc(C(=N)N)c2)c(C(=O)Nc2ccc(-c3ccccc3S(N)(=O)=O)cc2)c1,CHEMBL244,1.0,1.0,0.62,5906,False
CN(C)c1ccc2ncnc(N3CCN(C(=O)[C@H](N)Cc4ccc(Cl)cc4)CC3)c2c1,CHEMBL4282,1.0,1.0,0.723,3688,False
CN(C)c1cccc(CNCC2(F)CCN(C(=O)c3ccc(Cl)c(Cl)c3)CC2)n1,CHEMBL214,1.0,1.0,0.723,5809,False
CN(C)c1cccc(CNCC2(F)CCN(C(=O)c3ccc(F)c(Cl)c3)CC2)n1,CHEMBL214,1.0,1.0,0.746,5809,False
CN(C)c1cccc(CNCC2(F)CCN(C(=O)c3cccc(Cl)c3)CC2)n1,CHEMBL214,1.0,1.0,0.606,5809,False
CN(C)c1cccc(CNCC2CCN(C(=O)c3ccc(Cl)c(Cl)c3)CC2)n1,CHEMBL214,1.0,1.0,0.71,5809,False
CN(C)c1cccc2c(S(=O)(=O)NCCCCCCCCO[C@H]3O[C@H](COS(=O)(=O)[O-])[C@@H](OS(=O)(=O)[O-])[C@H](OS(=O)(=O)[O-])[C@@H]3O[C@H]3O[C@H](COS(=O)(=O)[O-])[C@@H](OS(=O)(=O)[O-])[C@H](O[C@H]4O[C@H](COS(=O)(=O)[O-])[C@@H](OS(=O)(=O)[O-])[C@H](O[C@H]5O[C@H](COS(=O)(=O)[O-])[C@@H](OS(=O)(=O)[O-])[C@H](OS(=O)(=O)[O-])[C@@H]5OS(=O)(=O)[O-])[C@@H]4OS(=O)(=O)[O-])[C@@H]3OS(=O)(=O)[O-])cccc12,CHEMBL3921,3.0,3.0,0.941,371,False
CN(C)c1cccc2c(S(=O)(=O)NCCCCCCCCO[C@H]3O[C@H](COS(=O)(=O)[O-])[C@@H](OS(=O)(=O)[O-])[C@H](OS(=O)(=O)[O-])[C@@H]3O[C@H]3O[C@H](COS(=O)(=O)[O-])[C@@H](OS(=O)(=O)[O-])[C@H](O[C@H]4O[C@H](COS(=O)(=O)[O-])[C@@H](OS(=O)(=O)[O-])[C@H](O[C@H]5O[C@H](COS(=O)(=O)[O-])[C@@H](OS(=O)(=O)[O-])[C@H](OS(=O)(=O)[O-])[C@@H]5OS(=O)(=O)[O-])[C@@H]4OS(=O)(=O)[O-])[C@@H]3OS(=O)(=O)[O-])cccc12,CHEMBL2120,2.0,2.0,0.941,67,False
CN(C)c1cccc2c(S(=O)(=O)NCCCCCCCCO[C@H]3O[C@H](COS(=O)(=O)[O-])[C@@H](OS(=O)(=O)[O-])[C@H](OS(=O)(=O)[O-])[C@@H]3O[C@H]3O[C@H](COS(=O)(=O)[O-])[C@@H](OS(=O)(=O)[O-])[C@H](O[C@H]4O[C@H](COS(=O)(=O)[O-])[C@@H](OS(=O)(=O)[O-])[C@H](O[C@H]5O[C@H](COS(=O)(=O)[O-])[C@@H](OS(=O)(=O)[O-])[C@H](OS(=O)(=O)[O-])[C@@H]5OS(=O)(=O)[O-])[C@@H]4OS(=O)(=O)[O-])[C@@H]3OS(=O)(=O)[O-])cccc12,CHEMBL3107,4.0,4.0,0.941,81,False
CN(C)c1cccc2c(S(=O)(=O)NCCCCCCCCO[C@H]3O[C@H](COS(=O)(=O)[O-])[C@@H](OS(=O)(=O)[O-])[C@H](OS(=O)(=O)[O-])[C@@H]3O[C@H]3O[C@H](COS(=O)(=O)[O-])[C@@H](OS(=O)(=O)[O-])[C@H](O[C@H]4O[C@H](COS(=O)(=O)[O-])[C@@H](OS(=O)(=O)[O-])[C@H](O[C@H]5O[C@H](COS(=O)(=O)[O-])[C@@H](OS(=O)(=O)[O-])[C@H](OS(=O)(=O)[O-])[C@@H]5OS(=O)(=O)[O-])[C@@H]4OS(=O)(=O)[O-])[C@@H]3OS(=O)(=O)[O-])cccc12,CHEMBL1783,1.0,1.0,0.941,274,False
CN(C)c1ccccc1C(=O)c1nccc2ccccc12,CHEMBL253,1.0,1.0,0.511,7881,False
CN(C)c1ccccc1CNC1CC1c1ccc(C(=O)NCc2ccccc2)cc1,CHEMBL1951,1.0,1.0,0.627,3112,False
CN(C)c1nc(/C=C/c2cccc(N3CCCC3=O)n2)nc2ccc(Cl)cc12,CHEMBL4409,1.0,1.0,0.667,5483,False
CN(C)c1nccc(-c2ccc(=O)n(C)c2)n1,CHEMBL2292,1.0,1.0,0.478,3800,False
CN(CC#N)C(=O)N1CCCC12CCN(c1ncnc3[nH]ccc13)C2,CHEMBL2148,2.0,2.0,0.708,7416,False
CN(CC(=O)NCc1ccc(CN)cc1)C(=O)OCc1ccc(COC(=O)N(C)CC(=O)NCc2ccc(CN)cc2)cc1,CHEMBL2617,1.0,1.0,0.538,222,False
CN(CC(=O)NCc1ccc(CN)cc1)C(=O)OCc1ccc(COC(=O)N(C)CC(=O)NCc2ccc(CN)cc2)cc1,CHEMBL209,4.0,4.0,0.393,1336,False
CN(CC(=O)O)CC(=O)NC(CCC(=O)NCCOCCOCCNS(=O)(=O)c1cccc([C@@H]2CN(C)Cc3c(Cl)cc(Cl)cc32)c1)(CCC(=O)NCCOCCOCCNS(=O)(=O)c1cccc([C@@H]2CN(C)Cc3c(Cl)cc(Cl)cc32)c1)CCC(=O)NCCOCCOCCNS(=O)(=O)c1cccc([C@@H]2CN(C)Cc3c(Cl)cc(Cl)cc32)c1,CHEMBL3273,1.0,1.0,0.826,350,False
CN(CC/C=C1\c2ccccc2Sc2ccc(Cl)cc21)Cc1ccc(OCCCN2CCCCC2)cc1,CHEMBL264,4.0,4.0,0.691,4372,False
CN(CC/C=C1\c2ccccc2Sc2ccc(Cl)cc21)Cc1ccc(OCCCN2CCCCC2)cc1,CHEMBL231,2.0,2.0,0.691,1704,False
CN(CC/C=C1\c2ccccc2Sc2ccc(Cl)cc21)Cc1ccc(OCCCN2CCCCC2)cc1,CHEMBL2056,6.0,6.0,0.691,1513,False
CN(CC/C=C1\c2ccccc2Sc2ccc(Cl)cc21)Cc1ccc(OCCCN2CCCCC2)cc1,CHEMBL1850,5.0,5.0,0.691,395,False
CN(CC/C=C1\c2ccccc2Sc2ccc(Cl)cc21)Cc1ccc(OCCCN2CCCCC2)cc1,CHEMBL217,1.0,1.0,0.691,9217,False
CN(CC/C=C1\c2ccccc2Sc2ccc(Cl)cc21)Cc1ccc(OCCCN2CCCCC2)cc1,CHEMBL234,3.0,3.0,0.691,6166,False
CN(CC1c2ccccc2CN1c1cn[nH]c(=O)c1C(F)(F)F)c1cccc(C(=O)N2CCN(c3ccccn3)CC2)c1,CHEMBL2380188,1.0,1.0,0.765,331,False
CN(CCC#N)C(=O)N1CCCC12CCN(c1ncnc3[nH]ccc13)C2,CHEMBL2148,1.0,1.0,0.681,7416,False
CN(CCC#N)C(=O)c1cccc(-n2nc(C(C)(C)C)cc2NC(=O)Nc2cccc3ccccc23)c1,CHEMBL260,1.0,1.0,0.549,5079,False
CN(CCC#N)C(=O)c1cccc(-n2nc(C(C)(C)C)cc2NC(=O)Nc2cccc3ccccc23)c1,CHEMBL5719,14.0,15.0,0.44,677,False
CN(CCCCNc1c2c(nc3ccccc13)CCCC2)CCCNc1c2c(nc3c(NC(=O)CNC(=O)CC[C@H](NC(=O)CNC(=O)OCc4ccccc4)C(=O)N[C@@H](Cc4ccccc4)C(=O)OCc4ccccc4)cccc13)CCCC2,CHEMBL1914,2.0,2.0,1.0,3653,True
CN(CCCCNc1c2c(nc3ccccc13)CCCC2)CCCNc1c2c(nc3c(NC(=O)CNC(=O)CC[C@H](NC(=O)CNC(=O)OCc4ccccc4)C(=O)N[C@@H](Cc4ccccc4)C(=O)OCc4ccccc4)cccc13)CCCC2,CHEMBL220,3.0,3.0,1.0,6051,True
CN(CCCN1CCN(C(=O)OCc2cc(Cl)cc(Cl)c2)CC1)C(=O)c1c[nH]c(=O)o1,CHEMBL3691,2.0,2.0,0.723,2147,False
CN(CCCNc1ccc(-c2ccccc2)nn1)Cc1ccccc1,CHEMBL220,1.0,1.0,0.927,6051,False
CN(CCCNc1ncnc2oc(-c3ccccc3)nc12)c1ccccc1,CHEMBL3589,1.0,1.0,0.673,456,False
CN(CCN)C(=O)c1cccc(-n2nc(C(C)(C)C)cc2NC(=O)Nc2cccc3ccccc23)c1,CHEMBL2041,47.0,52.0,0.42,4396,False
CN(CCN)C(=O)c1cccc(-n2nc(C(C)(C)C)cc2NC(=O)Nc2cccc3ccccc23)c1,CHEMBL260,1.0,1.0,0.602,5079,False
CN(CCN)C(=O)c1cccc(-n2nc(C(C)(C)C)cc2NC(=O)Nc2cccc3ccccc23)c1,CHEMBL2185,256.0,333.0,0.274,2659,False
CN(CCN)C(=O)c1cccc(-n2nc(C(C)(C)C)cc2NC(=O)Nc2cccc3ccccc23)c1,CHEMBL2007,43.0,48.0,0.42,933,False
CN(CCN)C(=O)c1cccc(-n2nc(C(C)(C)C)cc2NC(=O)Nc2cccc3ccccc23)c1,CHEMBL4482,967.0,1025.0,0.217,609,False
CN(CCN)C(=O)c1cccc(-n2nc(C(C)(C)C)cc2NC(=O)Nc2cccc3ccccc23)c1,CHEMBL5719,15.0,16.0,0.463,677,False
CN(CCN)C(=O)c1cccc(-n2nc(C(C)(C)C)cc2NC(=O)Nc2cccc3ccccc23)c1,CHEMBL4203,122.0,127.0,0.383,1069,False
CN(CCN)C(=O)c1cccc(-n2nc(C(C)(C)C)cc2NC(=O)Nc2cccc3ccccc23)c1,CHEMBL4852,104.0,123.0,0.383,465,False
CN(CCc1cccc(F)c1)[C@H]1C2C3CC4C5C3CC2C5C41,CHEMBL238,3.0,3.0,0.767,3420,False
CN(CCc1cccc(F)c1)[C@H]1C2C3CC4C5C3CC2C5C41,CHEMBL1916,1.0,1.0,0.86,756,False
CN(CCc1cccc(F)c1)[C@H]1C2C3CC4C5C3CC2C5C41,CHEMBL1941,14.0,14.0,0.51,626,False
CN(CCc1cccc(F)c1)[C@H]1C2C3CC4C5C3CC2C5C41,CHEMBL1833,27.0,27.0,0.333,2154,False
CN(CCc1ccccc1)[C@H]1C2C3CC4C5C3CC2C5C41,CHEMBL3155,35.0,42.0,0.3,3175,False
CN(CCc1ccccc1)[C@H]1C2C3CC4C5C3CC2C5C41,CHEMBL1833,55.0,65.0,0.286,2154,False
CN(CCc1ccccc1)[C@H]1C2C3CC4C5C3CC2C5C41,CHEMBL224,43.0,52.0,0.289,6081,False
CN(CCc1ccccc1)[C@H]1C2C3CC4C5C3CC2C5C41,CHEMBL1941,16.0,11.0,0.479,626,False
CN(CCc1ccccc1)[C@H]1C2C3CC4C5C3CC2C5C41,CHEMBL217,25.0,27.0,0.327,9217,False
CN(CCc1ccccc1)[C@H]1C2C3CC4C5C3CC2C5C41,CHEMBL1916,1.0,1.0,0.659,756,False
CN(CCc1ccccc1)[C@H]1C2C3CC4C5C3CC2C5C41,CHEMBL1942,83.0,81.0,0.278,608,False
CN(CCc1ccccn1)C(=O)C12CC3CC(CC(C3)C1)C2,CHEMBL4235,1.0,1.0,0.58,3366,False
CN(Cc1cccc2ccccc12)C(=O)[C@@H](O)[C@H](N)C1CCCCCCC1,CHEMBL3922,1.0,1.0,1.0,1040,True
CN(Cc1ccccc1)C(=O)[C@H]1CCCCN1C(=O)COc1ccccc1,CHEMBL3238,49.0,2.0,0.559,272,False
CN(Cc1ccccc1)C(=O)[C@H]1CCCCN1C(=O)COc1ccccc1,CHEMBL1293194,2.0,1.0,0.559,485,False
CN(Cc1ccccc1)C(=O)c1ccc(NC(=O)N2Cc3ccc(F)cc3C2)cc1,CHEMBL1744525,1.0,1.0,0.695,4583,False
CN(Cc1ccccc1)[C@@H]1CCN(C(=O)C(c2ccccc2)c2ccccc2)[C@H](C(=O)O)C1,CHEMBL4607,1.0,1.0,0.774,787,False
CN(Cc1ccccc1)[C@H]1CCN(C(=O)C(c2ccccc2)c2ccccc2)[C@H](C(=O)O)C1,CHEMBL4607,1.0,1.0,0.774,787,False
CN(Cc1cnccn1)S(=O)(=O)C[C@H]1C[C@@H](N(C)c2ncnc3[nH]ccc23)C1,CHEMBL2835,2.0,2.0,0.766,10399,False
CN(Cc1cnccn1)S(=O)(=O)C[C@H]1C[C@@H](N(C)c2ncnc3[nH]ccc23)C1,CHEMBL2971,3.0,3.0,0.766,12637,False
CN(Cc1cnccn1)S(=O)(=O)C[C@H]1C[C@@H](N(C)c2ncnc3[nH]ccc23)C1,CHEMBL2148,4.0,4.0,0.766,7416,False
CN(Cc1cnccn1)S(=O)(=O)C[C@H]1C[C@@H](N(C)c2ncnc3[nH]ccc23)C1,CHEMBL3553,1.0,1.0,0.766,6084,False
CN([C@@H]1CCC2=C(C1)C1C=CC=CC1N2CC(=O)O)S(=O)(=O)c1ccc(F)cc1,CHEMBL5071,2.0,2.0,0.543,3272,False
CN([C@@H]1CCC2=C(C1)C1C=CC=CC1N2CC(=O)O)S(=O)(=O)c1ccc(F)cc1,CHEMBL4427,1.0,1.0,0.543,588,False
CN([C@@H]1CCC2=C(C1)C1C=CC=CC1N2CC(=O)O)S(=O)(=O)c1ccc(F)cc1,CHEMBL3397,5.0,5.0,0.507,2945,False
CN(c1cc(C2CCOCC2)ccc1Nc1cc(NC(=O)C2CC2)nc2[nH]c(C(F)F)nc12)S(C)(=O)=O,CHEMBL3553,1.0,1.0,0.91,6084,False
CN(c1cc(F)c(S(=O)(=O)N(C(=O)O)c2cscn2)cc1Cl)[C@H]1CCN(CCc2ccccc2)C1,CHEMBL5202,1.0,1.0,0.771,1096,False
CN(c1cc(F)c(S(=O)(=O)N(C(=O)O)c2cscn2)cc1Cl)[C@H]1CCN(CCc2ccccc2)C1,CHEMBL1845,2.0,2.0,0.771,784,False
CN(c1cc(F)c(S(=O)(=O)Nc2cscn2)cc1Cl)[C@H]1CCN(CCc2ccccc2)C1,CHEMBL5202,1.0,1.0,0.914,1096,False
CN(c1ccc(O)cc1CNc1nc(-c2cc(F)c(O)cc2CC(F)(F)F)cc2[nH]nc(C(N)=O)c12)S(=O)(=O)c1ccccc1,CHEMBL2835,3.0,3.0,0.84,10399,False
CN(c1ccc(O)cc1CNc1nc(-c2cc(F)c(O)cc2CC(F)(F)F)cc2[nH]nc(C(N)=O)c12)S(=O)(=O)c1ccccc1,CHEMBL2971,1.0,1.0,0.84,12637,False
CN(c1ccc(O)cc1CNc1nc(-c2cc(F)c(O)cc2CC(F)(F)F)cc2[nH]nc(C(N)=O)c12)S(=O)(=O)c1ccccc1,CHEMBL2148,2.0,2.0,0.84,7416,False
CN(c1ccc(O)cc1CNc1nc(-c2cc(F)c(O)cc2CC(F)(F)F)cc2[nH]nc(C(N)=O)c12)S(=O)(=O)c1ccccc1,CHEMBL3553,4.0,4.0,0.84,6084,False
CN(c1ccc2nc(-c3ccc(Cl)cc3)c(CN3CCNCC3)n2c1)S(C)(=O)=O,CHEMBL2535,2.0,2.0,0.633,781,False
CN(c1ccc2nc(-c3ccc(Cl)cc3Cl)c(CN3CCN(C(=O)C(C)(C)O)CC3)n2c1)S(C)(=O)=O,CHEMBL5873,1.0,1.0,0.662,112,False
CN(c1ccccc1)c1nccc(-c2cnn3ncccc23)n1,CHEMBL262,16.0,17.0,0.509,5430,False
CN(c1ccccc1)c1nccc(-c2cnn3ncccc23)n1,CHEMBL301,18.0,19.0,0.509,2596,False
CN(c1ccccc1)c1nccc(-c2cnn3ncccc23)n1,CHEMBL2292,8.0,8.0,0.744,3800,False
CN(c1ccccc1CNc1nc(-c2cc(F)c(O)cc2CC(F)(F)F)cc2[nH]nc(C(N)=O)c12)S(=O)(=O)c1ccccc1,CHEMBL2835,2.0,2.0,0.878,10399,False
CN(c1ccccc1CNc1nc(-c2cc(F)c(O)cc2CC(F)(F)F)cc2[nH]nc(C(N)=O)c12)S(=O)(=O)c1ccccc1,CHEMBL2971,1.0,1.0,0.878,12637,False
CN(c1ccccc1CNc1nc(-c2cc(F)c(O)cc2CC(F)(F)F)cc2[nH]nc(C(N)=O)c12)S(=O)(=O)c1ccccc1,CHEMBL2148,3.0,3.0,0.878,7416,False
CN(c1ccccc1CNc1nc(-c2cc(F)c(O)cc2CC(F)(F)F)cc2[nH]nc(C(N)=O)c12)S(=O)(=O)c1ccccc1,CHEMBL3553,4.0,4.0,0.878,6084,False
CN(c1ccnc2[nH]ccc12)C1CCCCC1,CHEMBL2835,2.0,2.0,0.628,10399,False
CN(c1ccnc2[nH]ccc12)C1CCCCC1,CHEMBL2971,1.0,1.0,0.628,12637,False
CN(c1ccnc2[nH]ccc12)C1CCCCC1,CHEMBL2148,3.0,3.0,0.628,7416,False
CN(c1nc2ccccc2c(=O)o1)S(=O)(=O)c1c(Cl)cccc1Cl,CHEMBL4611,3.0,2.0,0.681,59,False
CN(c1nc2ccccc2c(=O)o1)S(=O)(=O)c1c(Cl)cccc1Cl,CHEMBL209,1.0,1.0,0.681,1336,False
CN(c1nc2ccccc2c(=O)o1)S(=O)(=O)c1ccc(C#N)cc1,CHEMBL4611,9.0,2.0,0.608,59,False
CN(c1nc2ccccc2c(=O)o1)S(=O)(=O)c1ccc(C(C)(C)C)cc1,CHEMBL209,1.0,1.0,0.653,1336,False
CN(c1nc2ccccc2c(=O)o1)S(=O)(=O)c1ccc(Cl)c(Cl)c1,CHEMBL209,1.0,1.0,0.608,1336,False
CN(c1nc2ccccc2c(=O)o1)S(=O)(=O)c1ccc(Cl)cc1,CHEMBL209,1.0,1.0,0.646,1336,False
CN(c1nc2ccccc2c(=O)o1)S(=O)(=O)c1ccc(N)cc1,CHEMBL4611,4.0,2.0,0.646,59,False
CN(c1nc2ccccc2c(=O)o1)S(=O)(=O)c1ccc(N)cc1,CHEMBL209,1.0,1.0,0.646,1336,False
CN(c1nc2ccccc2c(=O)o1)S(=O)(=O)c1ccc(NC(=N)N)cc1,CHEMBL4611,22.0,2.0,0.582,59,False
CN(c1nc2ccccc2c(=O)o1)S(=O)(=O)c1ccc([N+](=O)[O-])cc1,CHEMBL4611,27.0,2.0,0.608,59,False
CN(c1nc2ccccc2c(=O)o1)S(=O)(=O)c1cccc(Cl)c1,CHEMBL4611,6.0,2.0,0.64,59,False
CN(c1nc2ccccc2c(=O)o1)S(=O)(=O)c1cccc(Cl)c1,CHEMBL209,1.0,1.0,0.64,1336,False
CN(c1nc2ccccc2c(=O)o1)S(=O)(=O)c1ccccc1,CHEMBL4611,3.0,2.0,0.721,59,False
CN(c1nc2ccccc2c(=O)o1)S(=O)(=O)c1ccccc1Br,CHEMBL4611,3.0,2.0,0.756,59,False
CN(c1ncnc2[nH]ccc12)[C@H]1C[C@@H](CS(=O)(=O)c2ccc(C(F)(F)F)nc2)C1,CHEMBL2835,1.0,1.0,0.825,10399,False
CN(c1ncnc2[nH]ccc12)[C@H]1C[C@@H](CS(=O)(=O)c2ccc(C(F)(F)F)nc2)C1,CHEMBL2971,4.0,4.0,0.825,12637,False
CN(c1ncnc2[nH]ccc12)[C@H]1C[C@@H](CS(=O)(=O)c2ccc(C(F)(F)F)nc2)C1,CHEMBL2148,3.0,3.0,0.825,7416,False
CN(c1ncnc2[nH]ccc12)[C@H]1C[C@@H](CS(=O)(=O)c2ccc(C(F)(F)F)nc2)C1,CHEMBL3553,2.0,2.0,0.825,6084,False
CN(c1ncnc2[nH]ccc12)[C@H]1C[C@@H](CS(=O)(=O)c2cccnc2)C1,CHEMBL2835,4.0,4.0,0.818,10399,False
CN(c1ncnc2[nH]ccc12)[C@H]1C[C@@H](CS(=O)(=O)c2cccnc2)C1,CHEMBL2971,3.0,3.0,0.818,12637,False
CN(c1ncnc2[nH]ccc12)[C@H]1C[C@@H](CS(=O)(=O)c2cccnc2)C1,CHEMBL2148,2.0,2.0,0.818,7416,False
CN(c1ncnc2[nH]ccc12)[C@H]1C[C@@H](CS(=O)(=O)c2cccnc2)C1,CHEMBL3553,1.0,1.0,0.818,6084,False
CN(c1ncnc2[nH]ccc12)[C@H]1C[C@@H](CS(=O)(=O)c2cncc(F)c2)C1,CHEMBL2835,4.0,4.0,0.746,10399,False
CN(c1ncnc2[nH]ccc12)[C@H]1C[C@@H](CS(=O)(=O)c2cncc(F)c2)C1,CHEMBL2971,1.0,1.0,0.793,12637,False
CN(c1ncnc2[nH]ccc12)[C@H]1C[C@@H](CS(=O)(=O)c2cncc(F)c2)C1,CHEMBL2148,2.0,2.0,0.793,7416,False
CN(c1ncnc2[nH]ccc12)[C@H]1C[C@@H](CS(=O)(=O)c2cncc(F)c2)C1,CHEMBL3553,3.0,3.0,0.793,6084,False
CN(c1ncnc2[nH]ccc12)[C@H]1C[C@@H](CS(=O)(=O)c2cnccc2C(F)(F)F)C1,CHEMBL2835,3.0,3.0,0.721,10399,False
CN(c1ncnc2[nH]ccc12)[C@H]1C[C@@H](CS(=O)(=O)c2cnccc2C(F)(F)F)C1,CHEMBL2971,2.0,2.0,0.721,12637,False
CN(c1ncnc2[nH]ccc12)[C@H]1C[C@@H](CS(=O)(=O)c2cnccc2C(F)(F)F)C1,CHEMBL2148,1.0,1.0,0.721,7416,False
CN(c1ncnc2[nH]ccc12)[C@H]1C[C@@H](CS(=O)(=O)c2cnccc2C(F)(F)F)C1,CHEMBL3553,4.0,4.0,0.721,6084,False
CN/C=C(\C(=N)C(F)(F)F)c1ccc(NC(=N)C2=C(NC3CCOC3)CCN(C(C)=O)C2)cn1,CHEMBL5747,1.0,1.0,0.44,2875,False
CN/C=C(\C(=N)C(F)(F)F)c1ccc(NC(=N)C2=C(NC3CCOC3)CCN(C(C)=O)C2)cn1,CHEMBL1163125,2.0,2.0,0.411,9315,False
CN1C(=N)N[C@](C)(c2sc(-c3cncc(-c4cnco4)c3)cc2Cl)CS1(=O)=O,CHEMBL4822,2.0,2.0,0.841,9994,False
CN1C(=N)N[C@](C)(c2sc(-c3cncc(-c4cnco4)c3)cc2Cl)CS1(=O)=O,CHEMBL2525,1.0,1.0,0.841,2213,False
CN1C(=N)N[C@](C)(c2sc(-c3cncc(-c4cnco4)c3)cc2F)CS1(=O)=O,CHEMBL4822,1.0,1.0,0.852,9994,False
CN1C(=N)N[C@](C)(c2sc(-c3cncc(-c4cnco4)c3)cc2F)CS1(=O)=O,CHEMBL2525,2.0,2.0,0.852,2213,False
CN1C(=N)N[C@](C)(c2sc(-c3nnc(-c4ccc(C#N)cc4)o3)cc2Cl)CS1(=O)=O,CHEMBL4822,1.0,1.0,0.81,9994,False
CN1C(=N)N[C@](C)(c2sc(-c3nnc(-c4ccc(C#N)cc4)o3)cc2Cl)CS1(=O)=O,CHEMBL2525,2.0,2.0,0.81,2213,False
CN1C(=N)N[C@](C)(c2sc(-c3nnc(-c4ccc(C(F)(F)F)c(F)c4)o3)cc2Cl)CS1(=O)=O,CHEMBL4822,1.0,1.0,0.725,9994,False
CN1C(=N)N[C@](C)(c2sc(-c3nnc(-c4ccc(C(F)(F)F)c(F)c4)o3)cc2Cl)CS1(=O)=O,CHEMBL2525,2.0,2.0,0.725,2213,False
CN1C(=N)N[C@](C)(c2sc(-c3nnc(-c4ccc(C(F)(F)F)cc4)o3)cc2Cl)CS1(=O)=O,CHEMBL4822,2.0,2.0,0.812,9994,False
CN1C(=N)N[C@](C)(c2sc(-c3nnc(-c4ccc(C(F)(F)F)cc4)o3)cc2Cl)CS1(=O)=O,CHEMBL2525,1.0,1.0,0.812,2213,False
CN1C(=N)N[C@](C)(c2sc(-c3nnc(-c4ccc(Cl)cc4)o3)cc2Cl)CS1(=O)=O,CHEMBL4822,2.0,2.0,0.85,9994,False
CN1C(=N)N[C@](C)(c2sc(-c3nnc(-c4ccc(Cl)cc4)o3)cc2Cl)CS1(=O)=O,CHEMBL2525,1.0,1.0,0.85,2213,False
CN1C(=N)N[C@](C)(c2sc(-c3nnc(-c4ccc(Cl)cc4)o3)cc2F)CS1(=O)=O,CHEMBL4822,1.0,1.0,0.742,9994,False
CN1C(=N)N[C@](C)(c2sc(-c3nnc(-c4ccc(Cl)cc4)o3)cc2F)CS1(=O)=O,CHEMBL2525,2.0,2.0,0.742,2213,False
CN1C(=N)N[C@](C)(c2sc(-c3nnc(-c4ccc(Cl)cc4F)o3)cc2Cl)CS1(=O)=O,CHEMBL4822,2.0,2.0,0.706,9994,False
CN1C(=N)N[C@](C)(c2sc(-c3nnc(-c4ccc(Cl)cc4F)o3)cc2Cl)CS1(=O)=O,CHEMBL2525,1.0,1.0,0.706,2213,False
CN1C(=N)N[C@](C)(c2sc(-c3nnc(-c4ccc(F)c(F)c4)o3)cc2Cl)CS1(=O)=O,CHEMBL4822,2.0,2.0,0.769,9994,False
CN1C(=N)N[C@](C)(c2sc(-c3nnc(-c4ccc(F)c(F)c4)o3)cc2Cl)CS1(=O)=O,CHEMBL2525,1.0,1.0,0.769,2213,False
CN1C(=N)N[C@](C)(c2sc(-c3nnc(-c4ccc(F)cc4)o3)cc2Cl)CS1(=O)=O,CHEMBL4822,1.0,1.0,0.823,9994,False
CN1C(=N)N[C@](C)(c2sc(-c3nnc(-c4ccc(F)cc4)o3)cc2Cl)CS1(=O)=O,CHEMBL2525,2.0,2.0,0.823,2213,False
CN1C(=N)N[C@](C)(c2sc(-c3nnc(-c4ccc(OC(F)(F)F)cc4)o3)cc2Cl)CS1(=O)=O,CHEMBL4822,1.0,1.0,0.75,9994,False
CN1C(=N)N[C@](C)(c2sc(-c3nnc(-c4ccc(OC(F)(F)F)cc4)o3)cc2Cl)CS1(=O)=O,CHEMBL2525,2.0,2.0,0.75,2213,False
CN1C(=N)N[C@](C)(c2sc(-c3nnc(-c4ccc(OC(F)F)cc4)o3)cc2Cl)CS1(=O)=O,CHEMBL4822,1.0,1.0,0.75,9994,False
CN1C(=N)N[C@](C)(c2sc(-c3nnc(-c4ccc(OC(F)F)cc4)o3)cc2Cl)CS1(=O)=O,CHEMBL2525,2.0,2.0,0.75,2213,False
CN1C(=N)N[C@](C)(c2sc(-c3nnc(-c4cccc(C#N)c4)o3)cc2Cl)CS1(=O)=O,CHEMBL4822,1.0,1.0,0.754,9994,False
CN1C(=N)N[C@](C)(c2sc(-c3nnc(-c4cccc(C#N)c4)o3)cc2Cl)CS1(=O)=O,CHEMBL2525,2.0,2.0,0.754,2213,False
CN1C(=N)N[C@](C)(c2sc(-c3nnc(-c4ccccc4)o3)cc2Cl)CS1(=O)=O,CHEMBL4822,2.0,2.0,0.85,9994,False
CN1C(=N)N[C@](C)(c2sc(-c3nnc(-c4ccccc4)o3)cc2Cl)CS1(=O)=O,CHEMBL2525,1.0,1.0,0.85,2213,False
CN1C(=N)N[C@](C)(c2sc3c(-c4ccc(-n5cccn5)nc4)cccc3c2F)CS1(=O)=O,CHEMBL4822,1.0,1.0,0.803,9994,False
CN1C(=N)N[C@](C)(c2sc3c(-c4ccc(-n5cccn5)nc4)cccc3c2F)CS1(=O)=O,CHEMBL2525,2.0,2.0,0.803,2213,False
CN1C(=O)C(F)(F)c2ccc(-c3ccc(C[C@@H](C#N)NC(=O)[C@@H]4CNCCCO4)cc3)cc21,CHEMBL2252,1.0,1.0,0.714,945,False
CN1C(=O)C2(N=C1N)c1cc(-c3cccnc3)ccc1Oc1ccc(-c3cccnc3)cc12,CHEMBL4822,1.0,1.0,0.667,9994,False
CN1C(=O)C[C@H](c2ccccc2)[C@@H]1[C@@H](O)c1cccc(-c2ccc(F)cc2)c1,CHEMBL2789,1.0,1.0,0.816,671,False
CN1C(=O)C[C@H](c2ccccc2)[C@@H]1[C@@H](O)c1cccc(-c2ccccc2)c1,CHEMBL2789,1.0,1.0,0.795,671,False
CN1C(=O)N(C2CCCC2)CC1C(=O)NCc1ccc(Cl)cc1Cl,CHEMBL4805,1.0,1.0,0.725,4787,False
CN1C(=O)S/C(=C\c2cc(OCc3cnc(Cl)nc3)c(O)c(F)c2Br)C1=O,CHEMBL4105728,1.0,1.0,0.738,256,False
CN1C(=O)S/C(=C\c2cc(OCc3cnc(Cl)nc3)c(O)cc2Br)C1=O,CHEMBL4105728,1.0,1.0,0.754,256,False
CN1C(=O)S/C(=C\c2cc(OCc3cnc(Cl)nc3N)c(O)c(F)c2Br)C1=O,CHEMBL4105728,1.0,1.0,0.703,256,False
CN1C(=O)S/C(=C\c2cc(OCc3cnc(NCc4ccccn4)nc3)c(O)cc2Br)C1=O,CHEMBL4105728,1.0,1.0,0.786,256,False
CN1C(=O)S/C(=C\c2cc(OCc3cnc([S+](C)[O-])nc3)c(O)cc2Br)C1=O,CHEMBL4105728,1.0,1.0,0.708,256,False
CN1C(=O)S/C(=C\c2cc(OCc3cncnc3)c(O)c(F)c2Br)C1=O,CHEMBL4105728,1.0,1.0,0.806,256,False
CN1C(=O)[C@@H](Cc2ccc(-c3ccncc3)cc2)NC(=O)C2=C(Cl)CCC=C21,CHEMBL3231,2.0,2.0,0.565,2738,False
CN1C(=O)[C@@H](Cc2ccc(-c3ccncc3)cc2)NC(=O)C2=CCCC(Cl)=C21,CHEMBL3231,2.0,2.0,0.565,2738,False
CN1C(=O)[C@H](CCCNC(=N)N)NC(=O)[C@@H](Cc2ccc(O)cc2)NC(=O)[C@H](Cc2csc3ccccc23)N(C)C(=O)[C@H](Cc2ccc3ccccc3c2)NC(=O)[C@@H]1CCCNC(N)=O,CHEMBL2010631,2.0,2.0,0.843,1433,False
CN1C(=O)[C@]23C[C@@]4([C@@]56C[C@]78SS[C@](CO)(C(=O)N7[C@@H]5Nc5ccccc56)N(C)C8=O)c5ccccc5N[C@H]4N2C(=O)[C@@]1(CO)SS3,CHEMBL6032,1.0,1.0,1.0,647,True
CN1C(=O)c2c(nc(N)nc2-c2ccco2)C1=Cc1ccc(F)cc1F,CHEMBL251,1.0,1.0,0.567,6698,False
CN1C(=O)c2c(nc(N)nc2-c2ccco2)C1=Cc1ccccc1F,CHEMBL251,1.0,1.0,0.547,6698,False
CN1C=C([C@H](Nc2cc(C#N)c3ncc(C#N)c(NCC(C)(C)C)c3c2)c2ccc(F)nc2)NN1,CHEMBL203,1.0,1.0,0.74,11022,False
CN1C=N[C@@H](c2ccc(O)cc2Cl)[C@H]1c1ccc(O)cc1Cl,CHEMBL206,1.0,1.0,0.6,4427,False
CN1CC(c2ccc(NC(=O)c3nc(C#N)c[nH]3)c(C3=CCC(C)(C)CC3)c2)CN(C)C1=NC#N,CHEMBL1844,1.0,1.0,0.836,2620,False
CN1CC(c2ccc(NC(=O)c3nc(C#N)c[nH]3)c(C3=CCC(C)(C)CC3)c2)CN(C)C1=NS(C)(=O)=O,CHEMBL1844,1.0,1.0,0.803,2620,False
CN1CC(n2nccc2-c2cc(C(F)(F)F)ccc2Oc2cc(F)c(S(=O)(=O)Nc3cscn3)cc2F)C1,CHEMBL4296,1.0,1.0,0.658,7797,False
CN1CC(n2nccc2-c2cc(Cl)ccc2Oc2cc(F)c(S(=O)(=O)Nc3cscn3)cc2Cl)C1,CHEMBL4296,2.0,2.0,0.792,7797,False
CN1CC(n2nccc2-c2cc(Cl)ccc2Oc2cc(F)c(S(=O)(=O)Nc3cscn3)cc2F)C1,CHEMBL4296,1.0,1.0,0.789,7797,False
CN1CC(n2nccc2-c2cc(Cl)ccc2Oc2cc(F)c(S(=O)(=O)Nc3cscn3)cc2F)C1,CHEMBL340,2.0,2.0,0.753,5556,False
CN1CC(n2nccc2-c2cc(Cl)ccc2Oc2cc(F)c(S(=O)(=O)Nc3cscn3)cc2F)C1,CHEMBL3397,4.0,4.0,0.753,2945,False
CN1CC(n2nccc2-c2cc(Cl)ccc2Oc2ccc(S(=O)(=O)Nc3cscn3)cc2C#N)C1,CHEMBL4296,1.0,1.0,0.818,7797,False
CN1CC(n2nccc2-c2cc(F)ccc2Oc2cc(F)c(S(=O)(=O)Nc3cscn3)cc2Cl)C1,CHEMBL4296,1.0,1.0,0.792,7797,False
CN1CC=C(c2cc(C(F)(F)F)ccc2-c2cccc3c2CCN(S(=O)(=O)Nc2ncns2)C3)CC1,CHEMBL4296,1.0,1.0,0.776,7797,False
CN1CCC(=C(F)c2cccc(NC(=O)c3c(F)cc(F)cc3F)n2)CC1,CHEMBL1805,1.0,1.0,0.759,126,False
CN1CCC(=C(F)c2cccc(NC(=O)c3c(F)cc(F)cc3F)n2)CC1,CHEMBL214,11.0,12.0,0.389,5809,False
CN1CCC(=C(F)c2cccc(NC(=O)c3c(F)cc(F)cc3F)n2)CC1,CHEMBL1898,10.0,11.0,0.389,1151,False
CN1CCC(=C(F)c2cccc(NC(=O)c3c(F)cc(F)cc3F)n2)CC1,CHEMBL224,14.0,16.0,0.352,6081,False
CN1CCC(=C(F)c2cccc(NC(=O)c3c(F)cc(F)cc3F)n2)CC1,CHEMBL1833,218.0,332.0,0.267,2154,False
CN1CCC(=C(F)c2cccc(NC(=O)c3c(F)cc(F)cc3F)n2)CC1,CHEMBL225,13.0,15.0,0.352,3966,False
CN1CCC(=C(F)c2cccc(NC(=O)c3ccc(Cl)cc3)n2)CC1,CHEMBL1805,1.0,1.0,0.8,126,False
CN1CCC(=C(F)c2cccc(NC(=O)c3ccc(Cl)cc3F)n2)CC1,CHEMBL1805,1.0,1.0,0.714,126,False
CN1CCC(=C(F)c2cccc(NC(=O)c3ccc(F)cc3)n2)CC1,CHEMBL1805,1.0,1.0,0.765,126,False
CN1CCC(=C(F)c2cccc(NC(=O)c3ccc(F)cc3F)n2)CC1,CHEMBL1805,1.0,1.0,0.709,126,False
CN1CCC(=C2c3ccccc3Sc3ccccc32)CC1,CHEMBL5523,20.0,1.0,0.7,50,False
CN1CCC(CNC(=O)c2ccc(NC(=O)N3Cc4ccncc4C3)cc2)CC1,CHEMBL1744525,1.0,1.0,0.926,4583,False
CN1CCC(CNC(=O)c2cccc(COCCC3CCN(c4nnc(NC(=O)Cc5ccccc5)s4)CC3)c2)CC1,CHEMBL2146302,1.0,1.0,0.865,1424,False
CN1CCC(NC(=O)C(C)(C)COc2ccccc2C2CC2)CC1,CHEMBL1853,1.0,1.0,0.878,1162,False
CN1CCC(NC(=O)C(C)(C)COc2ccccc2C2CC2)CC1,CHEMBL1917,2.0,2.0,0.878,616,False
CN1CCC(NC(=O)c2cccc(Nc3ncc(Cl)c(NCc4cccc(F)c4)n3)c2)CC1,CHEMBL4898,2.0,2.0,0.733,807,False
CN1CCC(NC(=O)c2cccc(Nc3ncc(Cl)c(NCc4cccc(F)c4)n3)c2)CC1,CHEMBL2815,1.0,1.0,0.746,4872,False
CN1CCC(NC(=O)c2cccc(Nc3ncc(Cl)c(NCc4cccc(F)c4)n3)c2)CC1,CHEMBL5608,3.0,3.0,0.733,635,False
CN1CCC(c2cnc(Nc3nccs3)nc2N[C@H]2CC[C@H](O)CC2)CC1,CHEMBL5314,1.0,1.0,0.678,1890,False
CN1CCC(c2cnc(Nc3nccs3)nc2N[C@H]2CC[C@H](O)CC2)CC1,CHEMBL5331,2.0,2.0,0.678,2333,False
CN1CCC(c2cnc(Nc3nccs3)nc2N[C@H]2CC[C@H](O)CC2)CC1,CHEMBL4895,3.0,3.0,0.661,2888,False
CN1CCC(c2cnc(Nc3nccs3)nc2N[C@H]2CC[C@H](O)CC2)CC1,CHEMBL1974,4.0,4.0,0.661,4344,False
CN1CCN(C(=O)c2ccc(NC(=O)Nc3ccc(-c4nc(N5CCOCC5)c5cc(CN6CCN(S(C)(=O)=O)CC6)cn5n4)cc3)cc2)CC1,CHEMBL4005,1.0,1.0,0.819,7718,False
CN1CCN(C(=O)c2ccc(NC(=O)Nc3ccc(-c4nc(N5CCOCC5)c5cc(CN6CCN(S(C)(=O)=O)CC6)cn5n4)cc3)cc2)CC1,CHEMBL2506,2.0,2.0,0.611,161,False
CN1CCN(CCCNc2nc(-c3ccncc3)nc3c2CN(Cc2ccccc2)CC3)CC1,CHEMBL4051,1.0,1.0,0.825,915,False
CN1CCN(CCCOc2ccc(-c3cc4c(ncn4C)c(C#N)n3)cc2C(F)(F)F)CC1,CHEMBL268,1.0,1.0,0.885,2225,False
CN1CCN(CCCOc2ccc(-c3cc4c(ncn4C)c(C#N)n3)cc2C(F)(F)F)CC1,CHEMBL2954,2.0,2.0,0.885,2538,False
CN1CCN(CCCS(=O)(=O)c2ccc3nc(NC(=O)NC(=O)c4cc(N5CCCC5)c(C#N)cc4Cl)sc3c2)CC1,CHEMBL4616,1.0,1.0,0.75,1842,False
CN1CCN(CCCS(=O)(=O)c2ccc3nc(NC(=O)NC(=O)c4cc(N5CCCC5)ccc4Cl)sc3c2)CC1,CHEMBL4616,1.0,1.0,0.878,1842,False
CN1CCN(CCCn2cc(C3=C(Nc4ccccc4)C(=O)NC3=O)c3ccccc32)CC1,CHEMBL3045,1.0,1.0,0.852,728,False
CN1CCN(CCCn2cc(C3=C(Nc4ccccc4)C(=O)NC3=O)c3ccccc32)CC1,CHEMBL299,2.0,2.0,0.852,1146,False
CN1CCN(CCNc2nn(C)c(=O)c3ccccc23)CC1,CHEMBL5500,1.0,1.0,0.829,346,False
CN1CCN(CCOc2cccc(Cn3nc(-c4nc(-c5ccc(OC(F)(F)F)cc5)no4)c4ccccc43)c2)CC1,CHEMBL4261,1.0,1.0,0.831,520,False
CN1CCN(CCc2ccc(Nc3nccc(-c4c[nH]c5ncccc45)n3)cc2)CC1,CHEMBL2041,1.0,1.0,0.857,4396,False
CN1CCN(Cc2cccc(Nc3nc4cccc(-c5ccc(S(C)(=O)=O)cc5)n4n3)c2)CC1,CHEMBL2971,3.0,3.0,0.841,12637,False
CN1CCN(Cc2cccc(Nc3nc4cccc(-c5ccc(S(C)(=O)=O)cc5)n4n3)c2)CC1,CHEMBL2695,2.0,2.0,0.841,2210,False
CN1CCN(Cc2cccc(Nc3nc4cccc(-c5ccc(S(C)(=O)=O)cc5)n4n3)c2)CC1,CHEMBL2148,1.0,1.0,0.841,7416,False
CN1CCN(N/N=C(\S)NCCc2ccc(S(N)(=O)=O)cc2)CC1,CHEMBL261,2.0,2.0,0.667,7567,False
CN1CCN(N/N=C(\S)NCCc2ccc(S(N)(=O)=O)cc2)CC1,CHEMBL205,1.0,1.0,0.667,8715,False
CN1CCN(N/N=C(\S)NCCc2ccc(S(N)(=O)=O)cc2)CC1,CHEMBL3242,3.0,3.0,0.667,4916,False
CN1CCN(S(=O)(=O)CC(=O)Nc2cc(-c3ccc4ncn(CC5CCOCC5)c4c3)c(Cl)cn2)CC1,CHEMBL3116,1.0,1.0,0.773,1776,False
CN1CCN(S(=O)(=O)c2ccc(C(=O)NC3(C(=O)NCC#N)CCCCC3)cc2)CC1,CHEMBL4072,3.0,3.0,0.767,1368,False
CN1CCN(S(=O)(=O)c2ccc(C(=O)NC3(C(=O)NCC#N)CCCCC3)cc2)CC1,CHEMBL3837,1.0,1.0,0.767,2086,False
CN1CCN([C@H]2CC[C@@H](n3cc(-c4ccc(Oc5ccccc5)cc4)c4c(N)ncnc43)CC2)CC1,CHEMBL258,27.0,27.0,1.0,2369,True
CN1CCN([C@H]2CC[C@@H](n3cc(-c4ccc(Oc5ccccc5)cc4)c4c(N)ncnc43)CC2)CC1,CHEMBL267,31.0,31.0,1.0,3981,True
CN1CCN([C@H]2CC[C@@H](n3cc(-c4ccc(Oc5ccccc5)cc4)c4c(N)ncnc43)CC2)CC1,CHEMBL279,19.0,19.0,1.0,10551,True
CN1CCN([C@H]2CC[C@@H](n3cc(-c4ccc(Oc5ccccc5)cc4)c4c(N)ncnc43)CC2)CC1,CHEMBL4128,34.0,34.0,1.0,862,True
CN1CCN([C@H]2CC[C@@H](n3cc(-c4ccc(Oc5ccccc5)cc4)c4c(N)ncnc43)CC2)CC1,CHEMBL2250,40.0,40.0,1.0,472,True
CN1CCN([C@H]2CC[C@@H](n3cc(-c4ccc(Oc5ccccc5)cc4)c4c(N)ncnc43)CC2)CC1,CHEMBL2634,67.0,67.0,1.0,151,True
CN1CCN([C@H]2CC[C@@H](n3cc(-c4ccc(Oc5ccccc5)cc4)c4c(N)ncnc43)CC2)CC1,CHEMBL1841,47.0,47.0,1.0,1222,True
CN1CCN([C@H]2CC[C@@H](n3cc(-c4ccc(Oc5ccccc5)cc4)c4c(N)ncnc43)CC2)CC1,CHEMBL3905,51.0,51.0,1.0,668,True
CN1CCN(c2cc(F)c(-c3ccc(CN4CCOCC4)nc3)cc2NC(=O)c2c[nH]c(=O)cc2C(F)(F)F)CC1,CHEMBL1075317,1.0,1.0,0.797,1687,False
CN1CCN(c2ccc(-c3cc(CN(C)C4COC4)ccc3F)cc2NC(=O)c2c[nH]c(=O)cc2C(F)(F)F)CC1,CHEMBL1075317,1.0,1.0,0.899,1687,False
CN1CCN(c2ccc(-c3cc4ncn(C)c(=O)c4c(NCc4cnn[nH]4)n3)cc2)CC1,CHEMBL2599,1.0,1.0,0.862,5285,False
CN1CCN(c2ccc(CCNC(=O)c3cnc(C#N)nc3NCC(C)(C)C)cc2)CC1,CHEMBL268,1.0,1.0,0.871,2225,False
CN1CCN(c2ccc(CCNC(=O)c3cnc(C#N)nc3NCC(C)(C)C)cc2)CC1,CHEMBL3837,3.0,3.0,0.821,2086,False
CN1CCN(c2ccc(CCNC(=O)c3cnc(C#N)nc3NCC(C)(C)C)cc2)CC1,CHEMBL2954,2.0,2.0,0.821,2538,False
CN1CCN(c2ccc([N+](=O)[O-])cc2NC(=O)c2ccc(F)cc2)CC1,CHEMBL1075317,2.0,2.0,0.667,1687,False
CN1CCN(c2ccc([N+](=O)[O-])cc2NC(=O)c2ccc(F)cc2Cl)CC1,CHEMBL1075317,1.0,1.0,0.717,1687,False
CN1CCN(c2ccc([N+](=O)[O-])cc2NC(=O)c2cccc(Cl)c2)CC1,CHEMBL1075317,1.0,1.0,0.737,1687,False
CN1CCN(c2ccc([N+](=O)[O-])cc2NC(=O)c2ccccc2)CC1,CHEMBL1075317,1.0,1.0,0.741,1687,False
CN1CCN(c2ccc([N+](=O)[O-])cc2NC(=O)c2ccccc2Cl)CC1,CHEMBL1075317,1.0,1.0,0.923,1687,False
CN1CCN(c2ccc3c(c2)oc(=O)n3C(=O)NCCCCc2ccccc2)CC1,CHEMBL5463,1.0,1.0,0.828,171,False
CN1CCN(c2ccc3cc2CCc2ccc(N(C)S(C)(=O)=O)c(c2)Nc2nc(ncc2Cl)N3)CC1,CHEMBL4247,1.0,1.0,0.578,2510,False
CN1CCN(c2ccc3cc2CCc2cccc(c2)Nc2nc(ncc2Cl)N3)CC1,CHEMBL4247,1.0,1.0,0.667,2510,False
CN1CCN(c2ccc3ccn(S(=O)(=O)c4ccccc4)c3c2)CC1,CHEMBL3371,1.0,1.0,0.818,4324,False
CN1CCN(c2ccc3ccn(S(=O)(=O)c4ccccc4)c3c2)CC1,CHEMBL214,3.0,3.0,0.58,5809,False
CN1CCN(c2ccc3ccn(S(=O)(=O)c4ccccc4)c3c2)CC1,CHEMBL217,2.0,2.0,0.58,9217,False
CN1CCNCC(Cc2ccc3ncccc3c2)C1,CHEMBL3117,21.0,1.0,0.491,217,False
CN1CC[C@@]2(CCCc3ccccc3)c3cc(O)ccc3O[C@H]2C1,CHEMBL237,3.0,3.0,0.941,6265,False
CN1CC[C@@]2(CCCc3ccccc3)c3cc(O)ccc3O[C@H]2C1,CHEMBL236,1.0,1.0,0.941,4835,False
CN1CC[C@@]2(CCCc3ccccc3)c3cc(O)ccc3O[C@H]2C1,CHEMBL233,2.0,2.0,0.941,7306,False
CN1CC[C@H](NC(=O)c2cc(NC(=O)c3cc(-c4ccccn4)c(F)cc3Cl)n(-c3ccccc3)n2)C1,CHEMBL2815,1.0,1.0,1.0,4872,True
CN1CC[C@H](NC(=O)c2cc(NC(=O)c3cc(-c4ncccc4F)ccc3Cl)n(-c3ccccc3)n2)C1,CHEMBL2815,1.0,1.0,1.0,4872,True
CN1CC[C@]12CCN(c1cccc(Nc3cnc(-c4ccnc5c4ccn5C)c4c3C(=O)NC4)n1)C2,CHEMBL5749,1.0,1.0,0.776,3184,False
CN1CCc2c(cccc2C(=O)NC2(C)CCN(c3ccc(-c4cc(OCC(C)(C)O)cn5ncc(C#N)c45)cn3)CC2)C1,CHEMBL2041,1.0,1.0,0.8,4396,False
CN1CCc2c(sc(N)c2C(=O)NNc2ccccc2)C1,CHEMBL226,1.0,1.0,0.704,5123,False
CN1CCc2c(sc3nc(-c4ccncc4)nc(NCCN)c23)C1,CHEMBL2598,1.0,1.0,0.714,621,False
CN1CCc2oc(=O)n(C(=O)NCCCCc3ccccc3)c2C1,CHEMBL5463,1.0,1.0,0.768,171,False
CN1Cc2c(Cl)cc(Cl)cc2[C@H](c2cccc(S(=O)(=O)NCCOCCOCCN(C)C(=O)CCC(CCC(=O)N(C)CCOCCOCCNS(=O)(=O)c3cccc([C@@H]4CN(C)Cc5c(Cl)cc(Cl)cc54)c3)(CCC(=O)N(C)CCOCCOCCNS(=O)(=O)c3cccc([C@@H]4CN(C)Cc5c(Cl)cc(Cl)cc54)c3)NC(=O)COCC(=O)O)c2)C1,CHEMBL3273,1.0,1.0,0.791,350,False
CN1Cc2c(Cl)cc(Cl)cc2[C@H](c2cccc(S(=O)(=O)NCCOCCOCCN(C)C(=O)CCC(N)(CCC(=O)N(C)CCOCCOCCNS(=O)(=O)c3cccc([C@@H]4CN(C)Cc5c(Cl)cc(Cl)cc54)c3)CCC(=O)N(C)CCOCCOCCNS(=O)(=O)c3cccc([C@@H]4CN(C)Cc5c(Cl)cc(Cl)cc54)c3)c2)C1,CHEMBL3273,1.0,1.0,0.8,350,False
CN1Cc2c(Cl)cc(Cl)cc2[C@H](c2cccc(S(=O)(=O)NCCOCCOCCNC(=O)CCC(CCC(=O)NCCOCCOCCNS(=O)(=O)c3cccc([C@@H]4CN(C)Cc5c(Cl)cc(Cl)cc54)c3)(CCC(=O)NCCOCCOCCNS(=O)(=O)c3cccc([C@@H]4CN(C)Cc5c(Cl)cc(Cl)cc54)c3)N(C)C)c2)C1,CHEMBL3273,1.0,1.0,1.0,350,True
CN1Cc2c(Cl)cc(Cl)cc2[C@H](c2cccc(S(=O)(=O)NCCOCCOCCNC(=O)CCC(CCC(=O)NCCOCCOCCNS(=O)(=O)c3cccc([C@@H]4CN(C)Cc5c(Cl)cc(Cl)cc54)c3)(CCC(=O)NCCOCCOCCNS(=O)(=O)c3cccc([C@@H]4CN(C)Cc5c(Cl)cc(Cl)cc54)c3)NC(=O)CCC(=O)O)c2)C1,CHEMBL3273,1.0,1.0,0.938,350,False
CN1Cc2c(Cl)cc(Cl)cc2[C@H](c2cccc(S(=O)(=O)NCCOCCOCCNC(=O)CCC(CCC(=O)NCCOCCOCCNS(=O)(=O)c3cccc([C@@H]4CN(C)Cc5c(Cl)cc(Cl)cc54)c3)(CCC(=O)NCCOCCOCCNS(=O)(=O)c3cccc([C@@H]4CN(C)Cc5c(Cl)cc(Cl)cc54)c3)NC(=O)CCCC(=O)O)c2)C1,CHEMBL3273,1.0,1.0,0.871,350,False
CN1Cc2c(Cl)cc(Cl)cc2[C@H](c2cccc(S(=O)(=O)NCCOCCOCCNC(=O)CCC(CCC(=O)NCCOCCOCCNS(=O)(=O)c3cccc([C@@H]4CN(C)Cc5c(Cl)cc(Cl)cc54)c3)(CCC(=O)NCCOCCOCCNS(=O)(=O)c3cccc([C@@H]4CN(C)Cc5c(Cl)cc(Cl)cc54)c3)NC(=O)COCC(=O)O)c2)C1,CHEMBL3273,1.0,1.0,0.881,350,False
CN1Cc2c(Cl)cc(Cl)cc2[C@H](c2cccc(S(=O)(=O)NCCOCCOCCNC(=O)CCC(CCC(=O)NCCOCCOCCNS(=O)(=O)c3cccc([C@@H]4CN(C)Cc5c(Cl)cc(Cl)cc54)c3)(CCC(=O)NCCOCCOCCNS(=O)(=O)c3cccc([C@@H]4CN(C)Cc5c(Cl)cc(Cl)cc54)c3)NC(=O)N(C)C)c2)C1,CHEMBL3273,1.0,1.0,0.854,350,False
CN1Cc2c(Cl)cc(Cl)cc2[C@H](c2cccc(S(=O)(=O)NCCOCCOCCNC(=O)CCC(CCC(=O)NCCOCCOCCNS(=O)(=O)c3cccc([C@@H]4CN(C)Cc5c(Cl)cc(Cl)cc54)c3)(CCC(=O)NCCOCCOCCNS(=O)(=O)c3cccc([C@@H]4CN(C)Cc5c(Cl)cc(Cl)cc54)c3)NC(=O)N(C)C[C@H](O)[C@@H](O)[C@H](O)[C@H](O)CO)c2)C1,CHEMBL3273,1.0,1.0,0.747,350,False
CN1Cc2c(Cl)cc(Cl)cc2[C@H](c2cccc(S(=O)(=O)NCCOCCOCCNC(=O)CCC(CCC(=O)NCCOCCOCCNS(=O)(=O)c3cccc([C@@H]4CN(C)Cc5c(Cl)cc(Cl)cc54)c3)(CCC(=O)NCCOCCOCCNS(=O)(=O)c3cccc([C@@H]4CN(C)Cc5c(Cl)cc(Cl)cc54)c3)NC(=O)NC(CO)(CO)CO)c2)C1,CHEMBL3273,1.0,1.0,0.854,350,False
CN1Cc2c(Cl)cc(Cl)cc2[C@H](c2cccc(S(=O)(=O)NCCOCCOCCNC(=O)CCC(CCC(=O)NCCOCCOCCNS(=O)(=O)c3cccc([C@@H]4CN(C)Cc5c(Cl)cc(Cl)cc54)c3)(CCC(=O)NCCOCCOCCNS(=O)(=O)c3cccc([C@@H]4CN(C)Cc5c(Cl)cc(Cl)cc54)c3)NC(=O)NC(CO)CO)c2)C1,CHEMBL3273,1.0,1.0,0.814,350,False
CN1Cc2c(Cl)cc(Cl)cc2[C@H](c2cccc(S(=O)(=O)NCCOCCOCCNC(=O)CCC(CCC(=O)NCCOCCOCCNS(=O)(=O)c3cccc([C@@H]4CN(C)Cc5c(Cl)cc(Cl)cc54)c3)(CCC(=O)NCCOCCOCCNS(=O)(=O)c3cccc([C@@H]4CN(C)Cc5c(Cl)cc(Cl)cc54)c3)NC(=O)NCC(=O)O)c2)C1,CHEMBL3273,1.0,1.0,0.833,350,False
CN1Cc2c(Cl)cc(Cl)cc2[C@H](c2cccc(S(=O)(=O)NCCOCCOCCNC(=O)CCC(CCC(=O)NCCOCCOCCNS(=O)(=O)c3cccc([C@@H]4CN(C)Cc5c(Cl)cc(Cl)cc54)c3)(CCC(=O)NCCOCCOCCNS(=O)(=O)c3cccc([C@@H]4CN(C)Cc5c(Cl)cc(Cl)cc54)c3)NC(=O)NCCS(=O)(=O)O)c2)C1,CHEMBL3273,1.0,1.0,0.824,350,False
CN1Cc2c(Cl)cc(Cl)cc2[C@H](c2cccc(S(=O)(=O)NCCOCCOCCNC(=O)CCC(CCC(=O)NCCOCCOCCNS(=O)(=O)c3cccc([C@@H]4CN(C)Cc5c(Cl)cc(Cl)cc54)c3)(CCC(=O)NCCOCCOCCNS(=O)(=O)c3cccc([C@@H]4CN(C)Cc5c(Cl)cc(Cl)cc54)c3)NC(=O)NCP(=O)(O)O)c2)C1,CHEMBL3273,1.0,1.0,0.931,350,False
CN1Cc2c(Cl)cc(Cl)cc2[C@H](c2cccc(S(=O)(=O)NCCOCCOCCNC(=O)CCC(CCC(=O)NCCOCCOCCNS(=O)(=O)c3cccc([C@@H]4CN(C)Cc5c(Cl)cc(Cl)cc54)c3)(CCC(=O)NCCOCCOCCNS(=O)(=O)c3cccc([C@@H]4CN(C)Cc5c(Cl)cc(Cl)cc54)c3)NC(=O)NC[C@H](O)[C@@H](O)[C@H](O)[C@H](O)CO)c2)C1,CHEMBL3273,1.0,1.0,0.868,350,False
CN1Cc2c(Cl)cc(Cl)cc2[C@H](c2cccc(S(=O)(=O)NCCOCCOCCNC(=O)CCC(CCC(=O)NCCOCCOCCNS(=O)(=O)c3cccc([C@@H]4CN(C)Cc5c(Cl)cc(Cl)cc54)c3)(CCC(=O)NCCOCCOCCNS(=O)(=O)c3cccc([C@@H]4CN(C)Cc5c(Cl)cc(Cl)cc54)c3)NC(=O)N[C@@H](CC(=O)O)C(=O)O)c2)C1,CHEMBL3273,1.0,1.0,0.885,350,False
CN1Cc2c(Cl)cc(Cl)cc2[C@H](c2cccc(S(=O)(=O)NCCOCCOCCNC(=O)CCC(CCC(=O)NCCOCCOCCNS(=O)(=O)c3cccc([C@@H]4CN(C)Cc5c(Cl)cc(Cl)cc54)c3)(CCC(=O)NCCOCCOCCNS(=O)(=O)c3cccc([C@@H]4CN(C)Cc5c(Cl)cc(Cl)cc54)c3)NC(=O)N[C@@H](CO)C(=O)O)c2)C1,CHEMBL3273,1.0,1.0,0.808,350,False
CN1Cc2c(Cl)cc(Cl)cc2[C@H](c2cccc(S(=O)(=O)NCCOCCOCCNC(=O)CCC(CCC(=O)NCCOCCOCCNS(=O)(=O)c3cccc([C@@H]4CN(C)Cc5c(Cl)cc(Cl)cc54)c3)(CCC(=O)NCCOCCOCCNS(=O)(=O)c3cccc([C@@H]4CN(C)Cc5c(Cl)cc(Cl)cc54)c3)NC(N)=O)c2)C1,CHEMBL3273,1.0,1.0,0.875,350,False
CN1Cc2c(Cl)cc(Cl)cc2[C@H](c2cccc(S(=O)(=O)NCCOCCOCCNC(=O)CCC(CCC(=O)NCCOCCOCCNS(=O)(=O)c3cccc([C@@H]4CN(C)Cc5c(Cl)cc(Cl)cc54)c3)(CCC(=O)NCCOCCOCCNS(=O)(=O)c3cccc([C@@H]4CN(C)Cc5c(Cl)cc(Cl)cc54)c3)NS(C)(=O)=O)c2)C1,CHEMBL3273,1.0,1.0,0.846,350,False
CN1Cc2c(Cl)cc(Cl)cc2[C@H](c2cccc(S(=O)(=O)NCCOCCOCCNC(=O)CCC(N)(CCC(=O)NCCOCCOCCNS(=O)(=O)c3cccc([C@@H]4CN(C)Cc5c(Cl)cc(Cl)cc54)c3)CCC(=O)NCCOCCOCCNS(=O)(=O)c3cccc([C@@H]4CN(C)Cc5c(Cl)cc(Cl)cc54)c3)c2)C1,CHEMBL3273,1.0,1.0,1.0,350,True
CN1Cc2cccc(Oc3nc(Nc4ccc(OC5CCOCC5)cc4)ncc3C(F)(F)F)c2C1=O,CHEMBL2695,1.0,1.0,0.928,2210,False
CN1N=C(c2ccc(/N=C/c3cccc(Cl)c3)cc2)OCC1=O,CHEMBL2039,1.0,1.0,0.517,4794,False
CN1OC2(N=C1N)c1cc(-c3cccc(C#N)c3)ccc1CC21C=CC(c2ccccc2)C1,CHEMBL4822,1.0,1.0,0.657,9994,False
CN1[C@H]2CCC[C@H]1CC(NC(=O)c1nn(C)c3c(O)cccc13)C2,CHEMBL1899,1.0,1.0,0.712,1020,False
CN1[C@H]2CCC[C@H]1CC(NC(=O)c1nn(C)c3cc(O)ccc13)C2,CHEMBL1899,2.0,2.0,0.745,1020,False
CN1[C@H]2CCC[C@H]1CC(NC(=O)c1nn(C)c3ccc(O)cc13)C2,CHEMBL1899,2.0,2.0,0.745,1020,False
CN1[C@H]2CCC[C@H]1CC(NC(=O)c1nn(C)c3cccc(O)c13)C2,CHEMBL1899,1.0,1.0,0.712,1020,False
CN1[C@H]2CC[C@@H]1[C@@H](C(=O)OCCc1ccc(N=[N+]=[N-])c(I)c1)[C@@H](c1ccc(Cl)cc1)C2,CHEMBL238,3.0,3.0,0.635,3420,False
CN1[C@H]2CC[C@@H]1[C@@H](C(=O)OCCc1ccccc1)[C@@H](c1ccc(Cl)c(Cl)c1)C2,CHEMBL238,1.0,1.0,0.825,3420,False
CN=[S@@]1(=O)C[C@@](C)(c2cc(NC(=O)c3ccc(Cl)cn3)ccc2F)N=C(N)N1C,CHEMBL4822,3.0,3.0,0.712,9994,False
CN=[S@@]1(=O)C[C@@](C)(c2cc(NC(=O)c3ccc(Cl)cn3)ccc2F)N=C(N)N1C,CHEMBL2525,2.0,2.0,0.712,2213,False
CN=[S@@]1(=O)C[C@@](C)(c2cc(NC(=O)c3ncc(C#N)cc3C)ccc2F)N=C(N)N1CC(F)(F)F,CHEMBL4822,1.0,1.0,0.787,9994,False
CNC(=O)CN1CCC(c2ccc3[nH]c(-c4cc(C)c(=O)n(C)c4)c(C(C)C)c3n2)CC1,CHEMBL5936,1.0,1.0,0.737,5391,False
CNC(=O)CN1CCC(c2ccc3[nH]c(-c4cc(C)c(=O)n(C)c4)c(C(C)C)c3n2)CC1,CHEMBL5805,2.0,2.0,0.737,4084,False
CNC(=O)CN1CCC(c2ccc3[nH]c(-c4cc(C)c(=O)n(C)c4)c(C(C)C)c3n2)CC1,CHEMBL5804,3.0,3.0,0.737,3644,False
CNC(=O)CN1CCC(c2ccc3[nH]c(-c4cn(C)c(=O)c(C)c4C)c(C(C)C)c3n2)CC1,CHEMBL5936,2.0,2.0,0.733,5391,False
CNC(=O)CN1CCC(c2ccc3[nH]c(-c4cn(C)c(=O)c(C)c4C)c(C(C)C)c3n2)CC1,CHEMBL5805,1.0,1.0,0.733,4084,False
CNC(=O)CN1CCC(c2ccc3[nH]c(-c4cn(C)c(=O)c(C)c4C)c(C(C)C)c3n2)CC1,CHEMBL5804,3.0,3.0,0.733,3644,False
CNC(=O)CN1CCC(c2ccc3[nH]c(-c4cn(C)c(=O)c(Cl)c4C)c(C(C)C)c3n2)CC1,CHEMBL5936,1.0,1.0,0.684,5391,False
CNC(=O)CN1CCC(c2ccc3[nH]c(-c4cn(C)c(=O)c(Cl)c4C)c(C(C)C)c3n2)CC1,CHEMBL5805,2.0,2.0,0.684,4084,False
CNC(=O)CN1CCC(c2ccc3[nH]c(-c4cn(C)c(=O)c(Cl)c4C)c(C(C)C)c3n2)CC1,CHEMBL5804,3.0,3.0,0.684,3644,False
CNC(=O)CNC(=O)CNC(=O)c1cccc(-n2nc(C(C)(C)C)cc2NC(=O)Nc2cccc3ccccc23)c1,CHEMBL260,1.0,1.0,0.622,5079,False
CNC(=O)CNCC1(CO[C@]2(c3ccc(Cl)cc3)c3c(F)cc(C(C)(C)O)cc3C(=O)N2Cc2ccc(Cl)cn2)CC1,CHEMBL5023,1.0,1.0,0.663,4821,False
CNC(=O)COc1cc2cc(Nc3nc(NCc4cccc(S(=O)(=O)F)c4)ncc3Cl)cc(OC)c2n(C)c1=O,CHEMBL4105786,2.0,1.0,0.58,441,False
CNC(=O)COc1cc2cc(Nc3nc(NCc4cccc(S(C)(=O)=O)c4)ncc3Cl)cc(OC)c2n(C)c1=O,CHEMBL4105786,2.0,1.0,0.586,441,False
CNC(=O)C[C@H](NC(=O)[C@@H]1C[C@@H](O)CN1C(=O)[C@@H](NC(C)=O)C(C)(C)C)c1ccc(-c2scnc2C)cc1,CHEMBL3108660,1.0,1.0,0.818,388,False
CNC(=O)Cn1cc(NC(=O)CN2CCN(c3cncc(-c4ccc(Cl)cc4)c3)CC2)cn1,CHEMBL2722,1.0,1.0,0.652,2212,False
CNC(=O)NC(=N)NCc1cn(CCCC(=O)N2CCCCCCCC(=O)OCC2)nn1,CHEMBL3080,265.0,2.0,0.344,194,False
CNC(=O)NC(=O)C(C)(C)[C@@H]1c2ccc(Cl)nc2Oc2c(F)cccc21,CHEMBL2034,1.0,1.0,0.698,3039,False
CNC(=O)NC(CCC(=O)NCCOCCOCCNS(=O)(=O)c1cccc([C@@H]2CN(C)Cc3c(Cl)cc(Cl)cc32)c1)(CCC(=O)NCCOCCOCCNS(=O)(=O)c1cccc([C@@H]2CN(C)Cc3c(Cl)cc(Cl)cc32)c1)CCC(=O)NCCOCCOCCNS(=O)(=O)c1cccc([C@@H]2CN(C)Cc3c(Cl)cc(Cl)cc32)c1,CHEMBL3273,1.0,1.0,0.864,350,False
CNC(=O)Nc1ccc(Nc2nc3ccccc3n2-c2nc(C)nc(N)n2)cc1,CHEMBL2842,2.0,2.0,0.629,4921,False
CNC(=O)Nc1ccc(Nc2nc3ccccc3n2-c2nc(C)nc(N)n2)cc1,CHEMBL4005,3.0,3.0,0.629,7718,False
CNC(=O)Nc1ccc(Nc2nc3ccccc3n2-c2nc(C)nc(N)n2)cc1,CHEMBL3145,1.0,1.0,0.629,2776,False
CNC(=O)Nc1ccc(Nc2nc3ccccc3n2-c2nc(C)nc(N)n2)cc1,CHEMBL3130,4.0,4.0,0.629,7171,False
CNC(=O)Nc1ccc(Nc2nc3ccccc3n2-c2nc(C)nc(N)n2)cc1,CHEMBL3267,5.0,5.0,0.629,3907,False
CNC(=O)[C@H](Cc1ccccc1)NC(=O)[C@H](CC(C)C)[C@H](CSCC(=O)c1ccccc1)C(=O)NO,CHEMBL2940,2.0,1.0,0.911,62,False
CNC(=O)c1cc(F)c(Nc2cc(Nc3ccc4ncsc4c3)ncc2C(=O)NC[C@@H](F)C(C)(C)O)cc1F,CHEMBL3778,1.0,1.0,0.753,7453,False
CNC(=O)c1cc2c(N3CCOCC3)nc(-c3cnc(N)cc3C(F)(F)F)nn2c1,CHEMBL3130,7.0,7.0,0.523,7171,False
CNC(=O)c1cc2c(N3CCOCC3)nc(-c3cnc(N)cc3C(F)(F)F)nn2c1,CHEMBL3145,3.0,3.0,0.523,2776,False
CNC(=O)c1cc2c(N3CCOCC3)nc(-c3cnc(N)cc3C(F)(F)F)nn2c1,CHEMBL3267,6.0,6.0,0.523,3907,False
CNC(=O)c1cc2c(Oc3ccc(-c4ccco4)cc3)cncc2s1,CHEMBL3890,1.0,1.0,0.745,198,False
CNC(=O)c1cc2c(Oc3ccc(-c4ccco4)cc3)cncc2s1,CHEMBL3070,2.0,2.0,0.745,168,False
CNC(=O)c1ccc(Nc2cc(-c3ccc4cc(C#N)cnn34)ncc2C(=O)NCC#N)cc1,CHEMBL1825,2.0,2.0,0.778,1873,False
CNC(=O)c1ccc(Nc2cc(-c3ccc4cc(C#N)cnn34)ncc2C(=O)NC[C@@H](F)C(C)(C)O)cc1,CHEMBL1825,2.0,1.0,0.844,1873,False
CNC(=O)c1ccc(Nc2cc(Nc3ccc4ncsc4c3)ncc2C(=O)NC[C@@H](F)C(C)(C)O)cc1,CHEMBL3778,1.0,1.0,0.822,7453,False
CNC(=O)c1ccc2cc1Nc1nc(ncc1Cl)Nc1ccc(N3CCN(C)CC3)c(c1)CC2,CHEMBL4247,1.0,1.0,0.494,2510,False
CNC(=O)c1ccccc1Nc1cc(Oc2ccc(OC)cc2)ncc1Cl,CHEMBL2637,2.0,2.0,0.61,1597,False
CNC(=O)c1ccccc1Nc1cc(Oc2ccc(OC)cc2)ncc1Cl,CHEMBL2276,1.0,1.0,0.61,1907,False
CNC(=O)c1cnc(NCCc2ccc(O)cc2)nc1Nc1cccc(C)c1,CHEMBL5401,6.0,5.0,0.529,167,False
CNC(=O)c1csc2cc(Oc3ccnc4cc(C5=NCCN5C)sc34)ccc12,CHEMBL279,4.0,4.0,0.383,10551,False
CNC(=O)c1n[nH]c2cc(-c3cc(F)c(O)cc3CC(F)(F)F)nc(NCc3cc(O)ccc3N(C)S(=O)(=O)c3ccccc3)c12,CHEMBL2835,4.0,4.0,0.872,10399,False
CNC(=O)c1n[nH]c2cc(-c3cc(F)c(O)cc3CC(F)(F)F)nc(NCc3cc(O)ccc3N(C)S(=O)(=O)c3ccccc3)c12,CHEMBL2971,3.0,3.0,0.872,12637,False
CNC(=O)c1n[nH]c2cc(-c3cc(F)c(O)cc3CC(F)(F)F)nc(NCc3cc(O)ccc3N(C)S(=O)(=O)c3ccccc3)c12,CHEMBL2148,1.0,1.0,0.872,7416,False
CNC(=O)c1n[nH]c2cc(-c3cc(F)c(O)cc3CC(F)(F)F)nc(NCc3cc(O)ccc3N(C)S(=O)(=O)c3ccccc3)c12,CHEMBL3553,2.0,2.0,0.872,6084,False
CNC(=O)c1n[nH]c2cc(-c3cc(F)c(O)cc3CC(F)(F)F)nc(NCc3ccccc3N(C)S(=O)(=O)c3cccc(O)c3)c12,CHEMBL2835,1.0,1.0,0.849,10399,False
CNC(=O)c1n[nH]c2cc(-c3cc(F)c(O)cc3CC(F)(F)F)nc(NCc3ccccc3N(C)S(=O)(=O)c3cccc(O)c3)c12,CHEMBL2971,4.0,4.0,0.849,12637,False
CNC(=O)c1n[nH]c2cc(-c3cc(F)c(O)cc3CC(F)(F)F)nc(NCc3ccccc3N(C)S(=O)(=O)c3cccc(O)c3)c12,CHEMBL2148,2.0,2.0,0.849,7416,False
CNC(=O)c1n[nH]c2cc(-c3cc(F)c(O)cc3CC(F)(F)F)nc(NCc3ccccc3N(C)S(=O)(=O)c3cccc(O)c3)c12,CHEMBL3553,3.0,3.0,0.849,6084,False
CNC(=O)c1nnc(N2CCN(C(C)c3ccc4nccnc4c3)CC2)s1,CHEMBL5921,1.0,1.0,0.724,707,False
CNC1CC=C(c2cnc(N)c3c(-c4cccc5c(NC(=O)Nc6ccc7c(c6)OCCO7)cccc45)nc(C(C)C)n23)CC1,CHEMBL1163101,1.0,1.0,0.928,653,False
CNC1CCN(c2cc(F)c(-c3cnc(N4CCOCC4)nc3)cc2NC(=O)c2c[nH]c(=O)cc2C(F)(F)F)CC1,CHEMBL1075317,1.0,1.0,0.92,1687,False
CNC1CCN(c2ccc(Nc3ncc4c5ccncc5n(C5CCC5)c4n3)nc2)CC1,CHEMBL2508,2.0,2.0,0.855,838,False
CNC1CCN(c2ccc(Nc3ncc4c5ccncc5n(C5CCC5)c4n3)nc2)CC1,CHEMBL331,1.0,1.0,0.966,1424,False
CNC1CN(c2nc3ncc(Br)cc3c3ccnn23)C1,CHEMBL3759,1.0,1.0,0.508,1524,False
CNCC(=O)N[C@@H](CCCN=C(N)N)C(=O)N1C[C@H]2C[C@H]1C(=O)N[C@@H](Cc1ccc(O)cc1)C(=O)N[C@H](C(=O)N[C@@H](Cc1c[nH]cn1)C(=O)N1CCC[C@H]1C(=O)N[C@@H](Cc1ccccc1)C(=O)O)CCSS2,CHEMBL4607,1.0,1.0,1.0,787,True
CNCC(O)CN1CCC(Cc2ccccc2)CC1,CHEMBL5406,2.0,2.0,0.581,345,False
CNCC(O)CN1CCC(Cc2ccccc2)CC1,CHEMBL1275221,15.0,5.0,0.543,182,False
CNCCCOc1ccc(-c2ccc(Cl)c(NC(=O)c3coc(N)n3)c2)cn1,CHEMBL5922,1.0,1.0,0.632,41,False
CNCCN1CCC(C(O)c2ccccc2)CC1,CHEMBL5406,3.0,3.0,0.585,345,False
CNCCN1CCC(C(O)c2ccccc2)CC1,CHEMBL1275221,7.0,4.0,0.585,182,False
CNCCN1CCC(Cc2ccccc2)CC1,CHEMBL5406,1.0,1.0,0.833,345,False
CNCCN1CCC(Cc2ccccc2)CC1,CHEMBL1275221,2.0,2.0,0.833,182,False
CNCCOc1ccc(C2=C(c3ccccc3)CCCc3cc(O)ccc32)cc1,CHEMBL206,1.0,1.0,0.514,4427,False
CNCCOc1ccc2c(c1)CCCC(c1ccccc1)=C2c1ccc(O)cc1,CHEMBL206,2.0,3.0,0.473,4427,False
CNCC[C@@H](OCc1cccc(N2CCN(C)c3nc(N(C)Cc4cccnc4)ncc3C2=O)c1)c1ccccc1,CHEMBL1919,2.0,2.0,0.841,625,False
CNCC[C@@H](OCc1cccc(N2CCN(C)c3nc(N(C)Cc4cccnc4)ncc3C2=O)c1)c1ccccc1,CHEMBL222,1.0,1.0,0.841,3692,False
CNC[C@@H]1OC(C2CCCCC2)Cc2c1ccc(O)c2O,CHEMBL2056,1.0,1.0,0.766,1513,False
CNS(=O)(=O)CC1CCC(N(C)c2c(C#N)cnc3[nH]ccc23)CC1,CHEMBL2835,2.0,2.0,0.6,10399,False
CNS(=O)(=O)CC1CCC(N(C)c2c(C#N)cnc3[nH]ccc23)CC1,CHEMBL2148,4.0,4.0,0.513,7416,False
CNS(=O)(=O)CC1CCC(N(C)c2c(C#N)cnc3[nH]ccc23)CC1,CHEMBL3553,1.0,1.0,0.6,6084,False
CNS(=O)(=O)C[C@H]1CC[C@H](N(C)c2c(C#N)cnc3[nH]ccc23)CC1,CHEMBL2835,2.0,2.0,0.6,10399,False
CNS(=O)(=O)C[C@H]1CC[C@H](N(C)c2c(C#N)cnc3[nH]ccc23)CC1,CHEMBL2971,3.0,3.0,0.513,12637,False
CNS(=O)(=O)C[C@H]1CC[C@H](N(C)c2c(C#N)cnc3[nH]ccc23)CC1,CHEMBL3553,1.0,1.0,0.6,6084,False
CNS(=O)(=O)C[C@H]1CC[C@H](N(C)c2c([N+](=O)[O-])cnc3[nH]ccc23)CC1,CHEMBL2835,2.0,2.0,0.667,10399,False
CNS(=O)(=O)C[C@H]1CC[C@H](N(C)c2c([N+](=O)[O-])cnc3[nH]ccc23)CC1,CHEMBL2971,4.0,4.0,0.667,12637,False
CNS(=O)(=O)C[C@H]1CC[C@H](N(C)c2c([N+](=O)[O-])cnc3[nH]ccc23)CC1,CHEMBL3553,3.0,3.0,0.667,6084,False
CNS(=O)(=O)Nc1cccc(Cn2cnc3c(F)c(Nc4ccc(C5CC5)cc4F)c(C(=O)NOCCO)cc32)c1,CHEMBL3587,1.0,1.0,0.656,1086,False
CNS(=O)(=O)Nc1cccc(Cn2cnc3c(F)c(Nc4ccc(C5CC5)cc4F)c(C(=O)NOCCO)cc32)c1,CHEMBL5145,2.0,2.0,0.656,5743,False
CNS(=O)(=O)Nc1cccc(Cn2cnc3c(F)c(Nc4ccc(C5CC5)cc4F)c(C(=O)NOCCO)cc32)c1F,CHEMBL3587,1.0,1.0,0.812,1086,False
CNS(=O)(=O)Nc1cccc(Cn2cnc3c(F)c(Nc4ccc(C5CC5)cc4F)c(C(=O)NOCCO)cc32)c1F,CHEMBL5145,2.0,2.0,0.812,5743,False
CNS(=O)(=O)c1ccc(CC(=O)Nc2nc(-c3cc(Cl)ccc3Cl)cs2)cc1,CHEMBL1741186,1.0,1.0,0.569,10748,False
CNS(=O)(=O)c1ccc2nc(-c3ccc(Cl)cc3)c(CN3CCN(C(C)=O)CC3)n2c1,CHEMBL5873,2.0,1.0,0.762,112,False
CNS(=O)(=O)c1ccc2ncnc(N3CCN(C(=O)[C@H](N)Cc4ccc(Cl)cc4)CC3)c2c1,CHEMBL4282,1.0,1.0,0.681,3688,False
CN[C@@H](C)C(=O)N[C@H](C(=O)N1CCC[C@H]1C(=O)N[C@@H](Cc1ccccc1)C(N)=O)C1CCCCC1,CHEMBL4198,2.0,2.0,0.781,1854,False
CN[C@@H](C)C(=O)N[C@H](C(=O)N1CC[C@H]2CC[C@H](NC(=O)c3cccc4cccnc34)[C@H]21)C(C)(C)C,CHEMBL4198,2.0,2.0,0.771,1854,False
CN[C@@H](C)C(=O)N[C@H](C(=O)N1C[C@@H](NC(=O)c2ccc(C(=O)Nc3ccc4c(c3)CN(C(=O)[C@@H](NC(=O)[C@H](C)NC)C(C)(C)SCC(=O)NCCCN(CCCN(CCCCN(CCCNC(=N)N)C(=N)N)C(=N)N)C(=N)N)[C@H](C(=O)N[C@@H]3CCCc5ccccc53)C4)cc2)C[C@H]1C(=O)N[C@@H]1CCCc2ccccc21)C(C)(C)C,CHEMBL4198,2.0,2.0,0.636,1854,False
CN[C@@H](C)C(=O)N[C@H](C(=O)N1C[C@@H](NC(=O)c2ccc(C(=O)Nc3ccc4c(c3)CN(C(=O)[C@@H](NC(=O)[C@H](C)NC)C(C)(C)SCC(=O)NCCCN(CCCNCCCCNCCCN)C(=N)N)[C@H](C(=O)N[C@@H]3CCCc5ccccc53)C4)cc2)C[C@H]1C(=O)N[C@@H]1CCCc2ccccc21)C(C)(C)C,CHEMBL4198,2.0,2.0,0.621,1854,False
CN[C@@H](C)C(=O)N[C@H](C(=O)N1C[C@@H](NC(=O)c2ccc(C(=O)Nc3ccc4c(c3)CN(C(=O)[C@@H](NC(=O)[C@H](C)NC)C(C)(C)SCC(=O)NCCCNCCCCNCCCN)[C@H](C(=O)N[C@@H]3CCCc5ccccc53)C4)cc2)C[C@H]1C(=O)N[C@@H]1CCCc2ccccc21)C(C)(C)C,CHEMBL4198,2.0,2.0,0.675,1854,False
CN[C@@H](C)C(=O)N[C@H](C(=O)N1C[C@@H](NC(=O)c2ccc(C(=O)Nc3ccc4c(c3)CN(C(=O)[C@@H](NC(=O)[C@H](C)NC)C(C)(C)SCC(=O)NCCCNCCCNCCCCNCCCN)[C@H](C(=O)N[C@@H]3CCCc5ccccc53)C4)cc2)C[C@H]1C(=O)N[C@@H]1CCCc2ccccc21)C(C)(C)C,CHEMBL4198,2.0,2.0,0.675,1854,False
CN[C@@H](C)C(=O)N[C@H](C(=O)N1Cc2cc(NC(=O)c3ccc(C(=O)N[C@H]4C[C@@H](C(=O)N[C@@H]5CCCc6ccccc65)N(C(=O)[C@@H](NC(=O)[C@H](C)NC)C(C)(C)C)C4)cc3)ccc2C[C@H]1C(=O)N[C@@H]1CCCc2ccccc21)C(C)(C)C,CHEMBL4198,2.0,2.0,0.835,1854,False
CN[C@@H](C)C(=O)N[C@H](C(=O)N1Cc2cc(NC(=O)c3ccc(C(=O)N[C@H]4C[C@@H](C(=O)N[C@@H]5CCCc6ccccc65)N(C(=O)[C@@H](NC(=O)[C@H](C)NC)C(C)(C)C)C4)cc3)ccc2C[C@H]1C(=O)N[C@@H]1CCCc2ccccc21)C(C)(C)C,CHEMBL5462,1.0,1.0,0.882,664,False
CN[C@@H](C)C(=O)N[C@H](C(=O)N[C@H]1CCN(C(=O)Cc2ccccc2)C1)C1CCCCC1,CHEMBL5462,1.0,1.0,0.911,664,False
CN[C@@H](C)C(=O)N[C@H]1CCCC[C@H]2CC[C@@H](C(=O)N[C@@H](c3ccccc3)c3cn(CCCCCOCCCCCn4cc([C@@H](NC(=O)[C@@H]5CC[C@@H]6CCCC[C@H](NC(=O)[C@H](C)NC)C(=O)N65)c5ccccc5)nn4)nn3)N2C1=O,CHEMBL4198,2.0,2.0,0.945,1854,False
CN[C@@H](C)C(=O)N[C@H]1CCCC[C@H]2CC[C@@H](C(=O)N[C@@H](c3ccccc3)c3cn(CCCCCOCCCCCn4cc([C@@H](NC(=O)[C@@H]5CC[C@@H]6CCCC[C@H](NC(=O)[C@H](C)NC)C(=O)N65)c5ccccc5)nn4)nn3)N2C1=O,CHEMBL5462,1.0,1.0,0.945,664,False
CN[C@@H](C)C(=O)N[C@H]1CCCC[C@H]2CC[C@@H](C(=O)N[C@@H](c3ccccc3)c3cn(CCCCCOCCCCCn4cc([C@@H](NC(=O)[C@@H]5CC[C@@H]6CCCC[C@H](NC(=O)[C@H](C)NC)C(=O)N65)c5ccccc5)nn4)nn3)N2C1=O,CHEMBL5335,3.0,3.0,0.945,157,False
CN[C@@H](C)C(=O)N[C@H]1CCc2ccccc2N(Cc2cccc3c(C4CC4)cccc23)C1=O,CHEMBL4198,1.0,1.0,0.947,1854,False
CN[C@@H](C)C(=O)N[C@H]1CCc2ccccc2N(Cc2cnco2)C1=O,CHEMBL4198,1.0,1.0,0.723,1854,False
CN[C@H]1CC[C@H](Nc2c(C(=O)C3CC3)cnc3ccc(-c4cnc(C#N)nc4)cc23)CC1,CHEMBL4578,1.0,1.0,0.694,1072,False
CNc1cc(-c2cccnc2Oc2ccc(Nc3nc4ccc(F)c(F)c4[nH]3)cc2)ccn1,CHEMBL4409,2.0,2.0,0.479,5483,False
CNc1cc(C(=O)N2CCCCC(c3ccc(Cl)cc3)C2)cnn1,CHEMBL5649,1.0,1.0,0.745,308,False
CNc1cc(C(=O)N2CCCCC(c3ccc(OC)cc3)C2)cnn1,CHEMBL5649,1.0,1.0,0.754,308,False
CNc1cc(CC2CCN(c3ccc4ncnc(N)c4n3)C2)ncn1,CHEMBL6166,1.0,1.0,0.672,1276,False
CNc1cc(Nc2cc(Cl)cnc2OC2CCC2)nc2c(C(N)=O)cnn12,CHEMBL3553,1.0,1.0,0.806,6084,False
CNc1cc(Nc2cc(Cl)cnc2O[C@H]2C[C@@H](OC)C2)nc2c(C(N)=O)cnn12,CHEMBL3553,1.0,1.0,0.757,6084,False
CNc1cc(Nc2cc(Cl)cnc2O[C@H]2C[C@H](OC)C2)nc2c(C(N)=O)cnn12,CHEMBL3553,1.0,1.0,0.757,6084,False
CNc1cc2c(cn1)c(-c1cnn(C)c1)nn2C1CCC(Oc2ccn(C)c(=O)c2)CC1,CHEMBL4895,2.0,2.0,0.806,2888,False
CNc1cc2c(cn1)c(-c1cnn(C)c1)nn2C1CCC(Oc2ccn(C)c(=O)c2)CC1,CHEMBL5331,3.0,3.0,0.806,2333,False
CNc1ccc(-c2c[nH]c3cc(F)ccc23)cn1,CHEMBL2140,1.0,1.0,0.653,983,False
CNc1ccc(-c2cc(C(F)(F)F)c3c(N)ncnn23)cc1C(=O)NC1CN(C(=O)C2CC(F)(F)C2)C[C@@H]1F,CHEMBL5464,1.0,1.0,0.846,3943,False
CNc1ccc(-c2cnc(Nc3ncc(C4CC4)cn3)cc2C)c2c1C(=O)NC2,CHEMBL1844,1.0,1.0,0.845,2620,False
CNc1ccc(C(=O)Nc2ccc(-c3ccccc3S(N)(=O)=O)cc2)c(Oc2cccc(C(=N)N)c2)c1,CHEMBL244,3.0,3.0,0.647,5906,False
CNc1ccc2ncnc(N3CCN(C(=O)[C@H](N)Cc4ccc(Cl)cc4)CC3)c2c1,CHEMBL4282,1.0,1.0,0.723,3688,False
CNc1cccc(CNCC2(F)CCN(C(=O)c3ccc(Cl)c(Cl)c3)CC2)n1,CHEMBL214,1.0,1.0,0.734,5809,False
CNc1cccc(CNCC2(F)CCN(C(=O)c3ccc(F)c(Cl)c3)CC2)n1,CHEMBL214,1.0,1.0,0.742,5809,False
CNc1cccc(CNCC2CCN(C(=O)c3ccc(Cl)c(Cl)c3)CC2)n1,CHEMBL214,1.0,1.0,0.721,5809,False
CNc1cnc2c(c1)ncn2Cc1cc(OC)c2c(c1)OCC(c1ccc(OC(F)F)cc1)O2,CHEMBL1844,1.0,1.0,0.767,2620,False
CNc1nc(CNCC2(F)CCN(C(=O)c3ccc(F)c(Cl)c3)CC2)ccc1C,CHEMBL214,1.0,1.0,0.761,5809,False
CNc1nc2c(c(-c3ccc4oc(N)nc4c3)nn2C(C)C)c(=O)[nH]1,CHEMBL2842,2.0,2.0,0.639,4921,False
CNc1ncc(-c2ccccc2-c2ccc(-c3cnc(N)cn3)c(F)c2)cn1,CHEMBL5027,1.0,1.0,0.762,1419,False
CNc1ncc(-c2ccnc(Nc3cnc4ccccc4c3)n2)c(CC2CC2)n1,CHEMBL1075165,1.0,1.0,0.764,686,False
CNc1ncc(C(=O)NCc2ccc(-c3ccccc3)cc2)c2nc(-c3ccco3)nn12,CHEMBL251,3.0,3.0,0.897,6698,False
CNc1ncc(C(=O)NCc2ccc(-c3ccccc3)cc2)c2nc(-c3ccco3)nn12,CHEMBL256,2.0,2.0,0.897,4904,False
CNc1ncc2cc(-c3ccc(-n4cccc(C)c4=O)cc3Cl)c(=O)n(CC(F)(F)CN)c2n1,CHEMBL4600,1.0,1.0,0.688,447,False
CNc1ncc2cc(-c3ccc(-n4cccc(C)c4=O)cc3Cl)c(=O)n(CCCN)c2n1,CHEMBL4600,1.0,1.0,0.794,447,False
CNc1ncc2cc(-c3ccc(-n4cccc(C)c4=O)cc3Cl)c(=O)n(CCO)c2n1,CHEMBL4600,1.0,1.0,0.75,447,False
CNc1ncc2cc(-c3ccc(-n4cccc(C)c4=O)cc3Cl)c(=O)n(CCOC)c2n1,CHEMBL4600,1.0,1.0,0.794,447,False
CNc1ncc2cc(-c3ccc(-n4ccccc4=O)cc3Cl)c(=O)n(CCCN)c2n1,CHEMBL4600,1.0,1.0,0.788,447,False
CNc1nccc(-c2c[nH]c(=O)c(N)c2)n1,CHEMBL3983,2.0,2.0,0.696,1368,False
CNc1nccc(-c2c[nH]c(=O)c(N)c2)n1,CHEMBL4722,1.0,1.0,0.696,3456,False
CNc1nccn1Cc1csc(C(=O)Nc2c(OC)cc(Cl)cc2C(=O)Nc2ccc(Cl)cn2)c1Cl,CHEMBL204,3.0,3.0,0.743,5517,False
CNc1nccn1Cc1csc(C(=O)Nc2c(OC)cc(Cl)cc2C(=O)Nc2ccc(Cl)cn2)c1Cl,CHEMBL2000,2.0,2.0,0.743,3740,False
CNc1ncnc(-n2c(Nc3cccc(O)c3)nc3ccccc32)n1,CHEMBL2842,1.0,1.0,0.82,4921,False
CNc1ncnc(-n2c(Nc3cccc(O)c3)nc3ccccc32)n1,CHEMBL4005,2.0,2.0,0.82,7718,False
CO/C(O)=C1\C(C)=NC(C)=C(C(=O)OCCN(C)Cc2ccccc2)C1c1ccccc1[N+](=O)[O-],CHEMBL256,2.0,5.0,0.5,4904,False
CO/N=C(\COCc1cc(C(F)(F)F)cc(C(F)(F)F)c1)C(CCN1CCC(CN2CCCC2=O)CC1)c1ccc(Cl)c(Cl)c1,CHEMBL249,2.0,2.0,0.96,2543,False
CO/N=C(\COCc1cc(C(F)(F)F)cc(C(F)(F)F)c1)C(CCN1CCC(CN2CCCC2=O)CC1)c1ccc(Cl)c(Cl)c1,CHEMBL2327,1.0,1.0,0.96,946,False
CO/N=C(\COCc1ccccn1)C(CCN1CCC(O)(c2ccccc2)CC1)c1ccc(Cl)c(Cl)c1,CHEMBL249,2.0,2.0,0.778,2543,False
CO/N=C(\COCc1ccccn1)C(CCN1CCC(O)(c2ccccc2)CC1)c1ccc(Cl)c(Cl)c1,CHEMBL2327,1.0,1.0,0.8,946,False
CO/N=C1/C[C@@H](C(=O)NC[C@@H](O)c2ccccc2)N(C(=O)c2ccc(-c3ccccc3C)cc2)C1,CHEMBL2049,1.0,1.0,0.621,980,False
CO/N=C1/C[C@@H](C(=O)NC[C@@H](O)c2ccccc2)N(C(=O)c2ccc(-c3ccccc3C)cc2)C1,CHEMBL1889,2.0,2.0,0.621,1561,False
CO/N=C1\C[C@@H](C(=O)NCC(O)c2ccccc2)N(C(=O)c2ccc(-c3ccccc3)cc2)C1,CHEMBL2049,2.0,2.0,0.485,980,False
CO/N=C1\C[C@H]2Oc3c(Br)c(OCC4CC4)cc4c3[C@@]2(C[C@@H](CO)NC4)[C@H](SCc2ccc(OC)cc2)C1,CHEMBL6088,1.0,1.0,0.851,21,False
COC(=O)/C=C/CC[C@H](NC(=O)c1cc([N+](=O)[O-])ccc1C(=O)O)C(=O)N[C@H](C(=O)N1C[C@H](Oc2ccccc2)C[C@H]1C(=O)N[C@H](C(=O)N[C@H](C(N)=O)C1CCCCC1)C1CCCCC1)C(C)(C)C,CHEMBL4530,1.0,1.0,1.0,179,True
COC(=O)/C=C/CC[C@H](NC(=O)c1cc([N+](=O)[O-])ccc1C(=O)O)C(=O)N[C@H](C(=O)N1C[C@H](Oc2ccccc2)C[C@H]1C(=O)N[C@H](C(=O)N[C@H](C(N)=O)C1CCCCC1)C1CCCCC1)C(C)(C)C,CHEMBL2730,2.0,2.0,1.0,581,True
COC(=O)C(c1ccc(Cl)c(Cl)c1)C1CCNCC1,CHEMBL238,1.0,1.0,0.78,3420,False
COC(=O)C(c1ccc(Cl)c(Cl)c1)C1CCNCC1,CHEMBL222,2.0,2.0,0.646,3692,False
COC(=O)C(c1ccc(Cl)c(Cl)c1)C1CCNCC1,CHEMBL228,3.0,3.0,0.646,5328,False
COC(=O)C1=C(C)N=C(C)/C(=C(/O)OC)C1c1cccc(N/C(S)=N/CCCN2CCN(C3CCCCC3)CC2)c1,CHEMBL4777,1.0,1.0,0.765,965,False
COC(=O)C1=C(C)NC(C)=C(C(=O)NCCN2CCC(c3ccccc3)(c3ccccc3)CC2)C1c1ccc([N+](=O)[O-])cc1,CHEMBL229,2.0,2.0,0.906,1882,False
COC(=O)C1C(C(=O)O)C2CC[C@H]1O2,CHEMBL4438,213.0,29.0,0.265,23,True
COC(=O)CC(CCc1ccc(NS(=O)(=O)c2ccccc2)cc1)c1cccc(C(=N)N)c1,CHEMBL244,3.0,3.0,0.8,5906,False
COC(=O)CC(CCc1ccc(NS(=O)(=O)c2ccccc2)cc1)c1cccc(C(=N)N)c1,CHEMBL204,2.0,2.0,0.8,5517,False
COC(=O)CC(CCc1ccc(NS(=O)(=O)c2ccccc2)cc1)c1cccc(C(=N)N)c1,CHEMBL209,1.0,1.0,0.8,1336,False
COC(=O)CCC(=O)N1CCCC12CCN(c1ncnc3[nH]ccc13)C2,CHEMBL2148,1.0,1.0,0.787,7416,False
COC(=O)CCCCC[C@H](NC(=O)Cc1c(C)[nH]c2ccc(OC)cc12)C(=O)NCCc1c(-c2ccccc2)[nH]c2ccccc12,CHEMBL325,1.0,1.0,0.697,8231,False
COC(=O)C[C@@H]1COc2cc(O[C@@H]3CCc4c(Oc5ccc(C6CCOCC6)cc5)ccc(F)c43)ccc21,CHEMBL4422,1.0,1.0,0.806,2348,False
COC(=O)Cc1ccc(-c2nnc(-c3cc(Cl)c([C@]4(C)CS(=O)(=O)N(C)C(=N)N4)s3)o2)cc1,CHEMBL4822,2.0,2.0,0.718,9994,False
COC(=O)Cc1ccc(-c2nnc(-c3cc(Cl)c([C@]4(C)CS(=O)(=O)N(C)C(=N)N4)s3)o2)cc1,CHEMBL2525,1.0,1.0,0.718,2213,False
COC(=O)Cn1cc(CN2CCN(C)CC2)c2ccc(NC(=S)NCCc3c[nH]c4ccccc34)cc21,CHEMBL4105786,1.0,1.0,0.808,441,False
COC(=O)Cn1nnc(-c2cc(C(C)C)c(O)cc2O)c1-c1ccc2c(c1)OCCO2,CHEMBL3880,1.0,1.0,0.75,1708,False
COC(=O)Cn1nnc(-c2cc(C(C)C)c(O)cc2O)c1-c1ccc2c(c1)OCCO2,CHEMBL1075132,3.0,3.0,0.681,146,False
COC(=O)Cn1nnc(-c2cc(C(C)C)c(O)cc2O)c1-c1ccc2c(c1)OCCO2,CHEMBL1075323,2.0,2.0,0.681,249,False
COC(=O)N(CC(=O)O)Cc1cccc(OCc2csc(-c3ccc(C(F)(F)F)cc3)n2)c1,CHEMBL239,2.0,2.0,0.729,2834,False
COC(=O)N(CC(=O)O)Cc1cccc(OCc2csc(-c3ccc(C(F)(F)F)cc3)n2)c1,CHEMBL235,1.0,1.0,0.729,4321,False
COC(=O)N(CC(=O)O)Cc1cccc(OCc2csc(-c3ccc(C)cc3)n2)c1,CHEMBL239,1.0,1.0,0.712,2834,False
COC(=O)N(CC(=O)O)Cc1cccc(OCc2csc(-c3ccc(C)cc3)n2)c1,CHEMBL235,2.0,2.0,0.712,4321,False
COC(=O)N(CC(=O)O)Cc1cccc(OCc2csc(-c3ccc(Cl)cc3)n2)c1,CHEMBL239,1.0,1.0,0.716,2834,False
COC(=O)N(CC(=O)O)Cc1cccc(OCc2csc(-c3ccc(Cl)cc3)n2)c1,CHEMBL235,2.0,2.0,0.716,4321,False
COC(=O)N(CC(=O)O)Cc1cccc(OCc2csc(-c3cccc(Cl)c3)n2)c1,CHEMBL239,2.0,2.0,0.625,2834,False
COC(=O)N(CC(=O)O)Cc1cccc(OCc2csc(-c3cccc(Cl)c3)n2)c1,CHEMBL235,1.0,1.0,0.625,4321,False
COC(=O)N(CC(=O)O)Cc1cccc(OCc2csc(-c3ccccc3)n2)c1,CHEMBL239,1.0,1.0,0.698,2834,False
COC(=O)N(CC(=O)O)Cc1cccc(OCc2csc(-c3ccccc3Cl)n2)c1,CHEMBL235,2.0,2.0,0.589,4321,False
COC(=O)N(CC1CCCCC1)C1CCN(CC[C@H](CN(C)S(=O)(=O)c2ccccc2)c2ccccc2)CC1,CHEMBL274,1.0,1.0,0.984,2287,False
COC(=O)N1CCCC12CCN(c1ncnc3[nH]ccc13)C2,CHEMBL2148,1.0,1.0,0.778,7416,False
COC(=O)NC(C)(C)c1ccc(Nc2cc(-c3ccc4cc(C#N)cnn34)ncc2C(=O)NC[C@@H](F)C(C)(C)O)cc1,CHEMBL1825,2.0,1.0,0.795,1873,False
COC(=O)NC(C)(C)c1ccc(Nc2cc(-c3ccc4cc(C#N)cnn34)ncc2C(=O)NC[C@@H](F)C(C)(C)O)cc1,CHEMBL3778,1.0,2.0,0.785,7453,False
COC(=O)NCc1ccc(Nc2cc(-c3ccc4cc(C#N)cnn34)ncc2C(=O)NC[C@@H](F)C(C)(C)O)cc1,CHEMBL1825,1.0,1.0,0.829,1873,False
COC(=O)NCc1ccc(Nc2cc(-c3ccc4cc(C#N)cnn34)ncc2C(=O)NC[C@@H](F)C(C)(C)O)cc1F,CHEMBL1825,2.0,1.0,0.759,1873,False
COC(=O)NS(=O)(=O)c1sc(CC(C)C)nc1-c1ccc(Cn2ccnc2-c2nccs2)cc1,CHEMBL4607,1.0,1.0,0.746,787,False
COC(=O)Nc1ccc(C(=O)N[C@@H](Cc2ccccc2)C(=O)N2CC[C@@]3(C2)OC(=O)Nc2ccc(C)cc23)cc1,CHEMBL2820,1.0,1.0,1.0,3003,True
COC(=O)Nc1ccc2c(c1)NC(=O)C/C=C\CC(NC(=O)c1cccc3ccccc13)c1nc-2c[nH]1,CHEMBL2820,1.0,1.0,0.763,3003,False
COC(=O)Nc1ccc2c(c1)NC(=O)CCCCC(c1ccc(-c3c(F)ccc(Cl)c3F)cn1)c1cc-2ncn1,CHEMBL2820,1.0,1.0,0.859,3003,False
COC(=O)Nc1nc2cc(C3(O)c4ccccc4C(=O)N3Cc3ccccn3)ccc2[nH]1,CHEMBL1906,1.0,1.0,0.794,2781,False
COC(=O)Nc1nc2cc(C3(O)c4ccccc4C(=O)N3Cc3ccccn3)ccc2[nH]1,CHEMBL5145,2.0,2.0,0.775,5743,False
COC(=O)Nc1nnc(CCCCc2nnc(NC(=O)Cc3ccccc3)s2)s1,CHEMBL2146302,1.0,1.0,0.833,1424,False
COC(=O)[C@@H]1CCC[C@H](NC(=O)[C@@H]2C[C@H]3C[C@H]3N2C(=O)Cn2nc(C(C)=O)c3cccnc32)C1,CHEMBL2176771,1.0,1.0,0.912,1730,False
COC(=O)[C@H](CCCCNC(=O)c1ccccc1)NC(=O)CN1C(=O)CC[C@H](NC(=O)c2cc(OC)c(OC)c(OC)c2)C1=O,CHEMBL333,1.0,1.0,0.743,3911,False
COC(=O)[C@H](Cc1cn(C(c2ccccc2)(c2ccccc2)c2ccccc2)cn1)NCc1ccc(Br)nc1,CHEMBL4462,1.0,1.0,0.789,939,False
COC(=O)[C@H]1O[C@@H](n2cc(CNC(=O)c3ccc(S(N)(=O)=O)cc3)nn2)[C@H](O)[C@@H](O)[C@@H]1O,CHEMBL261,3.0,3.0,0.766,7567,False
COC(=O)[C@H]1O[C@@H](n2cc(CNC(=O)c3ccc(S(N)(=O)=O)cc3)nn2)[C@H](O)[C@@H](O)[C@@H]1O,CHEMBL205,4.0,4.0,0.766,8715,False
COC(=O)[C@H]1O[C@@H](n2cc(CNC(=O)c3ccc(S(N)(=O)=O)cc3)nn2)[C@H](O)[C@@H](O)[C@@H]1O,CHEMBL3594,2.0,2.0,0.766,6139,False
COC(=O)[C@H]1O[C@@H](n2cc(CNC(=O)c3ccc(S(N)(=O)=O)cc3)nn2)[C@H](O)[C@@H](O)[C@@H]1O,CHEMBL3242,1.0,1.0,0.766,4916,False
COC(=O)[C@H]1O[C@@H](n2cc(CNC(=O)c3ccc(S(N)(=O)=O)cc3)nn2)[C@H](O)[C@@H](O)[C@@H]1O,CHEMBL3510,5.0,5.0,0.766,746,False
COC(=O)[C@H]1O[C@@H](n2cc(CNC(=O)c3ccc(S(N)(=O)=O)cc3)nn2)[C@H](OC(C)=O)[C@@H](OC(C)=O)[C@@H]1OC(C)=O,CHEMBL261,5.0,5.0,0.779,7567,False
COC(=O)[C@H]1O[C@@H](n2cc(CNC(=O)c3ccc(S(N)(=O)=O)cc3)nn2)[C@H](OC(C)=O)[C@@H](OC(C)=O)[C@@H]1OC(C)=O,CHEMBL205,3.0,3.0,0.779,8715,False
COC(=O)[C@H]1O[C@@H](n2cc(CNC(=O)c3ccc(S(N)(=O)=O)cc3)nn2)[C@H](OC(C)=O)[C@@H](OC(C)=O)[C@@H]1OC(C)=O,CHEMBL3594,4.0,4.0,0.779,6139,False
COC(=O)[C@H]1O[C@@H](n2cc(CNC(=O)c3ccc(S(N)(=O)=O)cc3)nn2)[C@H](OC(C)=O)[C@@H](OC(C)=O)[C@@H]1OC(C)=O,CHEMBL3242,2.0,2.0,0.779,4916,False
COC(=O)[C@H]1O[C@@H](n2cc(CNC(=O)c3ccc(S(N)(=O)=O)cc3)nn2)[C@H](OC(C)=O)[C@@H](OC(C)=O)[C@@H]1OC(C)=O,CHEMBL3510,1.0,1.0,0.779,746,False
COC(=O)c1c(C)nc(NNC(=O)c2cccc3c(=O)c4ccccc4[nH]c23)nc1-c1ccc(C)cc1,CHEMBL4282,1.0,1.0,0.613,3688,False
COC(=O)c1c(C)nc(NNC(=O)c2cccc3c(=O)c4ccccc4[nH]c23)nc1-c1ccc(F)cc1,CHEMBL4282,1.0,1.0,0.597,3688,False
COC(=O)c1c(C)nc(NNC(=O)c2cccc3c(=O)c4ccccc4[nH]c23)nc1-c1ccc(OC)c(OC)c1,CHEMBL4282,1.0,1.0,0.575,3688,False
COC(=O)c1c(C)nc(NNC(=O)c2cccc3c(=O)c4ccccc4[nH]c23)nc1-c1ccc(OC)cc1,CHEMBL4282,1.0,1.0,0.597,3688,False
COC(=O)c1c(C)nc(NNC(=O)c2cccc3c(=O)c4ccccc4[nH]c23)nc1-c1cccc(OC)c1,CHEMBL4282,1.0,1.0,0.582,3688,False
COC(=O)c1c(C)nc(NNC(=O)c2cccc3c(=O)c4ccccc4[nH]c23)nc1-c1ccccc1,CHEMBL4282,1.0,1.0,0.63,3688,False
COC(=O)c1c(C)nc(NNC(=O)c2cccc3c(=O)c4ccccc4[nH]c23)nc1-c1ccccc1F,CHEMBL4282,1.0,1.0,0.627,3688,False
COC(=O)c1c(CN2CCN(S(C)(=O)=O)CC2)c(=O)c2ccc(F)cc2n1-c1ccccc1,CHEMBL4179,1.0,1.0,0.797,1152,False
COC(=O)c1c(CN2CCN(S(C)(=O)=O)CC2)c(=O)c2ccc(F)cc2n1-c1ccccc1,CHEMBL2276,2.0,2.0,0.797,1907,False
COC(=O)c1c(O)cc(O)c(Cl)c1CCc1nccn1Cc1cc(Cl)cs1,CHEMBL1075323,2.0,2.0,0.724,249,False
COC(=O)c1c(O)cc(O)c(Cl)c1CCc1nccn1Cc1cc(Cl)cs1,CHEMBL3880,1.0,1.0,0.724,1708,False
COC(=O)c1c(O)cc(O)c(Cl)c1CCc1nccn1Cc1ccc(C)s1,CHEMBL1075323,2.0,2.0,0.729,249,False
COC(=O)c1c(O)cc(O)c(Cl)c1CCc1nccn1Cc1ccc(C)s1,CHEMBL3880,1.0,1.0,0.729,1708,False
COC(=O)c1c(O)cc(O)c(Cl)c1CCc1nccn1Cc1ccc(Cl)s1,CHEMBL1075323,2.0,2.0,0.724,249,False
COC(=O)c1c(O)cc(O)c(Cl)c1CCc1nccn1Cc1ccc(Cl)s1,CHEMBL3880,1.0,1.0,0.724,1708,False
COC(=O)c1c(O)cc(O)c(Cl)c1CCc1nccn1Cc1cccs1,CHEMBL1075323,2.0,2.0,0.741,249,False
COC(=O)c1c(O)cc(O)c(Cl)c1CCc1nccn1Cc1cccs1,CHEMBL3880,1.0,1.0,0.741,1708,False
COC(=O)c1c(O)cc(O)c(Cl)c1CCc1nccn1Cc1sccc1Cl,CHEMBL1075323,2.0,2.0,0.763,249,False
COC(=O)c1c(O)cc(O)c(Cl)c1CCc1nccn1Cc1sccc1Cl,CHEMBL3880,1.0,1.0,0.763,1708,False
COC(=O)c1cc(C(=O)Nc2cccc3c2C(=O)C(=O)NC3=O)cc([N+](=O)[O-])c1,CHEMBL2334,1.0,1.0,0.661,1965,False
COC(=O)c1cc(C(=O)c2ccc(OC)cc2)n2ccc(CCCc3cc[n+](C)cc3)cc12,CHEMBL220,3.0,4.0,0.343,6051,False
COC(=O)c1cc(C(=O)c2ccc(OC)cc2)n2ccc(CCCc3cc[n+](C)cc3)cc12,CHEMBL1914,106.0,190.0,0.269,3653,False
COC(=O)c1cc(Nc2c[nH]nc2-c2nc3ccccc3[nH]2)nc(Cl)n1,CHEMBL2599,5.0,5.0,0.522,5285,False
COC(=O)c1cc(O)c2cc(NC(=O)NCCCCNC(=N)NC[C@H]3O[C@@H](n4cnc5c(N)ncnc54)[C@H](O)[C@@H]3O)ccc2c1,CHEMBL5524,7.0,7.0,0.988,445,False
COC(=O)c1cc(O)c2cc(NC(=O)NCCCCNC(=N)NC[C@H]3O[C@@H](n4cnc5c(N)ncnc54)[C@H](O)[C@@H]3O)ccc2c1,CHEMBL5891,6.0,6.0,0.988,99,False
COC(=O)c1cc(O)c2cc(NC(=O)NCCCCNC(=N)NC[C@H]3O[C@@H](n4cnc5c(N)ncnc54)[C@H](O)[C@@H]3O)ccc2c1,CHEMBL5406,2.0,2.0,0.988,345,False
COC(=O)c1cc(O)c2cc(NC(=O)NCCCCNC(=N)NC[C@H]3O[C@@H](n4cnc5c(N)ncnc54)[C@H](O)[C@@H]3O)ccc2c1,CHEMBL1795116,1.0,1.0,0.988,1323,False
COC(=O)c1cc(O)c2cc(NC(=O)NCCCCNC(=N)NC[C@H]3O[C@@H](n4cnc5c(N)ncnc54)[C@H](O)[C@@H]3O)ccc2c1,CHEMBL3562175,3.0,3.0,0.988,60,False
COC(=O)c1cc(O)c2cc(NC(=O)NCCCCNC(=N)NC[C@H]3O[C@@H](n4cnc5c(N)ncnc54)[C@H](O)[C@@H]3O)ccc2c1,CHEMBL3108648,4.0,4.0,0.988,68,False
COC(=O)c1cc(O)c2cc(NC(=O)NCCCCNC(=N)NC[C@H]3O[C@@H](n4cnc5c(N)ncnc54)[C@H](O)[C@@H]3O)ccc2c1,CHEMBL4105724,8.0,8.0,0.988,11,False
COC(=O)c1cc2cccc(N(Cc3ccc(-c4ccc(N(C)C)cc4)cc3)C(=O)C3CCCCC3)c2s1,CHEMBL2047,1.0,1.0,0.696,3259,False
COC(=O)c1ccc(-c2c3n(c4ccc(C)cc24)C[C@@](NC(=O)c2ccc(-n4cnnc4)cc2Cl)(c2ccccc2)CC3)cn1,CHEMBL2016,1.0,1.0,0.831,931,False
COC(=O)c1ccc(-c2cnc(C(=O)CCCCCCc3ccccc3)o2)s1,CHEMBL2243,1.0,1.0,0.727,1975,False
COC(=O)c1ccc(/C=C(/C(=O)N2CC(=O)Nc3ccccc32)c2ccccc2)cc1,CHEMBL1163125,2.0,2.0,0.683,9315,False
COC(=O)c1ccc(/C=C(/C(=O)N2CC(=O)Nc3ccccc32)c2ccccc2)cc1,CHEMBL1293289,1.0,1.0,0.683,905,False
COC(=O)c1ccc(C)c(NC(=O)CSc2sc3c(O)cc(O)nc3c2C#N)c1,CHEMBL1795098,5.0,1.0,0.632,1001,False
COC(=O)c1ccc(N2CCN(C)CC2)c(NC(=O)c2cc(N)c(F)c(C)c2Cl)c1,CHEMBL1075317,1.0,1.0,0.869,1687,False
COC(=O)c1ccc(N2CCN(C)CC2)c(NC(=O)c2cc([N+](=O)[O-])c(F)c(C)c2Cl)c1,CHEMBL1075317,1.0,1.0,0.875,1687,False
COC(=O)c1ccc(N2CCN(C)CC2)c(NC(=O)c2ccc(F)c(C)c2Cl)c1,CHEMBL1075317,1.0,1.0,0.803,1687,False
COC(=O)c1ccc(N2CCN(C)CC2)c(NC(=O)c2ccc(F)c([N+](=O)[O-])c2)c1,CHEMBL1075317,1.0,1.0,0.803,1687,False
COC(=O)c1ccc(N2CCN(C)CC2)c(NC(=O)c2cccc(OC)c2)c1,CHEMBL1075317,1.0,2.0,0.567,1687,False
COC(=O)c1ccc(N2CCN(C)CC2)c(NC(=O)c2ccccc2Cl)c1,CHEMBL1075317,1.0,1.0,0.655,1687,False
COC(=O)c1ccc(Nc2cc(-c3ccc4cc(C#N)cnn34)ncc2C(=O)NC[C@@H](F)C(C)(C)O)cc1OC,CHEMBL1825,2.0,2.0,0.817,1873,False
COC(=O)c1ccc(Nc2cc(-c3ccc4cc(C#N)cnn34)ncc2C(=O)NC[C@@H](F)C(C)(C)O)cc1OC,CHEMBL3778,1.0,1.0,0.817,7453,False
COC(=O)c1cccc(COc2c(-c3ccc(OCCOCCOCCn4cc(CCCOc5ccc(-c6cc(=O)c7ccc(F)cc7o6)cc5)nn4)cc3)oc3ccccc3c2=O)c1,CHEMBL5393,1.0,1.0,1.0,1337,True
COC(=O)c1cccc(COc2c(-c3ccc(OCCOCCOCCn4cc(CCCOc5ccc(-c6cc(=O)c7ccc(F)cc7o6)cc5)nn4)cc3)oc3ccccc3c2=O)c1,CHEMBL3004,3.0,3.0,1.0,539,True
COC(=O)c1cccc(COc2c(-c3ccc(OCCOCCOCCn4cc(CCCOc5ccc(-c6cc(=O)c7ccc(F)cc7o6)cc5)nn4)cc3)oc3ccccc3c2=O)c1,CHEMBL4302,2.0,2.0,1.0,2509,True
COC(=O)c1cccc(NC(=O)c2cc(-n3cc(CNc4ncnc5ccsc45)nn3)ccc2O)c1,CHEMBL2185,2.0,2.0,0.87,2659,False
COC(=O)c1cccc(NC(=O)c2cc(-n3cc(CNc4ncnc5ccsc45)nn3)ccc2O)c1,CHEMBL4722,1.0,1.0,0.87,3456,False
COC(=O)c1ccoc1CN1CCC(CNC(=O)c2n[nH]c3ccc(OC)cc23)CC1,CHEMBL262,1.0,1.0,0.716,5430,False
COC(=O)c1cnc2[nH]ccc2c1N[C@@H]1CCC[C@H](CCC#N)C1,CHEMBL2835,2.0,2.0,0.766,10399,False
COC(=O)c1cnc2[nH]ccc2c1N[C@@H]1CCC[C@H](CCC#N)C1,CHEMBL2148,1.0,1.0,0.766,7416,False
COC(=O)c1cnc2[nH]ccc2c1N[C@H]1CCC[C@H](CCC#N)C1,CHEMBL2835,2.0,2.0,0.766,10399,False
COC(=O)c1cnc2[nH]ccc2c1N[C@H]1CCC[C@H](CCC#N)C1,CHEMBL2148,1.0,1.0,0.766,7416,False
COC(=O)c1csc(NC(=O)[C@@H]2CCCCNC(=O)OCCC[C@H](C(=O)NO)[C@@H](CC(C)C)C(=O)N2)n1,CHEMBL3706,1.0,1.0,0.726,1918,False
COC(=O)c1sc2ncnc(Nc3cccnc3OCC3(CC#N)CC3)c2c1C,CHEMBL4204,1.0,1.0,0.638,1710,False
COC(=O)c1sc2ncnc(Nc3cccnc3OCC3CC3(F)F)c2c1C,CHEMBL4204,1.0,1.0,0.677,1710,False
COC1(C)CN(S(=O)(=O)c2ccc(C)c(-c3cnc(N)c(-c4nc(C)no4)c3)c2)C1,CHEMBL3130,2.0,2.0,0.769,7171,False
COC1(c2cc(-c3cc(NC(=O)c4ccnc(C(C)(C)F)c4)cnc3C)cnc2OCCO)COC1,CHEMBL1906,1.0,1.0,0.789,2781,False
COC1C=CC(C(=O)Nc2cccc(CNc3ncnc4c3=CC(CN3CCN(C)CC3)CC=4C(N)=O)c2)=CC1,CHEMBL4722,2.0,2.0,0.485,3456,False
COC1C=CC(C(=O)Nc2cccc(CNc3ncnc4c3=CC(CN3CCN(C)CC3)CC=4C(N)=O)c2)=CC1,CHEMBL2185,1.0,1.0,0.485,2659,False
COC1C=CC(C(=O)Nc2cccc(CNc3ncnc4c3=CC(CN3CCN(C)CC3)CC=4C(N)=O)c2)=CC1,CHEMBL4501,3.0,3.0,0.444,1918,False
COC1CCN(C(=O)Cc2nc3cnc4[nH]ccc4c3n2[C@H]2CC[C@H](CC#N)CC2)CC1,CHEMBL2971,2.0,2.0,0.821,12637,False
COC1CCN(C(=O)Cc2nc3cnc4[nH]ccc4c3n2[C@H]2CC[C@H](CC#N)CC2)CC1,CHEMBL2148,1.0,1.0,0.821,7416,False
COC1CCN(C(=O)Cc2nc3cnc4[nH]ccc4c3n2[C@H]2CC[C@H](CC#N)CC2)CC1,CHEMBL3553,3.0,3.0,0.821,6084,False
COC1CCN(C(=O)[C@H]2CC[C@H](Nc3nccc(-n4ccc5c(OCCCS(C)(=O)=O)cccc54)n3)CC2)CC1,CHEMBL4179,2.0,2.0,0.823,1152,False
COC1CCN(C(=O)[C@H]2CC[C@H](Nc3nccc(-n4ccc5c(OCCCS(C)(=O)=O)cccc54)n3)CC2)CC1,CHEMBL2276,1.0,1.0,0.823,1907,False
COC1CCN(c2ccc(Nc3ncc(F)c(-c4ccc5c(c4)OC4(CCN(C(C)=O)CC4)CC5=O)n3)nc2)CC1,CHEMBL2508,1.0,1.0,0.844,838,False
COC1CCN(c2nccc(Nc3cc4c(C(C)C)c(C)[nH]c4nn3)n2)CC1,CHEMBL203,2.0,2.0,0.603,11022,False
COC1CN(c2nc3ccc(C(=O)NCCCn4ccnc4)cc3nc2-c2ccccc2)C1,CHEMBL1744525,1.0,1.0,0.887,4583,False
COCC(=O)N1CCN(Cc2c(-c3ccc(Cl)cc3)nc3ccc(N(C)S(C)(=O)=O)cn23)CC1,CHEMBL5873,1.0,1.0,0.722,112,False
COCC(=O)N1CCN(Cc2c(-c3ccc(Cl)cc3)nc3ccc([N+](=O)[O-])cn23)CC1,CHEMBL2535,1.0,1.0,0.603,781,False
COCC(=O)N1CCN(Cc2c(-c3ccc(Cl)cc3Cl)nc3ccc(N(C)S(C)(=O)=O)cn23)CC1,CHEMBL5873,1.0,1.0,0.658,112,False
COCC(=O)N1CCN(Cc2c(-c3ccc(Cl)cc3Cl)nc3ccc(NS(C)(=O)=O)cn23)CC1,CHEMBL5873,1.0,1.0,0.733,112,False
COCC(=O)Nc1cc(Oc2ccc(NC(=O)Nc3cc(C(C)(C)C)nn3-c3ccc(C)cc3)c3ccccc23)ccn1,CHEMBL267,2.0,2.0,0.805,3981,False
COCC(=O)Nc1cc(Oc2ccc(NC(=O)Nc3cc(C(C)(C)C)nn3-c3ccc(C)cc3)c3ccccc23)ccn1,CHEMBL4674,5.0,4.0,0.805,249,False
COCC(=O)Nc1cc(Oc2ccc(NC(=O)Nc3cc(C(C)(C)C)nn3-c3ccc(C)cc3)c3ccccc23)ccn1,CHEMBL3234,3.0,3.0,0.805,535,False
COCC(=O)Nc1cc(Oc2ccc(NC(=O)Nc3cc(C(C)(C)C)nn3-c3ccc(C)cc3)c3ccccc23)ccn1,CHEMBL260,1.0,1.0,0.805,5079,False
COCC(=O)Nc1cc(Oc2ccc(NC(=O)Nc3cc(C(C)(C)C)nn3-c3ccc(C)cc3)c3ccccc23)ccn1,CHEMBL2599,4.0,5.0,0.705,5285,False
COCC(=O)Nc1cc(Oc2ccc(NC(=O)Nc3cc(C(C)(C)C)nn3-c3ccc(C)cc3)c3ccccc23)ccn1,CHEMBL2850,6.0,6.0,0.679,1613,False
COCC(=O)Nc1cc(Oc2ccc(NC(=O)Nc3cc(C(C)(C)C)nn3-c3ccc(C)cc3)c3ccccc23)ccn1,CHEMBL262,8.0,8.0,0.619,5430,False
COCC(=O)Nc1cc(Oc2ccc(NC(=O)Nc3cc(C(C)(C)C)nn3-c3ccc(P(C)(C)=O)cc3)c3ccccc23)ccn1,CHEMBL2850,4.0,5.0,0.648,1613,False
COCC(C)(C)NC(=O)[C@@H]1CN(C2CCCC2)CC[C@H]1NC(=O)c1cc(-c2c(F)cc(F)cc2F)on1,CHEMBL2010631,1.0,1.0,0.985,1433,False
COCC(C)(C)NC(=O)[C@@H]1CN([C@@H]2CCC[C@H]2C)CC[C@H]1NC(=O)c1cc(-c2c(F)cc(F)cc2F)on1,CHEMBL2010631,1.0,1.0,0.813,1433,False
COCC(C)(C)c1cc(NC(=O)Nc2cccc(Oc3ncnc4cc(OC)c(OC)cc34)c2)no1,CHEMBL5145,1.0,1.0,0.763,5743,False
COCC(C)(C)n1cc(C(=O)c2cncc(NC(=O)Cc3ccc(Cl)cn3)c2)c2cnc(N)nc21,CHEMBL2815,1.0,1.0,0.705,4872,False
COCC(C)(C)n1cc(C(=O)c2cncc(NC(=O)Cc3ccc(Cl)cn3)c2)c2cncnc21,CHEMBL2815,1.0,1.0,0.733,4872,False
COCC(C)(C)n1cc(C(=O)c2cncc(NC(=O)Cc3ccc(F)cn3)c2)c2cnc(N)nc21,CHEMBL2815,1.0,1.0,0.691,4872,False
COCC(C)(C)n1cc(C(=O)c2cncc(NC(=O)Cc3ccc(F)cn3)c2)c2cncnc21,CHEMBL2815,1.0,1.0,0.831,4872,False
COCC(Nc1c(C#N)cnc2c(Cl)cc(N[C@H](C3=CN(C(C)C)NN3)c3cccnc3)cc12)c1ccccc1,CHEMBL203,1.0,1.0,0.698,11022,False
COCC(Nc1c(C#N)cnc2c(Cl)cc(N[C@H](C3=CNNN3)c3cccnc3)cc12)c1ccccc1,CHEMBL203,1.0,1.0,0.731,11022,False
COCC(c1ccc(Cl)c(Cl)c1)C1CCNCC1,CHEMBL238,3.0,3.0,0.659,3420,False
COCC(c1ccc(Cl)c(Cl)c1)C1CCNCC1,CHEMBL222,1.0,1.0,0.659,3692,False
COCC(c1ccc(Cl)c(Cl)c1)C1CCNCC1,CHEMBL228,2.0,2.0,0.659,5328,False
COCC(c1ccc(Cl)cc1)C1CCNCC1,CHEMBL238,3.0,3.0,0.628,3420,False
COCC(c1ccc(Cl)cc1)C1CCNCC1,CHEMBL222,1.0,1.0,0.628,3692,False
COCC(c1ccc(Cl)cc1)C1CCNCC1,CHEMBL228,2.0,2.0,0.628,5328,False
COCC(c1ccc(F)c(Cl)c1)C1CCNCC1,CHEMBL238,3.0,3.0,0.617,3420,False
COCC(c1ccc(F)c(Cl)c1)C1CCNCC1,CHEMBL222,2.0,2.0,0.617,3692,False
COCC(c1ccc(F)c(Cl)c1)C1CCNCC1,CHEMBL228,1.0,1.0,0.617,5328,False
COCC(c1cccc(Cl)c1)C1CCNCC1,CHEMBL238,3.0,3.0,0.644,3420,False
COCC(c1cccc(Cl)c1)C1CCNCC1,CHEMBL228,2.0,2.0,0.644,5328,False
COCC(c1cccc(Cl)c1)C1CCNCC1,CHEMBL222,1.0,1.0,0.644,3692,False
COCC1(C(=O)N2CCN(Cc3ncc(C(=O)NCc4ccc(Cl)cc4Cl)s3)CC2)CC1,CHEMBL2409,1.0,1.0,0.754,2764,False
COCC1(CNC(=O)c2ccc(-n3ncc(-c4ccc(C#N)cc4)c3O)nc2)CC1,CHEMBL5697,1.0,1.0,0.937,1921,False
COCC1(CNC(=O)c2ccc(-n3ncc(-c4ccc(C#N)cc4C)c3O)nc2)CC1,CHEMBL5697,1.0,1.0,0.94,1921,False
COCC1(NC(=O)c2ccc(-n3ncc(-c4ccnc(OC)c4)c3O)nc2)CC1,CHEMBL5697,1.0,1.0,0.935,1921,False
COCCC(C(=O)Nc1ccc2nn(C)cc2c1)n1cc2c(cc1=O)-c1cc(Cl)ccc1CC(CF)NC2=O,CHEMBL2820,1.0,1.0,0.75,3003,False
COCCC(C(=O)Nc1ccc2nn(C)cc2c1)n1cc2c(cc1=O)-c1cc(Cl)ccc1CC(CF)NC2=O,CHEMBL2000,2.0,2.0,0.75,3740,False
COCCC1(NC(=O)c2ccc(-n3ncc(-c4cc(C)nc(OC)c4)c3O)nc2)CC1,CHEMBL5697,1.0,1.0,0.681,1921,False
COCCC1(NC(=O)c2ccc(-n3ncc(-c4ccnc(OC)c4)c3O)nc2)CC1,CHEMBL5697,1.0,1.0,0.806,1921,False
COCCCOc1cc(C(N)=O)cc2nc(NC(=O)c3ccccn3)n(CCCNC(=O)OCc3ccccc3)c12,CHEMBL4523377,1.0,1.0,0.747,1105,False
COCCCn1nc(C)c2c(C(F)(F)F)cc([C@@H](C)N(C(=O)[C@H]3CNCCO3)C3CC3)cc21,CHEMBL286,1.0,1.0,0.765,2967,False
COCCCn1nc(C)c2c(C(F)(F)F)cc([C@H](C)N(C(=O)[C@H]3CNCCO3)C3CC3)cc21,CHEMBL286,1.0,1.0,0.765,2967,False
COCCCn1nc(C)c2c(C)cc([C@@H](C)N(C(=O)[C@H]3CNCCO3)C3CC3)cc21,CHEMBL286,1.0,1.0,0.805,2967,False
COCCCn1nc(C)c2c(C)cc([C@H](C)N(C(=O)[C@H]3CNCCO3)C3CC3)cc21,CHEMBL286,1.0,1.0,0.805,2967,False
COCCCn1nc(C)c2c(Cl)cc([C@@H](C)N(C(=O)[C@H]3CNCCO3)C3CC3)cc21,CHEMBL286,1.0,1.0,0.785,2967,False
COCCCn1nc(C)c2c(Cl)cc([C@H](C)N(C(=O)[C@H]3CNCCO3)C3CC3)cc21,CHEMBL286,1.0,1.0,0.785,2967,False
COCCCn1nc(C)c2c(F)cc([C@@H](C)N(C(=O)[C@H]3CNCCO3)C3CC3)cc21,CHEMBL286,1.0,1.0,0.795,2967,False
COCCCn1nc(C)c2c(F)cc([C@H](C)N(C(=O)[C@H]3CNCCO3)C3CC3)cc21,CHEMBL286,1.0,1.0,0.795,2967,False
COCCCn1nc(C)c2ccc([C@@H](C)N(C(=O)[C@H]3CNCCO3)C3CC3)cc21,CHEMBL286,1.0,1.0,0.789,2967,False
COCCCn1nc(C)c2ccc([C@H](C)N(C(=O)[C@H]3CNCCO3)C3CC3)cc21,CHEMBL286,1.0,1.0,0.789,2967,False
COCCCn1nc(F)c2ccc([C@@H](C)N(C(=O)[C@H]3CNCCO3)C3CC3)cc21,CHEMBL286,1.0,1.0,0.737,2967,False
COCCCn1nc(F)c2ccc([C@H](C)N(C(=O)[C@H]3CNCCO3)C3CC3)cc21,CHEMBL286,1.0,1.0,0.737,2967,False
COCCCn1ncc2ccc([C@@H](C)N(C(=O)[C@H]3CNCCO3)C3CC3)cc21,CHEMBL286,1.0,1.0,0.753,2967,False
COCCCn1ncc2ccc([C@H](C)N(C(=O)[C@H]3CNCCO3)C3CC3)cc21,CHEMBL286,1.0,1.0,0.753,2967,False
COCCN(C)C(=O)c1cccc(-n2nc(C(C)(C)C)cc2NC(=O)Nc2cccc3ccccc23)c1,CHEMBL260,1.0,1.0,0.556,5079,False
COCCN1CCCC12CCN(c1c(Cl)cncc1-c1ccc(-c3cnn(C)c3)cc1)CC2,CHEMBL5719,1.0,1.0,0.639,677,False
COCCN1CCN(c2cc(-c3cnc(N)c(OC(F)F)c3)nc(C3CC3)n2)C(C)C1,CHEMBL1908389,1.0,1.0,0.712,1011,False
COCCN1CCN(c2cc(-c3cnc(N)c(OC(F)F)c3)nc(C3CC3)n2)CC1C,CHEMBL1908389,1.0,1.0,0.75,1011,False
COCCN1CCc2nc(C(=O)Nc3ccc(F)c([C@]4(C)CO[C@@](C)(C(F)(F)F)C(N)=N4)n3)c(Cl)cc21,CHEMBL4822,1.0,1.0,0.713,9994,False
COCCN1C[C@@H](NC(=O)Nc2c(C)c(C3=CCN(C(C)=O)CC3)nn2-c2ccccc2)[C@H](c2ccc(F)c(F)c2)O1,CHEMBL2815,1.0,1.0,0.703,4872,False
COCCNCc1ccc(-c2cc3nccc(Oc4ccc(NC(=O)C5(C(=O)Nc6ccc(F)cc6)CC5)cc4F)c3s2)nc1,CHEMBL3717,4.0,4.0,0.756,4639,False
COCCNCc1ccc(-c2cc3nccc(Oc4ccc(NC(=O)C5(C(=O)Nc6ccc(F)cc6)CC5)cc4F)c3s2)nc1,CHEMBL279,7.0,7.0,0.756,10551,False
COCCNCc1ccc(-c2cc3nccc(Oc4ccc(NC(=O)C5(C(=O)Nc6ccc(F)cc6)CC5)cc4F)c3s2)nc1,CHEMBL1936,30.0,28.0,0.5,3154,False
COCCNCc1ccc(-c2cc3nccc(Oc4ccc(NC(=O)C5(C(=O)Nc6ccc(F)cc6)CC5)cc4F)c3s2)nc1,CHEMBL1974,9.0,9.0,0.756,4344,False
COCCNCc1ccc(-c2cc3nccc(Oc4ccc(NC(=O)C5(C(=O)Nc6ccc(F)cc6)CC5)cc4F)c3s2)nc1,CHEMBL4895,10.0,10.0,0.756,2888,False
COCCNCc1ccc(-c2cc3nccc(Oc4ccc(NC(=O)C5(C(=O)Nc6ccc(F)cc6)CC5)cc4F)c3s2)nc1,CHEMBL4898,65.0,66.0,0.475,807,False
COCCNCc1ccc(-c2cc3nccc(Oc4ccc(NC(=O)C5(C(=O)Nc6ccc(F)cc6)CC5)cc4F)c3s2)nc1,CHEMBL2815,56.0,57.0,0.475,4872,False
COCCNc1ncc(C(C)Oc2cc(/C=C3\SC(=O)N(C)C3=O)c(Br)cc2O)cn1,CHEMBL4105728,1.0,1.0,0.58,256,False
COCCNc1ncc(COc2cc(/C=C3\SC(=O)N(C)C3=O)c(Br)c(F)c2O)cn1,CHEMBL4105728,1.0,1.0,0.743,256,False
COCCOC(=O)c1cnc2[nH]ccc2c1N[C@@H]1CCC[C@H](CCC#N)C1,CHEMBL2835,1.0,1.0,0.75,10399,False
COCCOC(=O)c1cnc2[nH]ccc2c1N[C@@H]1CCC[C@H](CCC#N)C1,CHEMBL2148,2.0,2.0,0.75,7416,False
COCCOC(=O)c1cnc2[nH]ccc2c1N[C@H]1CCC[C@@H](CCC#N)C1,CHEMBL2148,2.0,2.0,0.75,7416,False
COCCOC(=O)c1cnc2[nH]ccc2c1N[C@H]1CCC[C@H](CCC#N)C1,CHEMBL2835,1.0,1.0,0.75,10399,False
COCCOC(=O)c1cnc2[nH]ccc2c1N[C@H]1CCC[C@H](CCC#N)C1,CHEMBL2148,2.0,2.0,0.75,7416,False
COCCOCOc1cc(C)c(-c2ncc(-c3ccc(C(=O)O)cc3)s2)cc1C12CC3CC(CC(C3)C1)C2,CHEMBL1991,1.0,1.0,0.608,1140,False
COCCOCOc1ccc(-c2ncc(-c3ccc(C(=O)O)cc3)s2)cc1C12CC3CC(CC(C3)C1)C2,CHEMBL1991,1.0,1.0,0.611,1140,False
COCCOc1cc(CC2CCNCC2)ccc1Br,CHEMBL228,2.0,2.0,0.55,5328,False
COCCOc1cc2c(Oc3cccc(NC(=O)Nc4cc(C(C)(C)C)on4)c3)ncnc2cc1OC,CHEMBL5145,1.0,1.0,0.795,5743,False
COCCOc1cc2c(Oc3cccc(NC(=O)Nc4cc(C(C)(C)C)on4)c3)ncnc2cc1OC,CHEMBL1906,2.0,2.0,0.795,2781,False
COCCOc1cc2ncnc(Oc3cccc(NC(=O)Nc4cc(C(C)(C)C)on4)c3)c2cc1OC,CHEMBL5145,1.0,1.0,0.795,5743,False
COCCOc1cc2ncnc(Oc3cccc(NC(=O)Nc4cc(C(C)(C)C)on4)c3)c2cc1OC,CHEMBL1906,2.0,2.0,0.795,2781,False
COCCOc1cc2ncnc(Oc3cccc(NC(=O)Nc4cc(C(C)(C)C)on4)c3)c2cc1OCCOC,CHEMBL5145,1.0,1.0,0.756,5743,False
COCCOc1cc2ncnc(Oc3cccc(NC(=O)Nc4cc(C(C)(C)C)on4)c3)c2cc1OCCOC,CHEMBL1906,2.0,2.0,0.756,2781,False
COCCOc1cc2ncnc(Oc3cccc(NC(=O)Nc4cc(C(C)(CF)CF)on4)c3)c2cc1OC,CHEMBL5145,2.0,2.0,0.741,5743,False
COCCOc1ccc2c(Oc3cccc(NC(=O)Nc4cc(C(C)(C)C)on4)c3)ncnc2c1,CHEMBL5145,1.0,1.0,0.685,5743,False
COCCOc1ccc2c(Oc3cccc(NC(=O)Nc4cc(C(C)(C)C)on4)c3)ncnc2c1,CHEMBL1906,2.0,2.0,0.685,2781,False
COCCOc1ccc2ncnc(Oc3cccc(NC(=O)Nc4cc(C(C)(C)C)on4)c3)c2c1,CHEMBL1906,1.0,1.0,0.73,2781,False
COCCOc1cnn2ncc(-c3ccnc(Nc4cccc(OC)c4)n3)c2c1,CHEMBL262,1.0,1.0,0.588,5430,False
COCCS(=O)(=O)Nc1cc(-c2cc3c(c(OCCN4CCC(C(C)(C)O)CC4)c2)COC3)cnc1OC,CHEMBL3267,1.0,1.0,0.893,3907,False
COCCS(=O)(=O)Nc1cc(-c2cc3c(c(OCCN4CCC(C(C)(C)O)CC4)c2)COC3)cnc1OC,CHEMBL3130,2.0,2.0,0.893,7171,False
COCCS(=O)(=O)Nc1cc(-c2cc3c(c(OC[C@@H](C)N4CCC(C(C)(C)O)CC4)c2)COC3)cnc1OC,CHEMBL3267,1.0,1.0,0.718,3907,False
COCCS(=O)(=O)Nc1cc(-c2cc3c(c(OC[C@@H](C)N4CCC(C(C)(C)O)CC4)c2)COC3)cnc1OC,CHEMBL3130,2.0,2.0,0.718,7171,False
COCCS(=O)(=O)Nc1cc(-c2cc3c(c(OC[C@@H](C)N4CCC(C(C)(C)O)CC4)c2)COC3)cnc1OC,CHEMBL1075165,5.0,3.0,0.596,686,False
COCCS(=O)(=O)Nc1cc(-c2cc3c(c(OC[C@H](C)N4CCC(C(C)(C)O)CC4)c2)COC3)cnc1OC,CHEMBL3267,1.0,1.0,0.718,3907,False
COCCS(=O)(=O)Nc1cc(-c2cc3c(c(OC[C@H](C)N4CCC(C(C)(C)O)CC4)c2)COC3)cnc1OC,CHEMBL3130,2.0,2.0,0.718,7171,False
COCCS(=O)(=O)Nc1cc(-c2cc3c(c(OC[C@H](C)N4CCC(C(C)(C)O)CC4)c2)COC3)cnc1OC,CHEMBL1075165,5.0,3.0,0.596,686,False
COCCS(=O)(=O)Nc1cc(-c2cc3c(c(O[C@@H](C)CN4CCC(C(C)(C)O)CC4)c2)COC3)cnc1OC,CHEMBL3267,2.0,2.0,0.738,3907,False
COCCS(=O)(=O)Nc1cc(-c2cc3c(c(O[C@@H](C)CN4CCC(C(C)(C)O)CC4)c2)COC3)cnc1OC,CHEMBL3130,1.0,1.0,0.738,7171,False
COCCS(=O)(=O)Nc1cc(-c2cc3c(c(O[C@@H](C)CN4CCC(C(C)(C)O)CC4)c2)COC3)cnc1OC,CHEMBL1075165,3.0,3.0,0.614,686,False
COCCS(=O)(=O)Nc1cc(-c2cc3c(c(O[C@H](C)CN4CCC(C(C)(C)O)CC4)c2)COC3)cnc1OC,CHEMBL3267,2.0,2.0,0.738,3907,False
COCCS(=O)(=O)Nc1cc(-c2cc3c(c(O[C@H](C)CN4CCC(C(C)(C)O)CC4)c2)COC3)cnc1OC,CHEMBL3130,1.0,1.0,0.738,7171,False
COCCS(=O)(=O)Nc1ccc(F)c(Nc2ccc3ncn(C)c(=O)c3c2C)c1Cl,CHEMBL5145,1.0,1.0,0.731,5743,False
COCCS(=O)(=O)Nc1ccc2nc(-c3ccc(Cl)cc3)c(CN3CCN(C(C)=O)CC3)n2c1,CHEMBL2535,2.0,2.0,0.606,781,False
COCCn1c(C(CC2CC2)N2C[C@@H](C)N[C@@H](C)C2)nc2ccccc2c1=O,CHEMBL1919,1.0,1.0,0.81,625,False
COCCn1c(Cc2ccc(-c3cccc(OCc4ccc(Cl)c5ccoc45)n3)cc2F)nc2ccc(C(=O)O)cc21,CHEMBL1784,1.0,1.0,0.784,1534,False
COCCn1c(SC)nc(-c2ccc(F)cc2)c1-c1ccnc(NC2CCCCC2)c1,CHEMBL260,1.0,1.0,0.846,5079,False
COCCn1c(SC)nc(-c2ccc(F)cc2)c1-c1ccnc(NC2CCCC[C@H]2O)c1,CHEMBL260,1.0,1.0,0.778,5079,False
COCCn1c(SC)nc(-c2ccc(F)cc2)c1-c1ccnc(N[C@H]2CC[C@H](O)CC2)c1,CHEMBL260,1.0,1.0,0.833,5079,False
COCCn1cc(-c2cnc3ccc(N(CCNC(C)C)c4cc(OC)cc(OC)c4)cn3c2=O)cn1,CHEMBL3650,1.0,1.0,0.789,4143,False
COC[C@@H](NC(=O)c1ccc(NC(=O)N2Cc3ccccc3C2)cc1)c1ccccc1,CHEMBL1744525,1.0,1.0,0.75,4583,False
COC[C@@H](c1ccc(Cl)c(Cl)c1)C1CCNCC1,CHEMBL238,3.0,3.0,0.659,3420,False
COC[C@@H](c1ccc(Cl)c(Cl)c1)C1CCNCC1,CHEMBL222,1.0,1.0,0.659,3692,False
COC[C@@H](c1ccc(Cl)c(Cl)c1)C1CCNCC1,CHEMBL228,2.0,2.0,0.659,5328,False
COC[C@@H]1CCCN1c1ncc(F)c(N2CC[C@@H](Oc3ccc([C@H](C)NC(C)=O)cc3)C2)n1,CHEMBL4829,1.0,1.0,0.77,4003,False
COC[C@@H]1CCN(c2ncc(Cl)c(N3CC[C@@H](Oc4ccc([C@H](C)NC(C)=O)cc4)C3)n2)C1,CHEMBL4829,1.0,1.0,0.809,4003,False
COC[C@H](c1ccc(Cl)c(Cl)c1)C1CCNCC1,CHEMBL238,3.0,3.0,0.659,3420,False
COC[C@H](c1ccc(Cl)c(Cl)c1)C1CCNCC1,CHEMBL228,2.0,2.0,0.659,5328,False
COC[C@H](c1ccc(Cl)c(Cl)c1)C1CCNCC1,CHEMBL222,1.0,1.0,0.659,3692,False
COC[C@H]1CCCN1CCCOc1ccc(-c2nc3ccc(OCCCN4CCC[C@@H]4COC)cc3o2)cc1,CHEMBL5936,1.0,1.0,0.638,5391,False
COC[C@H]1CCCN1c1ncc(F)c(N2CC[C@@H](Oc3ccc([C@H](C)NC(C)=O)cc3)C2)n1,CHEMBL4829,1.0,1.0,0.77,4003,False
COC[C@H]1CCCN1c1nccc(N2CC[C@@H](Oc3ccc([C@H](C)NC(C)=O)cc3)C2)n1,CHEMBL4829,1.0,1.0,0.814,4003,False
COC[C@H]1OC(=O)C2=CCOC3=C2[C@@]1(C)C1=C(C3=O)[C@@H]2CCC(=O)[C@@]2(C)C[C@H]1OC(C)=O,CHEMBL1075165,11.0,10.0,0.64,686,False
COCc1ccc(Nc2cc(-c3ccc4cc(C#N)cnn34)ncc2C(=O)NC[C@@H](F)C(C)(C)O)cc1,CHEMBL1825,1.0,1.0,0.872,1873,False
COCc1ccc(Nc2cc(-c3ccc4cc(C#N)cnn34)ncc2C(=O)NC[C@@H](F)C(C)(C)O)cc1,CHEMBL3778,2.0,2.0,0.805,7453,False
COCc1nc2cc3c(cc2o1)CCN(CCCSc1nnc(-c2cccc4nc(C)ccc24)n1C)CC3,CHEMBL234,1.0,1.0,0.8,6166,False
CO[C@@H]1CCN(c2nccc(Nc3cc4n(C5CCC6(CC5)OCCO6)c(C5CC5)cn4n3)n2)C[C@@H]1F,CHEMBL203,1.0,1.0,0.842,11022,False
CO[C@@H]1CN(C)C[C@H]1NC(=O)Nc1cc2cnn(-c3ccnc(C)c3)c2cn1,CHEMBL4040,1.0,1.0,1.0,5246,True
CO[C@@H]1O[C@H](CO)[C@@H](O)[C@H](O)[C@H]1NC(=O)c1ccc(S(N)(=O)=O)cc1,CHEMBL261,3.0,3.0,0.667,7567,False
CO[C@@H]1O[C@H](CO)[C@@H](O)[C@H](O)[C@H]1NC(=O)c1ccc(S(N)(=O)=O)cc1,CHEMBL205,1.0,1.0,0.667,8715,False
CO[C@@H]1O[C@H](CO)[C@@H](O)[C@H](O)[C@H]1NC(=O)c1ccc(S(N)(=O)=O)cc1,CHEMBL3594,2.0,2.0,0.667,6139,False
CO[C@H]1CCN(c2ncc(Cl)c(N3CC[C@@H](Oc4ccc([C@H](C)NC(C)=O)cc4)C3)n2)C1,CHEMBL4829,1.0,1.0,0.934,4003,False
CO[C@H]1CCN(c2ncc(F)c(N3CC[C@@H](Oc4ccc([C@H](C)NC(C)=O)cc4)C3)n2)C1,CHEMBL4829,1.0,1.0,0.937,4003,False
CO[C@H]1C[C@@H](Oc2ncc(Cl)cc2Nc2cc(N)n3ncc(C(N)=O)c3n2)C1,CHEMBL3553,1.0,1.0,0.735,6084,False
CO[C@H]1C[C@H](Oc2ncc(Cl)cc2Nc2cc(N)n3ncc(C(N)=O)c3n2)C1,CHEMBL3553,1.0,1.0,0.735,6084,False
CO[C@H]1OC(=O)[C@@]2(CC(=O)c3cc(O)ccc3O)C[C@@H]3[C@@H](C/C=C(\CC(=O)c4cc(O)ccc4O)C(=O)O)C(C=O)=CO[C@@H]3[C@@]12C,CHEMBL5319,1.0,1.0,1.0,1645,True
CO[C@]1(c2ccc(Cl)cc2)c2c(F)cc(C(C)(O)c3cnn(C)c3)cc2C(=O)N1Cc1ncc(Cl)cc1S(C)(=O)=O,CHEMBL5023,1.0,1.0,0.69,4821,False
CO[C@]1(c2ccc(Cl)cc2)c2c(F)cc(C(C)(O)c3cnn(CCN(C)C)c3)cc2C(=O)N1Cc1ccc(Cl)cn1,CHEMBL5023,1.0,1.0,0.701,4821,False
COc1c(-c2ccc3nc(Nc4cc(C(C)N5CCN(C(=O)CC(F)(F)F)CC5)ccn4)[nH]c3c2)ncnc1N1CCCC1,CHEMBL5408,1.0,1.0,0.987,2312,False
COc1c(-c2ccc3nc(Nc4cc(C(C)N5CCN(C(=O)OC(C)(C)C)CC5)ccn4)[nH]c3c2)ncnc1N1CCCC1,CHEMBL5408,1.0,1.0,0.987,2312,False
COc1c(-c2ccco2)ccc(NS(=O)(=O)c2ccc(F)cc2Br)c1C(=O)O,CHEMBL3922,1.0,1.0,0.719,1040,False
COc1c(C#N)ccnc1C(=O)Nc1ccc2[nH]nc(-c3cnoc3)c2c1,CHEMBL1075104,1.0,1.0,0.681,3454,False
COc1c(C(=O)NC[C@@H]2CCCN2C2CCCCC2)cc(Br)c2ccccc12,CHEMBL287,1.0,1.0,1.0,3166,True
COc1c(C(=O)N[C@@H]2CCN(Cc3ccccc3)C2)cc(C#Cc2ccccc2)c2ccccc12,CHEMBL217,1.0,1.0,0.806,9217,False
COc1c(C(=O)N[C@@H]2CCN(Cc3ccccc3)C2)cc(C#Cc2ccccc2)c2ccccc12,CHEMBL234,2.0,2.0,0.806,6166,False
COc1c(C(=O)N[C@@H]2CCN(Cc3ccccc3)C2)cc(C#Cc2ccccc2)c2ccccc12,CHEMBL219,3.0,3.0,0.806,2981,False
COc1c(CCc2cc(C(=O)Nc3cc(-n4cnc(C)c4)cc(C(F)(F)F)c3)ccc2C)cnc2[nH]ccc12,CHEMBL3886,12.0,6.0,0.596,309,False
COc1c(CCc2cc(C(=O)Nc3cc(-n4cnc(C)c4)cc(C(F)(F)F)c3)ccc2C)cnc2[nH]ccc12,CHEMBL260,1.0,3.0,0.596,5079,False
COc1c(F)cc(CNC(=O)c2sc3nnc(C)c(C)c3c2N)cc1F,CHEMBL1821,1.0,1.0,0.763,1918,False
COc1c(Nc2ccc(S(C)(=O)=O)cc2F)ncnc1OC1C[C@@H]2COC[C@@H](C1)N2C(=O)OC1(C)CC1,CHEMBL5652,1.0,1.0,0.84,1661,False
COc1c[nH]c(=O)c(Nc2ncc3[nH]c(=O)n([C@@H]4CCOc5c(F)cccc54)c3n2)c1,CHEMBL2148,1.0,1.0,0.536,7416,False
COc1c[nH]c(=O)c(Nc2ncc3[nH]c(=O)n([C@@H]4CCOc5c(F)cccc54)c3n2)c1,CHEMBL2971,2.0,2.0,0.536,12637,False
COc1c[nH]c(=O)c(Nc2ncc3[nH]c(=O)n([C@@H]4CCOc5c(F)cccc54)c3n2)c1,CHEMBL2835,38.0,79.0,0.523,10399,False
COc1cc(-c2[nH]c3ccc(C4CCC(N5CCC(F)C5)CC4)nc3c2C(C)C)cn2ncnc12,CHEMBL5936,2.0,2.0,0.811,5391,False
COc1cc(-c2[nH]c3ccc(C4CCC(N5CCC(F)C5)CC4)nc3c2C(C)C)cn2ncnc12,CHEMBL5805,1.0,1.0,0.811,4084,False
COc1cc(-c2[nH]c3ccc(C4CCC(N5CCC(F)C5)CC4)nc3c2C(C)C)cn2ncnc12,CHEMBL5804,3.0,3.0,0.811,3644,False
COc1cc(-c2[nH]c3ccc(C4CCC(N5CCCC5)CC4)nc3c2C(C)C)cn2ncnc12,CHEMBL5936,1.0,1.0,0.871,5391,False
COc1cc(-c2[nH]c3ccc(C4CCC(N5CCCC5)CC4)nc3c2C(C)C)cn2ncnc12,CHEMBL5805,2.0,2.0,0.871,4084,False
COc1cc(-c2[nH]c3ccc(C4CCC(N5CCCC5)CC4)nc3c2C(C)C)cn2ncnc12,CHEMBL5804,3.0,3.0,0.871,3644,False
COc1cc(-c2[nH]c3ccc(C4CCC(N5CCC[C@H]5CO)CC4)nc3c2C(C)C)cn2ncnc12,CHEMBL5936,2.0,2.0,0.724,5391,False
COc1cc(-c2[nH]c3ccc(C4CCC(N5CCC[C@H]5CO)CC4)nc3c2C(C)C)cn2ncnc12,CHEMBL5805,1.0,1.0,0.724,4084,False
COc1cc(-c2[nH]c3ccc(C4CCC(N5CCC[C@H]5CO)CC4)nc3c2C(C)C)cn2ncnc12,CHEMBL5804,3.0,3.0,0.724,3644,False
COc1cc(-c2cc(F)cc(F)c2)ccc1-c1nccc2cc(S(=O)(=O)Nc3ccsn3)ccc12,CHEMBL4296,1.0,1.0,0.779,7797,False
COc1cc(-c2ccc3c(-c4cc(OC)c(OC)c(OC)c4)n[nH]c3c2)ccc1O,CHEMBL279,1.0,1.0,0.702,10551,False
COc1cc(-c2ccc3c(-c4ccccc4)n[nH]c3c2)ccc1O,CHEMBL279,1.0,1.0,0.778,10551,False
COc1cc(-c2ccc3c(-c4ccccc4)n[nH]c3c2)ccc1O,CHEMBL4630,2.0,2.0,0.714,2809,False
COc1cc(-c2ccc3c(-c4ccccc4)n[nH]c3c2)ccc1O,CHEMBL3650,3.0,3.0,0.714,4143,False
COc1cc(-c2cccc(F)c2)c(Cl)cc1-c1nccc2cc(S(=O)(=O)Nc3ccsn3)ccc12,CHEMBL4296,1.0,1.0,0.797,7797,False
COc1cc(-c2cn(C)c(=O)c3cnccc23)cc(OC)c1CN1CCC2(C[C@H]2NC(=O)CCOCCOc2ccc3c(c2)C(=O)N(C2CCC(=O)NC2=O)C3=O)C1,CHEMBL3108640,1.0,1.0,0.873,353,False
COc1cc(-c2cn(C)c3cc(C(=O)NS(C)(=O)=O)ccc23)cnc1OCC(C)C,CHEMBL4296,1.0,1.0,0.806,7797,False
COc1cc(-c2cncc(C3COB(O)C3)c2)ccc1SC,CHEMBL4227,1.0,1.0,0.768,2172,False
COc1cc(-c2cnn(-c3ccc(C(=O)N(C)C4CC4)cn3)c2O)ccn1,CHEMBL5697,1.0,1.0,0.682,1921,False
COc1cc(-c2cnn(-c3ccc(C(=O)NC4(C)CC4)cn3)c2O)ccn1,CHEMBL5697,1.0,1.0,0.763,1921,False
COc1cc(-c2cnn(-c3ccc(C(=O)NC4CC4)cn3)c2O)ccn1,CHEMBL5697,1.0,1.0,0.931,1921,False
COc1cc(-n2cnc(Nc3nc(N4CCC[C@H]4CO)nc4cnn(C)c34)c2)cc(OC)c1OC,CHEMBL5903,1.0,1.0,0.705,1119,False
COc1cc(-n2cnnc2[C@@H]2O[C@H](CO)[C@H](O)[C@H](n3cc(-c4cc(F)c(F)c(F)c4)nn3)[C@H]2O)ccn1,CHEMBL4531,1.0,1.0,0.797,950,False
COc1cc(/C=C2/C(=O)c3cccc([N+](=O)[O-])c3C2=O)c(Br)cc1O,CHEMBL4361,22.0,36.0,0.333,3411,False
COc1cc(/C=C2\C(=O)c3ccc(N)cc3C2=O)cc(OC)c1O,CHEMBL258,26.0,52.0,0.389,2369,False
COc1cc(/C=C2\SC(=O)NC2=O)ccc1OC(=O)C1CCCC1,CHEMBL1293255,1.0,1.0,0.979,503,False
COc1cc(Br)c(-n2nnc3c(-c4ccccc4C(F)(F)F)nc(C)nc32)c(OC)c1,CHEMBL1800,1.0,1.0,0.726,1931,False
COc1cc(Br)c(C(=O)c2nccc3cc(OC)c(OC)cc23)cc1OC,CHEMBL2164,1855.0,885.0,0.23,90,False
COc1cc(Br)c(C(=O)c2nccc3cc(OC)c(OC)cc23)cc1OC,CHEMBL1293265,1881.0,935.0,0.226,57,False
COc1cc(Br)c(C(=O)c2nccc3cc(OC)c(OC)cc23)cc1OC,CHEMBL1741215,185.0,2.0,0.491,697,False
COc1cc(Br)c(C(=O)c2nccc3cc(OC)c(OC)cc23)cc1OC,CHEMBL1741213,1604.0,239.0,0.286,814,False
COc1cc(Br)c(C(=O)c2nccc3cc(OC)c(OC)cc23)cc1OC,CHEMBL1795093,1179.0,236.0,0.286,493,False
COc1cc(Br)c(C(=O)c2nccc3cc(OC)c(OC)cc23)cc1OC,CHEMBL1741207,1595.0,298.0,0.276,630,False
COc1cc(Br)c(C(=O)c2nccc3cc(OC)c(OC)cc23)cc1OC,CHEMBL2334,1.0,1.0,0.491,1965,False
COc1cc(Br)c(C(=O)c2nccc3cc(OC)c(OC)cc23)cc1OC,CHEMBL2169736,850.0,319.0,0.274,437,False
COc1cc(C(=O)C(=O)N2[C@@H]3CCC[C@H]2C(=O)OCC(COCc2ccccc2)COC3=O)cc(OC)c1OC,CHEMBL1902,1.0,1.0,0.672,724,False
COc1cc(C(=O)N2CC3CCC2[C@@H]3N)cc2nc(-c3cc4ccc(-c5cccc6c(O)nccc56)cc4n3CC3CC3)n(C)c12,CHEMBL6111,1.0,1.0,0.857,1401,False
COc1cc(C(=O)N2CC3CCC2[C@@H]3N)cc2nc(-c3cc4ccc(C5CCC(O)CC5)cc4n3CC3CC3)n(C)c12,CHEMBL6111,1.0,1.0,0.911,1401,False
COc1cc(C(=O)N2CCCCC2)c(NS(=O)(=O)c2cccc3nsnc23)cc1Cl,CHEMBL298,1.0,1.0,0.723,1500,False
COc1cc(C(=O)N2C[C@H](N)C[C@@H](F)C2)cc2nc(-c3cc4ccc(-c5cnc(C#N)nc5)nc4n3CC3CC3)n(C)c12,CHEMBL6111,1.0,1.0,0.813,1401,False
COc1cc(C(=O)N2C[C@H](N)C[C@@H](F)C2)cc2nc(-c3cc4ccc(-c5cnc(C(N)=O)nc5)nc4n3CC3CC3)n(C)c12,CHEMBL6111,1.0,1.0,0.874,1401,False
COc1cc(C(=O)NC2(C(=O)N[C@H](C)c3ccc(-c4cc(Cl)cc(F)c4-c4nnn(C)n4)cc3F)COC2)on1,CHEMBL4308,1.0,1.0,0.812,787,False
COc1cc(C(=O)NCc2cccc(-c3cn4c(n3)CCC4)c2)ccc1C,CHEMBL1075317,1.0,1.0,0.698,1687,False
COc1cc(C(=O)N[C@H](C(=O)N(C)Cc2ccccc2)c2ccccc2)ccc1NC(=O)c1ccccc1-c1ccc(C(F)(F)F)cc1,CHEMBL2569,1.0,1.0,0.75,162,False
COc1cc(C(=O)N[C@H](C(=O)NCc2ccccc2)c2ccccc2)ccc1NC(=O)c1ccccc1-c1ccc(C(F)(F)F)cc1,CHEMBL2569,1.0,1.0,0.829,162,False
COc1cc(C(=O)Nc2cc([N+](=O)[O-])ccc2N2CCN(C)CC2)ccc1F,CHEMBL1075317,1.0,1.0,0.672,1687,False
COc1cc(C(=O)O)cc2sc(N3CCN(Cc4c(-c5c(Cl)cccc5Cl)noc4C(C)C)CC34CC4)nc12,CHEMBL2047,1.0,1.0,0.861,3259,False
COc1cc(C(=O)c2nccc3cc(OC)c(OC)cc23)c([N+](=O)[O-])cc1OC,CHEMBL1741207,1490.0,251.0,0.29,630,False
COc1cc(C(=O)c2nccc3cc(OC)c(OC)cc23)c([N+](=O)[O-])cc1OC,CHEMBL1741213,1564.0,252.0,0.29,814,False
COc1cc(C(=O)c2nccc3cc(OC)c(OC)cc23)c([N+](=O)[O-])cc1OC,CHEMBL1741215,386.0,2.0,0.458,697,False
COc1cc(C(=O)c2nccc3cc(OC)c(OC)cc23)c([N+](=O)[O-])cc1OC,CHEMBL2334,1.0,1.0,0.458,1965,False
COc1cc(C(F)(F)F)c(S(=O)(=O)C[C@H]2C[C@@H](N(C)c3ncnc4[nH]ccc34)C2)cn1,CHEMBL2835,4.0,4.0,0.776,10399,False
COc1cc(C(F)(F)F)c(S(=O)(=O)C[C@H]2C[C@@H](N(C)c3ncnc4[nH]ccc34)C2)cn1,CHEMBL2971,3.0,3.0,0.776,12637,False
COc1cc(C(F)(F)F)c(S(=O)(=O)C[C@H]2C[C@@H](N(C)c3ncnc4[nH]ccc34)C2)cn1,CHEMBL2148,1.0,1.0,0.776,7416,False
COc1cc(C(F)(F)F)c(S(=O)(=O)C[C@H]2C[C@@H](N(C)c3ncnc4[nH]ccc34)C2)cn1,CHEMBL3553,2.0,2.0,0.776,6084,False
COc1cc(C(F)(F)F)sc1C(=O)N1CCC(N2CC(CC#N)(n3cc(-c4ncnc5[nH]ccc45)cn3)C2)CC1,CHEMBL2835,1.0,1.0,0.759,10399,False
COc1cc(C(F)(F)F)sc1C(=O)N1CCC(N2CC(CC#N)(n3cc(-c4ncnc5[nH]ccc45)cn3)C2)CC1,CHEMBL2971,2.0,2.0,0.759,12637,False
COc1cc(C(N)=O)cc2nc(NC(=O)c3ccccn3)n(CCCNC(=O)OCc3ccccc3)c12,CHEMBL4523377,1.0,1.0,0.849,1105,False
COc1cc(C(NC(=O)N[C@@H](CCCCNC(=O)c2ccc(I)cc2)C(=O)O)C(=O)O)ccc1O,CHEMBL1892,1.0,1.0,0.65,545,False
COc1cc(C)c(CNCC(NC(=O)c2cc(C)on2)c2ccncc2)cc1C,CHEMBL3286061,1.0,1.0,0.845,227,False
COc1cc(C)c(S(=O)(=O)C[C@H]2C[C@@H](N(C)c3ncnc4[nH]ccc34)C2)cn1,CHEMBL2971,1.0,1.0,0.871,12637,False
COc1cc(C)c(S(=O)(=O)C[C@H]2C[C@@H](N(C)c3ncnc4[nH]ccc34)C2)cn1,CHEMBL2148,3.0,3.0,0.871,7416,False
COc1cc(C)c(S(=O)(=O)C[C@H]2C[C@@H](N(C)c3ncnc4[nH]ccc34)C2)cn1,CHEMBL3553,4.0,4.0,0.871,6084,False
COc1cc(C)c(S(=O)(=O)N(C)CCOCC(=O)N2CCN(C3CCN(C4CC4)CC3)CC2)c(C)c1,CHEMBL4308,1.0,1.0,0.897,787,False
COc1cc(C)cc(C(=O)NCc2cccc(-c3cn4c(n3)CCC4)c2)c1,CHEMBL1075317,1.0,1.0,0.738,1687,False
COc1cc(C2CCNCC2)c(C)cc1Nc1nc(Nc2ccccc2S(=O)(=O)C(C)C)c2ccccc2n1,CHEMBL4247,1.0,1.0,0.806,2510,False
COc1cc(C=C2C(=O)c3cc(Cl)c(Cl)cc3C2=O)cc(Br)c1O,CHEMBL258,46.0,83.0,0.333,2369,False
COc1cc(C=C2C(=O)c3cc(Cl)c(Cl)cc3C2=O)ccc1O,CHEMBL258,223.0,293.0,0.328,2369,False
COc1cc(CC(=O)OCC2=C[C@H]3[C@@H]4C(C)(C)[C@]4(OC(C)=O)[C@H](OC(=O)Cc4ccccc4)[C@@H](C)[C@]3(O)[C@@H]3C=C(C)C(=O)[C@@]3(O)C2)ccc1O,CHEMBL4794,5.0,9.0,0.553,3651,False
COc1cc(CCNc2ncc(C(N)=O)c(Nc3cccc(C)c3)n2)ccc1O,CHEMBL5401,11.0,8.0,0.521,167,False
COc1cc(CCc2ccc(C3=Cc4oc(C)cc4C4=NCCN34)cc2)cc(OC)c1OC,CHEMBL250,1.0,1.0,0.7,430,False
COc1cc(CCc2ccc(Nc3c4c(nc5cc(Cl)ccc35)CCCC4)cc2)cc(OC)c1,CHEMBL220,1.0,1.0,0.705,6051,False
COc1cc(CCc2ccc(Nc3c4c(nc5ccccc35)CCCC4)cc2)cc(OC)c1,CHEMBL220,2.0,2.0,0.69,6051,False
COc1cc(CCc2cnc(NC(=O)N3CCCc4ccc(C=O)nc43)cc2OC(C)C)cc(OC)c1,CHEMBL3973,1.0,1.0,0.76,2112,False
COc1cc(CN2CC(=O)N(c3ccccc3Cl)C2=S)cc(OC)c1OC,CHEMBL5113,63.0,102.0,0.303,7217,False
COc1cc(CN2CC(C(=O)O)C2)ccc1OCc1cc(-c2ccccc2)c(C(F)(F)F)s1,CHEMBL4333,1.0,1.0,0.662,3408,False
COc1cc(CN2CC(C(=O)O)C2)ccc1OCc1cc(-c2ccccc2)c(C(F)(F)F)s1,CHEMBL3230,4.0,4.0,0.662,578,False
COc1cc(CN2CC(C(=O)O)C2)ccc1OCc1cc(-c2ccccc2)c(C(F)(F)F)s1,CHEMBL2274,2.0,2.0,0.662,522,False
COc1cc(CN2CCN(c3ccccc3OC)CC2)ccc1OCc1cn(CCOCCOCCOCCOCCOCCNC(=O)COc2cncc(C#Cc3csc(C)n3)c2)nn1,CHEMBL217,1.0,1.0,1.0,9217,True
COc1cc(CN2CCN(c3ccccc3OC)CC2)ccc1OCc1cn(CCOCCOCCOCCOCCOCCNC(=O)COc2cncc(C#Cc3csc(C)n3)c2)nn1,CHEMBL3227,2.0,2.0,1.0,2955,True
COc1cc(CNC(=O)c2ccc(NC(=O)N3Cc4ccccc4C3)cc2)cc(OC)c1,CHEMBL1744525,1.0,1.0,0.811,4583,False
COc1cc(CNC(=O)c2ccc(NC(=O)N3Cc4ccccc4C3)cc2)cc(OC)c1OC,CHEMBL1744525,1.0,1.0,0.755,4583,False
COc1cc(CO)c(-c2cn3ccc(C4CCC(N)CC4)cc3n2)cc1Cl,CHEMBL1795177,1.0,1.0,0.803,726,False
COc1cc(C[C@@H](N)C(=O)N2CCN(c3ncnc4ccccc34)CC2)cc(OC)c1,CHEMBL4282,2.0,2.0,0.7,3688,False
COc1cc(C[C@@H](N)C(=O)N2CCN(c3ncnc4ccccc34)CC2)cc(OC)c1,CHEMBL2431,3.0,3.0,0.7,1139,False
COc1cc(C[C@@H](N)C(=O)N2CCN(c3ncnc4ccccc34)CC2)cc(OC)c1,CHEMBL4816,1.0,1.0,0.7,468,False
COc1cc(Cl)c(C)cc1NC(=O)CSc1sc2c(O)cc(O)nc2c1C#N,CHEMBL1795098,5.0,1.0,0.623,1001,False
COc1cc(Cl)cc(C(=O)Nc2ccc(Cl)cn2)c1NC(=O)c1scc(Cn2ccnc2)c1Cl,CHEMBL244,1.0,1.0,0.74,5906,False
COc1cc(Cl)cc(C(=O)Nc2ccc(Cl)cn2)c1NC(=O)c1scc(Cn2ccnc2)c1Cl,CHEMBL204,2.0,2.0,0.74,5517,False
COc1cc(Cl)cc(C(=O)Nc2ccc(Cl)cn2)c1NC(=O)c1scc(Cn2ccnc2C)c1Cl,CHEMBL204,1.0,1.0,0.75,5517,False
COc1cc(Cl)cc(C(=O)Nc2ccc(Cl)cn2)c1NC(=O)c1scc(Cn2ccnc2N)c1Cl,CHEMBL204,2.0,2.0,0.74,5517,False
COc1cc(Cl)cc(C(=O)Nc2ccc(Cl)cn2)c1NC(=O)c1scc(Cn2ccnc2NC(C)C)c1Cl,CHEMBL204,1.0,1.0,0.724,5517,False
COc1cc(Cl)ccc1CNC1CC1c1ccc(C(=O)NCc2ccccc2)cc1,CHEMBL1951,1.0,1.0,0.576,3112,False
COc1cc(Cn2cnc3cc(Br)cnc32)cc2c1OC(c1ccc(OC(F)F)cc1)CO2,CHEMBL1844,1.0,1.0,0.744,2620,False
COc1cc(Cn2cnc3cc(C#CC(C)(C)N)cnc32)cc2c1OC(c1ccc(OC(F)F)cc1)CO2,CHEMBL1844,1.0,1.0,0.787,2620,False
COc1cc(Cn2cnc3cccnc32)cc2c1OC(c1ccc(OC(F)F)cc1)CO2,CHEMBL1844,1.0,1.0,0.814,2620,False
COc1cc(F)c(C(C)C)cc1-c1ccc(C(F)(F)F)cc1[C@@H]1CC[C@H]2[C@@H](c3cc(C(F)(F)F)cc(C(F)(F)F)c3)N(C)C(=O)N12,CHEMBL3572,1.0,1.0,0.732,1272,False
COc1cc(F)c(C(C)C)cc1-c1ccc(C(F)(F)F)cc1[C@@H]1CC[C@H]2[C@@H](c3cc(C(F)(F)F)cc(C(F)(F)F)c3)NC(=O)N12,CHEMBL3572,1.0,1.0,0.743,1272,False
COc1cc(F)c(CNC(=O)c2sc3nnc(C)c(C)c3c2N)c(F)c1,CHEMBL1821,1.0,1.0,0.689,1918,False
COc1cc(F)c(CNC(=O)c2sc3nnc(C)c(C)c3c2N)cc1F,CHEMBL1821,1.0,1.0,0.656,1918,False
COc1cc(F)c(F)c(Nc2ccc(I)cc2F)c1NS(=O)(=O)C1(C[C@H](O)CO)CC1,CHEMBL4630,129.0,187.0,0.233,2809,False
COc1cc(F)c(F)c(Nc2ccc(I)cc2F)c1NS(=O)(=O)C1(C[C@H](O)CO)CC1,CHEMBL2637,198.0,302.0,0.221,1597,False
COc1cc(F)c(F)c(Nc2ccc(I)cc2F)c1NS(=O)(=O)C1(C[C@H](O)CO)CC1,CHEMBL2393,1268.0,879.0,0.192,27,False
COc1cc(F)c(F)c(Nc2ccc(I)cc2F)c1NS(=O)(=O)C1(C[C@H](O)CO)CC1,CHEMBL2453,1227.0,877.0,0.192,27,False
COc1cc(F)c(F)c(Nc2ccc(I)cc2F)c1NS(=O)(=O)C1(C[C@H](O)CO)CC1,CHEMBL3587,1.0,1.0,0.452,1086,False
COc1cc(F)c(F)c(Nc2ccc(I)cc2F)c1NS(=O)(=O)C1(C[C@H](O)CO)CC1,CHEMBL2964,9.0,5.0,0.452,221,False
COc1cc(F)c(F)c(Nc2ccc(I)cc2F)c1NS(=O)(=O)C1(C[C@H](O)CO)CC1,CHEMBL4105885,1615.0,1293.0,0.176,21,False
COc1cc(F)c([C@@H]2CNC(=O)[C@H]2NC(=O)Nc2ccc(Cl)cn2)c(F)c1,CHEMBL4227,1.0,1.0,0.75,2172,False
COc1cc(F)c([C@@H]2CNC(=O)[C@H]2NC(=O)Nc2ccc(Cl)cn2)c(F)c1,CHEMBL3359,2.0,2.0,0.75,771,False
COc1cc(F)c2nnc3c(C)nc(-c4sccc4C)n3c2c1,CHEMBL4409,1.0,1.0,0.655,5483,False
COc1cc(F)c2nnc3c(C)nc(-c4sccc4C)n3c2c1,CHEMBL2652,2.0,2.0,0.655,2674,False
COc1cc(F)cc([C@@H](CO)NC(=O)[C@@H](C)N2Cc3ccc(-c4nc(N[C@H]5C[C@@H](OC)C5)ncc4Cl)cc3C2=O)c1,CHEMBL4040,1.0,1.0,0.897,5246,False
COc1cc(F)cc2c1nnc1c(C)nc(-c3sccc3C)n12,CHEMBL4409,1.0,1.0,0.698,5483,False
COc1cc(F)cc2c1nnc1c(C)nc(-c3sccc3C)n12,CHEMBL2652,2.0,2.0,0.698,2674,False
COc1cc(F)ccc1-c1ncnc2c1cnn2CCN1CCCCC1,CHEMBL287,1.0,1.0,0.639,3166,False
COc1cc(F)ccc1[C@H]1CSc2cc(O)ccc2[C@H]1c1ccc(NC2CN(CCCF)C2)cc1,CHEMBL206,1.0,1.0,0.649,4427,False
COc1cc(F)ccc1[C@H]1CSc2cc(O)ccc2[C@H]1c1ccc(NC2CN(CCCF)C2)cc1,CHEMBL240,2.0,2.0,0.577,10985,False
COc1cc(N(C)CCN(C)C)c2cc1Nc1nccc(n1)-c1cn(c3ccccc13)CCCCCC(=O)N2,CHEMBL203,1.0,1.0,1.0,11022,True
COc1cc(N)c(Cl)cc1C(=O)NCC1CCNCC1,CHEMBL1875,1.0,1.0,0.7,741,False
COc1cc(N2C(=O)CN(Cc3ccc(F)cc3Cl)C2=S)ccc1N(C)C,CHEMBL340,62.0,89.0,0.268,5556,False
COc1cc(N2CCC(N3CCN(CCC#Cc4cccc5c4CN(C4CCC(=O)NC4=O)C5=O)CC3)CC2)ccc1Nc1ncc(Cl)c(Nc2ccccc2P(C)(C)=O)n1,CHEMBL203,5.0,5.0,0.73,11022,False
COc1cc(N2CCCCC2)ccc1NC(=O)c1cnn2ccc(N[C@@H]3CCCNC3)nc12,CHEMBL1974,1.0,1.0,0.985,4344,False
COc1cc(N2CCN(C(C)C)CC2)ccc1Nc1nc(Nc2cccc3ncccc23)c2cc[nH]c2n1,CHEMBL1957,1.0,1.0,0.783,2522,False
COc1cc(N2CCN(C)CC2)c2cc1Nc1ncc(Cl)c(n1)Nc1cc(ccc1N(C)S(C)(=O)=O)CC2,CHEMBL4247,1.0,1.0,0.731,2510,False
COc1cc(N2CCN(C)CC2)c2cc1Nc1ncc(Cl)c(n1)Nc1cc(ccc1S(=O)(=O)C(C)C)CC2,CHEMBL4247,1.0,1.0,0.54,2510,False
COc1cc(N2CCN(C)CC2)c2cc1Nc1ncc(Cl)c(n1)Nc1cccc(c1)CC2,CHEMBL4247,1.0,1.0,0.631,2510,False
COc1cc(N2CCN(N3CCOCC3)CC2)ccc1Nc1ncc2ccc(-c3ccccc3OC)n2n1,CHEMBL4247,1.0,1.0,0.841,2510,False
COc1cc(N2CCN(N3CCOCC3)CC2)ccc1Nc1ncc2ccc(-c3ccccc3OC)n2n1,CHEMBL1981,2.0,2.0,0.841,947,False
COc1cc(N2CCOc3ccc(O[C@H]4CCN(C(=O)C5CCC(F)(F)CC5)C4)cc32)cnc1S(C)(=O)=O,CHEMBL4005,1.0,1.0,0.842,7718,False
COc1cc(N2CCOc3ccc(O[C@H]4CCN(C(=O)C5CCC(F)(F)CC5)C4)cc32)cnc1S(C)(=O)=O,CHEMBL3130,2.0,2.0,0.842,7171,False
COc1cc(N2CCOc3ccc(O[C@H]4CCN(C(=O)C5CCOC5)C4)cc32)cnc1OC,CHEMBL4005,1.0,1.0,0.925,7718,False
COc1cc(N2CCOc3ccc(O[C@H]4CCN(C(=O)C5CCOC5)C4)cc32)cnc1OC,CHEMBL3130,2.0,2.0,0.925,7171,False
COc1cc(N2CCOc3ccc(O[C@H]4CCN(C(=O)[C@H]5CC[C@H](O)CC5)C4)cc32)cnc1OC,CHEMBL4005,2.0,2.0,0.87,7718,False
COc1cc(N2CCOc3ccc(O[C@H]4CCN(C(=O)[C@H]5CC[C@H](O)CC5)C4)cc32)cnc1OC,CHEMBL3130,1.0,1.0,0.87,7171,False
COc1cc(N2Cc3cn(-c4cccc(S(C)(=O)=O)c4)nc3[C@H]2C(C)(C)C)ccn1,CHEMBL2808,4.0,4.0,0.554,1202,False
COc1cc(N2Cc3cn(-c4cccc(S(C)(=O)=O)c4)nc3[C@H]2C(C)(C)C)ccn1,CHEMBL4093,5.0,5.0,0.554,1355,False
COc1cc(N2Cc3cn(-c4cccc(S(C)(=O)=O)c4)nc3[C@H]2C(C)(C)C)ccn1,CHEMBL289,2.0,2.0,0.554,3036,False
COc1cc(N2Cc3cn(-c4cccc(S(C)(=O)=O)c4)nc3[C@H]2C(C)(C)C)ccn1,CHEMBL3397,3.0,3.0,0.554,2945,False
COc1cc(N2Cc3cn(-c4cccc(S(C)(=O)=O)c4)nc3[C@H]2C(C)C)cc(C)n1,CHEMBL2808,4.0,4.0,0.773,1202,False
COc1cc(N2Cc3cn(-c4cccc(S(C)(=O)=O)c4)nc3[C@H]2C(C)C)cc(C)n1,CHEMBL4093,5.0,5.0,0.773,1355,False
COc1cc(N2Cc3cn(-c4cccc(S(C)(=O)=O)c4)nc3[C@H]2C(C)C)cc(C)n1,CHEMBL289,1.0,1.0,0.773,3036,False
COc1cc(N2Cc3cn(-c4cccc(S(C)(=O)=O)c4)nc3[C@H]2C(C)C)cc(C)n1,CHEMBL3397,3.0,3.0,0.773,2945,False
COc1cc(N2Cc3cn(-c4cccc(S(C)(=O)=O)c4)nc3[C@H]2C(C)C)ccn1,CHEMBL2808,4.0,4.0,0.706,1202,False
COc1cc(N2Cc3cn(-c4cccc(S(C)(=O)=O)c4)nc3[C@H]2C(C)C)ccn1,CHEMBL4093,5.0,5.0,0.706,1355,False
COc1cc(N2Cc3cn(-c4cccc(S(C)(=O)=O)c4)nc3[C@H]2C(C)C)ccn1,CHEMBL3397,3.0,3.0,0.706,2945,False
COc1cc(NC(=O)COc2cc(O)c3c(c2)OC(C)(C)CC3=O)cc(OC)c1OC,CHEMBL1961790,685.0,57.0,0.312,217,False
COc1cc(NC(=O)Nc2cc(C(C)(C)C)nn2-c2ccc(C)cc2)c2ccccc2c1,CHEMBL260,1.0,1.0,0.621,5079,False
COc1cc(NC(=O)c2cc(C(C)C)on2)c(OC)cc1Cl,CHEMBL4026,1.0,1.0,0.667,1223,False
COc1cc(NC(=O)c2cc(C)on2)c(OC)cc1Cl,CHEMBL4026,2.0,1.0,0.696,1223,False
COc1cc(NC(=O)c2ccccc2-c2ccc(C(F)(F)F)cc2)ccc1C(=O)N[C@H](C(=O)N(C)Cc1ccccc1)c1ccccc1,CHEMBL2569,1.0,1.0,0.808,162,False
COc1cc(NC(=O)c2ccccc2-c2ccc(C(F)(F)F)cc2)ccc1C(=O)N[C@H](C(=O)NCc1ccccc1)c1ccccc1,CHEMBL2569,1.0,1.0,0.792,162,False
COc1cc(NS(=O)(=O)c2cccc3nsnc23)c(C(=O)N2CCCCC2)cc1OC,CHEMBL298,1.0,1.0,0.754,1500,False
COc1cc(Nc2cc(-c3ccc4cc(C#N)cnn34)ncc2C(=O)NC[C@@H](F)C(C)(C)O)ccc1C#N,CHEMBL3778,1.0,1.0,0.827,7453,False
COc1cc(Nc2cc(-c3ccc4cc(C#N)cnn34)ncc2C(=O)NC[C@@H](F)C(C)(C)O)ccc1C(N)=O,CHEMBL1825,2.0,2.0,0.807,1873,False
COc1cc(Nc2cc(-c3ccc4cc(C#N)cnn34)ncc2C(=O)NC[C@@H](F)C(C)(C)O)ccc1C(N)=O,CHEMBL3778,1.0,1.0,0.807,7453,False
COc1cc(Nc2nc(NCc3ccncc3)n3ccnc3c2C(N)=O)cc(OC)c1,CHEMBL2599,3.0,3.0,0.765,5285,False
COc1cc(Nc2nc(NCc3ccncc3)n3ccnc3c2C(N)=O)cc(OC)c1,CHEMBL2803,2.0,2.0,0.881,305,False
COc1cc(Nc2nc(NCc3ccncc3)n3ccnc3c2C(N)=O)cc(OC)c1,CHEMBL5575,1.0,1.0,0.881,91,False
COc1cc(Nc2ncc3c(C)nc(-c4cccc(Oc5ccccc5)c4)n3n2)cc(OC)c1OC,CHEMBL3024,1.0,1.0,0.818,1517,False
COc1cc(Nc2nccc(-c3cnn4nc(C)ccc34)n2)cc(C(F)(F)F)c1,CHEMBL262,3.0,4.0,0.571,5430,False
COc1cc(Nc2nccc(-c3cnn4nc(C)ccc34)n2)cc(C(F)(F)F)c1,CHEMBL301,5.0,5.0,0.571,2596,False
COc1cc(Nc2nccc(-c3cnn4nc(C)ccc34)n2)cc(C(F)(F)F)c1,CHEMBL331,4.0,6.0,0.565,1424,False
COc1cc(Nc2nccc(-c3cnn4nc(OC)ccc34)n2)cc(C(F)(F)F)c1,CHEMBL262,1.0,1.0,0.609,5430,False
COc1cc(Nc2nccc(-c3cnn4nc(OC)ccc34)n2)cc(C(F)(F)F)c1,CHEMBL301,5.0,3.0,0.609,2596,False
COc1cc(Nc2nccc(-c3cnn4nc(OC)ccc34)n2)cc(C(F)(F)F)c1,CHEMBL4224,55.0,26.0,0.364,575,False
COc1cc(Nc2nccc(-c3cnn4nc(OC)ccc34)n2)cc(C(F)(F)F)c1,CHEMBL4225,77.0,27.0,0.364,1438,False
COc1cc(Nc2nccc(-c3cnn4nc(OC)ccc34)n2)cc(C(F)(F)F)c1,CHEMBL4203,82.0,29.0,0.364,1069,False
COc1cc(Nc2nccc(-c3cnn4nc(OC)ccc34)n2)cc(C(F)(F)F)c1,CHEMBL3938,1128.0,516.0,0.238,85,False
COc1cc(Nc2nccc(-c3cnn4nc(OC)ccc34)n2)cc(C(F)(F)F)c1,CHEMBL4226,416.0,205.0,0.319,714,False
COc1cc(Nc2nccc(-c3cnn4nc(OC)ccc34)n2)cc(OC)c1,CHEMBL262,2.0,2.0,0.689,5430,False
COc1cc(Nc2nccc(-c3cnn4nc(OC)ccc34)n2)cc(OC)c1,CHEMBL301,3.0,3.0,0.689,2596,False
COc1cc(Nc2nccc(-c3cnn4ncccc34)n2)cc(C(F)(F)F)c1,CHEMBL301,9.0,10.0,0.569,2596,False
COc1cc(Nc2nccc(-c3cnn4ncccc34)n2)cc(C(F)(F)F)c1,CHEMBL331,4.0,5.0,0.569,1424,False
COc1cc(Nc2nccc(-c3cnn4ncccc34)n2)cc(OC)c1,CHEMBL262,2.0,2.0,0.61,5430,False
COc1cc(Nc2nccc(-c3cnn4ncccc34)n2)cc(OC)c1,CHEMBL301,5.0,4.0,0.61,2596,False
COc1cc(Nc2nccc(-c3cnn4ncccc34)n2)cc(OC)c1,CHEMBL331,3.0,3.0,0.61,1424,False
COc1cc(O)c(Br)cc1/C=C/C(=O)c1cc2c(cc1N(C)C)OCO2,CHEMBL335,1.0,1.0,0.661,3606,False
COc1cc(OC)c(-c2cn3ccc(C4CCC(N)CC4)cc3n2)cc1Cl,CHEMBL1795177,1.0,1.0,0.782,726,False
COc1cc(OC)cc(-n2nc(-c3nc(-c4cnn(CC5(C#N)CC5)c4)cnc3N)ccc2=O)c1,CHEMBL3650,3.0,3.0,0.7,4143,False
COc1cc(OC)cc(-n2nc(-c3nc(-c4cnn(CC5(C#N)CC5)c4)cnc3N)ccc2=O)c1,CHEMBL4142,1.0,1.0,0.7,1791,False
COc1cc(OC)cc(-n2nc(-c3nc(-c4cnn(CC5(C#N)CC5)c4)cnc3N)ccc2=O)c1,CHEMBL2742,2.0,2.0,0.7,2331,False
COc1cc(OC)cc(-n2nc(-c3nc(-c4cnn(CC5CC5)c4)cnc3N)ccc2=O)c1,CHEMBL3650,3.0,3.0,0.754,4143,False
COc1cc(OC)cc(-n2nc(-c3nc(-c4cnn(CC5CC5)c4)cnc3N)ccc2=O)c1,CHEMBL4142,2.0,2.0,0.754,1791,False
COc1cc(OC)cc(-n2nc(-c3nc(-c4cnn(CC5CC5)c4)cnc3N)ccc2=O)c1,CHEMBL2742,1.0,1.0,0.754,2331,False
COc1cc(OC)cc(C2Cc3cnc(N(CCCCCO)C(C)=O)cc3N=C2NC(=O)NC(C)(C)C)c1,CHEMBL3650,2.0,2.0,0.775,4143,False
COc1cc(OC)cc(C2Cc3cnc(N(CCCCCO)C(C)=O)cc3N=C2NC(=O)NC(C)(C)C)c1,CHEMBL279,1.0,1.0,0.775,10551,False
COc1cc(OC)cc(C2Cc3cnc(N(CCCCO)C(C)=O)cc3N=C2NC(=O)NC(C)(C)C)c1,CHEMBL3650,2.0,2.0,0.772,4143,False
COc1cc(OC)cc(C2Cc3cnc(N(CCCCO)C(C)=O)cc3N=C2NC(=O)NC(C)(C)C)c1,CHEMBL279,1.0,1.0,0.772,10551,False
COc1cc(OC)cc(C2Cc3cnc(N(CCCO)C(C)=O)cc3N=C2NC(=O)NC(C)(C)C)c1,CHEMBL3650,2.0,2.0,0.769,4143,False
COc1cc(OC)cc(C2Cc3cnc(N(CCCO)C(C)=O)cc3N=C2NC(=O)NC(C)(C)C)c1,CHEMBL279,1.0,1.0,0.769,10551,False
COc1cc(OC)cc(N(CC2CC2)c2ccc3ncc(-c4cnn(C5CCN(S(C)(=O)=O)CC5)c4)nc3c2)c1,CHEMBL2742,1.0,1.0,0.761,2331,False
COc1cc(OC)cc(N(CC2CC2)c2ccc3ncc(-c4cnn(C5CCN(S(C)(=O)=O)CC5)c4)nc3c2)c1,CHEMBL3973,2.0,2.0,0.761,2112,False
COc1cc(OC)cc(N(CC2CC2)c2ccc3ncc(-c4cnn(C5CCN(S(C)(=O)=O)CC5)c4)nc3c2)c1,CHEMBL279,3.0,3.0,0.761,10551,False
COc1cc(OC)cc(N(CC2CC2)c2ccc3ncc(-c4cnn(C5CCN(S(C)(=O)=O)CC5)c4)nc3c2)c1,CHEMBL3650,5.0,5.0,0.761,4143,False
COc1cc(OC)cc(N(CC2CC2)c2ccc3ncc(-c4cnn(C5CCN(S(C)(=O)=O)CC5)c4)nc3c2)c1,CHEMBL4142,4.0,4.0,0.761,1791,False
COc1cc(OC)cc(N(CC2CC2)c2ccc3ncc(-c4cnn(C5CCNCC5)c4)nc3c2)c1,CHEMBL2742,4.0,4.0,0.809,2331,False
COc1cc(OC)cc(N(CC2CC2)c2ccc3ncc(-c4cnn(C5CCNCC5)c4)nc3c2)c1,CHEMBL3973,2.0,2.0,0.809,2112,False
COc1cc(OC)cc(N(CC2CC2)c2ccc3ncc(-c4cnn(C5CCNCC5)c4)nc3c2)c1,CHEMBL279,1.0,1.0,0.809,10551,False
COc1cc(OC)cc(N(CC2CC2)c2ccc3ncc(-c4cnn(C5CCNCC5)c4)nc3c2)c1,CHEMBL3650,5.0,5.0,0.809,4143,False
COc1cc(OC)cc(N(CC2CC2)c2ccc3ncc(-c4cnn(C5CCNCC5)c4)nc3c2)c1,CHEMBL1974,6.0,6.0,0.783,4344,False
COc1cc(OC)cc(N(CC2CC2)c2ccc3ncc(-c4cnn(C5CCNCC5)c4)nc3c2)c1,CHEMBL4142,3.0,3.0,0.809,1791,False
COc1cc(OC)cc(N(CCNC(C)C)c2ccc3ncc(-c4cn(C)nc4C)c(=O)n3c2)c1,CHEMBL3650,1.0,1.0,0.694,4143,False
COc1cc(OC)cc(N(CCNC(C)C)c2ccc3ncc(-c4cn[nH]c4)c(=O)n3c2)c1,CHEMBL3650,1.0,1.0,0.754,4143,False
COc1cc(OC)cc(N(CCNC(C)C)c2ccc3ncc(-c4cnn(C)c4)c(=O)n3c2)c1,CHEMBL3650,1.0,1.0,0.781,4143,False
COc1cc(OC)cc(N(CCNC(C)C)c2ccc3ncc(-c4cnn(C)c4)c(=O)n3c2)c1,CHEMBL4142,2.0,2.0,0.603,1791,False
COc1cc(OC)cc(N(CCNC(C)C)c2ccc3ncc(-c4cnn(C)c4)c(=O)n3c2)c1,CHEMBL2742,4.0,4.0,0.603,2331,False
COc1cc(OC)cc(N(CCNC(C)C)c2ccc3ncc(-c4cnn(C)c4)c(=O)n3c2)c1,CHEMBL279,5.0,5.0,0.603,10551,False
COc1cc(OC)cc(N(CCNC(C)C)c2ccc3ncc(-c4cnn(C)c4)c(=O)n3c2)c1,CHEMBL3973,3.0,3.0,0.603,2112,False
COc1cc(OC)cc(N(CCNC(C)C)c2ccc3ncc(-c4cnn(CC(C)(C)O)c4)c(=O)n3c2)c1,CHEMBL3650,1.0,1.0,0.734,4143,False
COc1cc(OC)cc(N(CCNC(C)C)c2ccc3ncc(-c4cnn(CCF)c4)c(=O)n3c2)c1,CHEMBL3650,1.0,1.0,0.789,4143,False
COc1cc(OC)cc(N(CCNC(C)C)c2ccc3ncc(-c4cnn(CCN(C)C)c4)c(=O)n3c2)c1,CHEMBL3650,1.0,1.0,0.789,4143,False
COc1cc(OC)cc(N(CCNC(C)C)c2ccc3ncc(-c4cnn(CCO)c4)c(=O)n3c2)c1,CHEMBL3650,1.0,1.0,0.789,4143,False
COc1cc(OC)cc(N(CCO)c2ccc3ncc(-c4cnn(C)c4)c(=O)n3c2)c1,CHEMBL3650,1.0,1.0,0.762,4143,False
COc1cc(OC)nc(NCC2CCC(CNC(=O)c3ccc(Cc4cc5c(cc4C)C(C)(C)CCC5(C)C)o3)CC2)n1,CHEMBL1855,1.0,1.0,0.721,1565,False
COc1cc(OC2CCN(C3CCCc4ncccc43)CC2)c(F)cc1C(=O)N1CCC(N2C(=O)OCc3ccccc32)CC1,CHEMBL2049,1.0,1.0,0.927,980,False
COc1cc(OC2CCOCC2)ccc1Nc1ncc(C(F)(F)F)c(Oc2cccc3c2C(=O)N(C)C3)n1,CHEMBL2695,1.0,1.0,0.932,2210,False
COc1cc(OCC2CCCCC2)c(F)cc1CNC(=O)[C@@H]1CCCN1,CHEMBL225,2.0,2.0,0.656,3966,False
COc1cc(OCC2CCCCC2)c(F)cc1CNC(=O)[C@@H]1CCCN1,CHEMBL1833,3.0,3.0,0.656,2154,False
COc1cc(OCC2CCCCC2)c(F)cc1CNC(=O)[C@@H]1CCCN1,CHEMBL224,1.0,1.0,0.656,6081,False
COc1cc(OCc2cccc(-c3ccoc3)c2)c2cc(-c3cn4nc(OC)sc4n3)oc2c1,CHEMBL4691,1.0,1.0,0.824,1223,False
COc1cc(OCc2cccc(-c3coc(C(N)=O)c3)c2)c2cc(-c3cn4nc(OC)sc4n3)oc2c1,CHEMBL4691,1.0,1.0,0.779,1223,False
COc1cc(OCc2cccc(NC(=O)c3ccnnc3)c2)c2cc(-c3cn4nc(OC)sc4n3)oc2c1,CHEMBL4691,1.0,1.0,0.854,1223,False
COc1cc(Oc2cc(C)cc(F)c2)ccc1-c1nccc2cc(S(=O)(=O)Nc3nncs3)ccc12,CHEMBL4296,1.0,1.0,0.73,7797,False
COc1cc(Oc2cc(C)ccc2F)ccc1-c1nccc2cc(S(=O)(=O)Nc3nncs3)ccc12,CHEMBL4296,1.0,1.0,0.693,7797,False
COc1cc(Oc2cc(F)ccc2F)ccc1-c1nccc2cc(S(=O)(=O)Nc3nncs3)ccc12,CHEMBL4296,1.0,1.0,0.73,7797,False
COc1cc(Oc2ccc(C)c(F)c2)ccc1-c1nccc2cc(S(=O)(=O)Nc3nncs3)ccc12,CHEMBL4296,1.0,1.0,0.726,7797,False
COc1cc(Oc2ccc(F)cc2)ccc1-c1nccc2cc(S(=O)(=O)Nc3nncs3)ccc12,CHEMBL4296,1.0,1.0,0.757,7797,False
COc1cc(S(=O)(=O)C[C@H]2C[C@@H](N(C)c3ncnc4[nH]ccc34)C2)cnc1C,CHEMBL2971,2.0,2.0,0.762,12637,False
COc1cc(S(=O)(=O)C[C@H]2C[C@@H](N(C)c3ncnc4[nH]ccc34)C2)cnc1C,CHEMBL2148,4.0,4.0,0.762,7416,False
COc1cc(S(=O)(=O)C[C@H]2C[C@@H](N(C)c3ncnc4[nH]ccc34)C2)cnc1C,CHEMBL3553,1.0,1.0,0.762,6084,False
COc1cc(S(=O)(=O)C[C@H]2C[C@@H](N(C)c3ncnc4[nH]ccc34)C2)cnc1OC,CHEMBL2835,1.0,1.0,0.762,10399,False
COc1cc(S(=O)(=O)C[C@H]2C[C@@H](N(C)c3ncnc4[nH]ccc34)C2)cnc1OC,CHEMBL2971,4.0,4.0,0.762,12637,False
COc1cc(S(=O)(=O)C[C@H]2C[C@@H](N(C)c3ncnc4[nH]ccc34)C2)cnc1OC,CHEMBL2148,2.0,2.0,0.762,7416,False
COc1cc(S(=O)(=O)C[C@H]2C[C@@H](N(C)c3ncnc4[nH]ccc34)C2)cnc1OC,CHEMBL3553,3.0,3.0,0.762,6084,False
COc1cc([C@H]2NC(=O)c3[nH]nc(-c4ccco4)c32)ccc1O,CHEMBL3713916,1318.0,43.0,0.329,10,False
COc1cc2c(C(=O)c3ccc(O)c(O)c3)nc(C(=O)O)cc2c(Br)c1O,CHEMBL3997,17.0,1.0,0.448,39,False
COc1cc2c(C)[nH]c(=O)c(Cc3cccc(Oc4ccccc4)c3)c2cc1OC,CHEMBL4409,1.0,1.0,0.7,5483,False
COc1cc2c(CNS(=O)(=O)C(F)(F)F)cnc(C(=O)c3cccc(OC(C)C)c3)c2cc1OC,CHEMBL1909481,3558.0,2847.0,0.19,4,False
COc1cc2c(N)nc(N3CCN(C(=O)[C@@H]4CCc5ccccc5[C@@H]4N)C[C@@H]3c3ccccc3)nc2c(F)c1OC,CHEMBL2176771,1.0,1.0,0.827,1730,False
COc1cc2c(N3CCN(C)CC3)nc(NCCCN3CCN(C)CC3)nc2cc1OCCCN1CCCC1,CHEMBL5804,2.0,2.0,0.857,3644,False
COc1cc2c(N3CCN(C)CC3)nc(NCCCN3CCN(C)CC3)nc2cc1OCCCN1CCCC1,CHEMBL5936,1.0,1.0,0.857,5391,False
COc1cc2c(NC3=CC(=O)C(OCCN(C)c4ccccc4)=CC3=O)ncnc2cc1OCC1CCN(C)CC1,CHEMBL279,1.0,1.0,0.776,10551,False
COc1cc2c(Nc3ccc(Cl)c(Cl)c3)ncnc2cc1OCC1=CC2C(C(F)(F)F)=NN(C)C2S1,CHEMBL5147,3.0,2.0,0.568,915,False
COc1cc2c(Nc3ccc(Cl)c(Cl)c3)ncnc2cc1OCC1=CC2C(C(F)(F)F)=NN(C)C2S1,CHEMBL2068,7.0,3.0,0.568,800,False
COc1cc2c(Nc3ccc(Cl)c(Cl)c3)ncnc2cc1OCC1=CC2C(C(F)(F)F)=NN(C)C2S1,CHEMBL279,1.0,1.0,0.568,10551,False
COc1cc2c(Oc3ccc(NC(=O)NN4C(=O)CSC4c4ccc5ccccc5c4)cc3)ccnc2cc1OCCCN1CCOCC1,CHEMBL3717,1.0,1.0,0.894,4639,False
COc1cc2c(Oc3ccc(NC(=O)Nc4ccc(C(F)(F)F)cc4Cl)cc3)ccnc2cc1OCCCCCCC(=O)NO,CHEMBL325,2.0,2.0,0.643,8231,False
COc1cc2c(Oc3ccc(NC(=O)Nc4ccc(C(F)(F)F)cc4Cl)cc3)ccnc2cc1OCCCCCCC(=O)NO,CHEMBL3717,1.0,1.0,0.643,4639,False
COc1cc2c(Oc3ccc(NC(=O)Nc4ccccc4)cc3)ccnc2cc1OCCCCCCC(=O)NO,CHEMBL325,1.0,1.0,0.761,8231,False
COc1cc2c(Oc3ccc(NC(=O)Nc4ccccc4)cc3)ccnc2cc1OCCCCCCC(=O)NO,CHEMBL3717,2.0,2.0,0.761,4639,False
COc1cc2c(Oc3ccc(NC(=O)Nc4ccccc4F)cc3)ccnc2cc1OCCCCCCC(=O)NO,CHEMBL325,1.0,1.0,0.692,8231,False
COc1cc2c(Oc3ccc(NC(=O)Nc4ccccc4F)cc3)ccnc2cc1OCCCCCCC(=O)NO,CHEMBL3717,2.0,2.0,0.692,4639,False
COc1cc2c(Oc3ccc(NC(=O)c4[nH]c(=O)n(-c5ccccc5Cl)c4C)cc3F)ccnc2cc1OCCCN1CCN(C)CC1,CHEMBL3717,1.0,1.0,0.742,4639,False
COc1cc2c(Oc3ccc(NC(=O)c4[nH]c(=O)n(-c5ccccc5Cl)c4C)cc3F)ccnc2cc1OCCCN1CCN(C)CC1,CHEMBL279,5.0,5.0,0.677,10551,False
COc1cc2c(Oc3ccc(NC(=O)c4[nH]c(=O)n(-c5ccccc5Cl)c4C)cc3F)ccnc2cc1OCCCN1CCN(C)CC1,CHEMBL1936,7.0,6.0,0.677,3154,False
COc1cc2c(Oc3ccc(NC(=O)c4[nH]c(=O)n(-c5ccccc5Cl)c4C)cc3F)ccnc2cc1OCCCN1CCN(C)CC1,CHEMBL1974,4.0,4.0,0.677,4344,False
COc1cc2c(Oc3ccc(NC(=O)c4[nH]c(=O)n(-c5ccccc5Cl)c4C)cc3F)ccnc2cc1OCCCN1CCN(C)CC1,CHEMBL2689,8.0,8.0,0.67,318,False
COc1cc2c(Oc3ccc(NC(=O)c4c(C)n(-c5ccc(Br)cc5)c(=O)n4C)cc3F)ccnc2cc1OCCCN1CCN(C)CC1,CHEMBL3717,1.0,1.0,0.875,4639,False
COc1cc2c(Oc3ccc(NC(=O)c4c(C)n(-c5ccc(C(F)(F)F)cc5)c(=O)n4C)cc3F)ccnc2cc1OCCCN1CCN(C)CC1,CHEMBL3717,1.0,1.0,0.878,4639,False
COc1cc2c(Oc3ccc(NC(=O)c4c(C)n(-c5ccc(C)cc5)c(=O)n4C)cc3F)ccnc2cc1OCCCN1CCN(C)CC1,CHEMBL3717,1.0,1.0,0.816,4639,False
COc1cc2c(Oc3ccc(NC(=O)c4c(C)n(-c5ccc(Cl)cc5)c(=O)n4C)cc3F)ccnc2cc1OCCCN1CCN(C)CC1,CHEMBL3717,1.0,1.0,0.875,4639,False
COc1cc2c(Oc3ccc(NC(=O)c4c(C)n(-c5ccc(F)c(Cl)c5)c(=O)n4C)cc3F)ccnc2cc1OCCCN1CCN(C)CC1,CHEMBL3717,1.0,1.0,0.878,4639,False
COc1cc2c(Oc3ccc(NC(=O)c4c(C)n(-c5ccc(F)c(F)c5)c(=O)n4C)cc3F)ccnc2cc1OCCCN1CCN(C)CC1,CHEMBL3717,1.0,1.0,0.884,4639,False
COc1cc2c(Oc3ccc(NC(=O)c4c(C)n(-c5ccc(F)cc5)c(=O)n4C)cc3F)ccnc2cc1OCCCN1CCN(C)CC1,CHEMBL3717,1.0,1.0,0.872,4639,False
COc1cc2c(Oc3ccc(NC(=O)c4c(C)n(-c5ccc(OC(F)(F)F)cc5)c(=O)n4C)cc3F)ccnc2cc1OCCCN1CCN(C)CC1,CHEMBL3717,1.0,1.0,0.88,4639,False
COc1cc2c(Oc3ccc(NC(=O)c4c(C)n(-c5cccc(C(F)(F)F)c5)c(=O)n4C)cc3F)ccnc2cc1OCCCN1CCN(C)CC1,CHEMBL3717,1.0,1.0,0.882,4639,False
COc1cc2c(Oc3ccc(NC(=O)c4c(C)n(-c5ccccc5)c(=O)n4C)cc3F)ccnc2cc1OCCCN1CCN(C)CC1,CHEMBL3717,1.0,1.0,0.904,4639,False
COc1cc2c(Oc3ccc(NC(=O)c4c(C)n(-c5ccccc5C(F)(F)F)c(=O)n4C)cc3F)ccnc2cc1OCCCN1CCN(C)CC1,CHEMBL3717,1.0,1.0,0.88,4639,False
COc1cc2c(Oc3ccc(NC(=O)c4c(C)n(-c5ccccc5Cl)c(=O)n4C)cc3F)ccnc2cc1OCCCN1CCN(C)CC1,CHEMBL3717,1.0,1.0,0.878,4639,False
COc1cc2c(Oc3cccc(NC(=O)Nc4cc(C(C)(C)C)on4)c3)ncnc2cc1O,CHEMBL5145,1.0,1.0,0.729,5743,False
COc1cc2c(Oc3cccc(NC(=O)Nc4cc(C(C)(C)C)on4)c3)ncnc2cc1O,CHEMBL1906,2.0,2.0,0.729,2781,False
COc1cc2c(cc1-c1c(C)noc1C)[nH]c1nc(C)nc(-c3cccc4ncc(C)cc34)c12,CHEMBL1163125,5.0,5.0,0.776,9315,False
COc1cc2c(cc1-c1c(C)noc1C)[nH]c1nc(C)nc(-c3cccc4ncccc34)c12,CHEMBL1163125,5.0,5.0,0.887,9315,False
COc1cc2c(cc1C(=O)N1CCN(C)CC1)Cc1c(-c3ccc(-c4ccc(O)cc4)cc3)n[nH]c1-2,CHEMBL4630,1.0,1.0,0.836,2809,False
COc1cc2c(cc1CN[C@H]1CC[C@H](O)CC1)Cc1c-2n[nH]c1-c1ccc(C#N)cc1,CHEMBL4630,1.0,1.0,0.708,2809,False
COc1cc2c(cc1NC(=O)c1ccc(C(C)(C)C)cc1)CCCC2,CHEMBL1966,1.0,1.0,0.975,1916,False
COc1cc2c(cc1OC)-c1nc(N)c(CN)c(-c3ccc(Cl)cc3Cl)c1C2,CHEMBL284,1.0,1.0,0.525,4372,False
COc1cc2c(cc1OC)C(=O)/C(=C/c1ccc(CN(C)Cc3ccccc3)cc1)CC2,CHEMBL1914,2.0,2.0,0.643,3653,False
COc1cc2c(cc1OC)C(=O)/C(=C/c1ccc(CN(C)Cc3ccccc3)cc1)CC2,CHEMBL220,1.0,1.0,0.82,6051,False
COc1cc2c(cc1OC)C(=O)C(=Cc1cc(Br)c(O)c(Br)c1)C2=O,CHEMBL258,24.0,44.0,0.392,2369,False
COc1cc2c(cc1OC)C(=O)C(=Cc1cc(Cl)c(O)c(Cl)c1)C2=O,CHEMBL258,178.0,341.0,0.267,2369,False
COc1cc2c(cc1OC)CN(C(=O)C1CCN(c3ccc(S(=O)(=O)C4(C(=O)NO)CCOCC4)cc3)CC1)CC2,CHEMBL333,2.0,2.0,0.689,3911,False
COc1cc2c(cc1OC)CN(C(=O)C1CCN(c3ccc(S(=O)(=O)C4(C(=O)NO)CCOCC4)cc3)CC1)CC2,CHEMBL280,1.0,1.0,0.689,2826,False
COc1cc2c(cc1OC)CN(Cc1ccc(-c3ccc(NS(=O)(=O)c4ccccc4)cc3)cc1)CC2,CHEMBL4302,1.0,1.0,0.764,2509,False
COc1cc2c(cc1OCc1ccccc1)N(C(=O)c1cc3cnccc3[nH]1)CC21CCN(C)CC1,CHEMBL240,1.0,1.0,0.831,10985,False
COc1cc2c(cn1)C(C)(C)C(=O)N2C[C@H]1CC[C@H](NC(=O)c2cc(C(F)(F)F)ccc2Cl)CC1,CHEMBL1800,1.0,1.0,0.747,1931,False
COc1cc2cc(C(=O)O)nc(C(=O)c3ccc(O)c(O)c3)c2c(Br)c1O,CHEMBL3997,30.0,2.0,0.431,39,False
COc1cc2nc(-c3ccc(C(F)(F)F)cc3)cc(OCCCN3CCN(C)CC3)c2cc1OC,CHEMBL2695,1.0,1.0,0.719,2210,False
COc1cc2nc(-c3ccc(C(F)(F)F)cc3)cc(OCCCN3CCN(C)CC3)c2cc1OC,CHEMBL203,2.0,2.0,0.719,11022,False
COc1cc2nc(Cl)nc(Oc3cccc(NC(=O)Nc4cc(C(C)(C)C)on4)c3)c2cc1OC,CHEMBL5145,1.0,1.0,0.622,5743,False
COc1cc2nc(Cl)nc(Oc3cccc(NC(=O)Nc4cc(C(C)(C)C)on4)c3)c2cc1OC,CHEMBL1906,2.0,2.0,0.614,2781,False
COc1cc2nc(N(C)C3CCCC3)nc(NCCCCCN3CCCC3)c2cc1OC,CHEMBL1795176,1.0,1.0,0.982,44,False
COc1cc2nc([C@]3(C)CCCN3C(=O)c3cc(C)ccc3-c3ncccn3)[nH]c2cc1OC,CHEMBL5113,1.0,1.0,0.725,7217,False
COc1cc2nc([C@]3(C)CCCN3C(=O)c3cc(C)ccc3-c3ncccn3)[nH]c2cc1OC,CHEMBL4792,2.0,2.0,0.725,7613,False
COc1cc2ncc(-c3cccc(NC4CCCNC4)n3)n2cc1-c1cn[nH]c1,CHEMBL2079845,3.0,3.0,0.906,319,False
COc1cc2ncc(-c3cccc(NC4CCCNC4)n3)n2cc1-c1cn[nH]c1,CHEMBL1974,1.0,1.0,0.906,4344,False
COc1cc2nccc(CN3CCc4c(cccc4C(=O)NC4CC4)C3)c2cc1OC,CHEMBL279,1.0,1.0,0.794,10551,False
COc1cc2nccc(Oc3ccc(NC(=O)Nc4c(Cl)cccc4Cl)cc3)c2cc1OC,CHEMBL279,5.0,5.0,0.606,10551,False
COc1cc2nccc(Oc3ccc(NC(=O)Nc4c(F)cccc4F)cc3)c2cc1OC,CHEMBL279,16.0,16.0,0.629,10551,False
COc1cc2nccc(Oc3ccc(NC(=O)Nc4c(F)cccc4F)cc3)c2cc1OC,CHEMBL2007,3.0,3.0,0.644,933,False
COc1cc2nccc(Oc3ccc(NC(=O)Nc4cc(Cl)cc(Cl)c4)cc3)c2cc1OC,CHEMBL279,2.0,2.0,0.661,10551,False
COc1cc2nccc(Oc3ccc(NC(=O)Nc4cc(Cl)cc(Cl)c4)cc3)c2cc1OC,CHEMBL2007,3.0,3.0,0.661,933,False
COc1cc2nccc(Oc3ccc(NC(=O)Nc4cc(Cl)ccc4Cl)cc3)c2cc1OC,CHEMBL279,1.0,1.0,0.635,10551,False
COc1cc2nccc(Oc3ccc(NC(=O)Nc4cc(Cl)ccc4Cl)cc3)c2cc1OC,CHEMBL2007,3.0,3.0,0.609,933,False
COc1cc2nccc(Oc3ccc(NC(=O)Nc4cc(F)cc(F)c4)cc3)c2cc1OC,CHEMBL279,2.0,2.0,0.69,10551,False
COc1cc2nccc(Oc3ccc(NC(=O)Nc4cc(F)cc(F)c4)cc3)c2cc1OC,CHEMBL2007,25.0,35.0,0.661,933,False
COc1cc2nccc(Oc3ccc(NC(=O)Nc4cc(F)ccc4F)cc3)c2cc1OC,CHEMBL279,8.0,8.0,0.661,10551,False
COc1cc2nccc(Oc3ccc(NC(=O)Nc4cc(F)ccc4F)cc3)c2cc1OC,CHEMBL2007,30.0,36.0,0.609,933,False
COc1cc2nccc(Oc3ccc(NC(=O)Nc4ccc(C)cc4)cc3)c2cc1OC,CHEMBL279,1.0,1.0,0.729,10551,False
COc1cc2nccc(Oc3ccc(NC(=O)Nc4ccc(C)cc4)cc3)c2cc1OC,CHEMBL2007,2.0,2.0,0.702,933,False
COc1cc2nccc(Oc3ccc(NC(=O)Nc4ccc(Cl)c(Cl)c4)cc3)c2cc1OC,CHEMBL279,7.0,7.0,0.623,10551,False
COc1cc2nccc(Oc3ccc(NC(=O)Nc4ccc(Cl)c(Cl)c4)cc3)c2cc1OC,CHEMBL2007,3.0,3.0,0.65,933,False
COc1cc2nccc(Oc3ccc(NC(=O)Nc4ccc(Cl)cc4)cc3)c2cc1OC,CHEMBL279,1.0,1.0,0.745,10551,False
COc1cc2nccc(Oc3ccc(NC(=O)Nc4ccc(Cl)cc4)cc3)c2cc1OC,CHEMBL2007,3.0,3.0,0.684,933,False
COc1cc2nccc(Oc3ccc(NC(=O)Nc4ccc(Cl)cc4Cl)cc3)c2cc1OC,CHEMBL279,3.0,3.0,0.662,10551,False
COc1cc2nccc(Oc3ccc(NC(=O)Nc4ccc(Cl)cc4Cl)cc3)c2cc1OC,CHEMBL2007,4.0,4.0,0.662,933,False
COc1cc2nccc(Oc3ccc(NC(=O)Nc4ccc(F)c(F)c4)cc3)c2cc1OC,CHEMBL279,18.0,18.0,0.65,10551,False
COc1cc2nccc(Oc3ccc(NC(=O)Nc4ccc(F)c(F)c4)cc3)c2cc1OC,CHEMBL2007,7.0,7.0,0.65,933,False
COc1cc2nccc(Oc3ccc(NC(=O)Nc4ccc(F)cc4)cc3)c2cc1OC,CHEMBL279,11.0,11.0,0.778,10551,False
COc1cc2nccc(Oc3ccc(NC(=O)Nc4ccc(F)cc4)cc3)c2cc1OC,CHEMBL2007,30.0,35.0,0.714,933,False
COc1cc2nccc(Oc3ccc(NC(=O)Nc4ccc(F)cc4F)c(C)c3)c2cc1OC,CHEMBL279,2.0,2.0,0.606,10551,False
COc1cc2nccc(Oc3ccc(NC(=O)Nc4ccc(F)cc4F)c(C)c3)c2cc1OC,CHEMBL2007,9.0,9.0,0.58,933,False
COc1cc2nccc(Oc3ccc(NC(=O)Nc4ccc(F)cc4F)c(Cl)c3)c2cc1OC,CHEMBL279,6.0,6.0,0.692,10551,False
COc1cc2nccc(Oc3ccc(NC(=O)Nc4ccc(F)cc4F)c(F)c3)c2cc1OC,CHEMBL279,2.0,2.0,0.645,10551,False
COc1cc2nccc(Oc3ccc(NC(=O)Nc4ccc(F)cc4F)c(F)c3)c2cc1OC,CHEMBL2007,17.0,17.0,0.591,933,False
COc1cc2nccc(Oc3ccc(NC(=O)Nc4ccc(F)cc4F)c(F)c3)c2cc1OC,CHEMBL1936,29.0,23.0,0.591,3154,False
COc1cc2nccc(Oc3ccc(NC(=O)Nc4ccc(F)cc4F)c(F)c3)c2cc1OC,CHEMBL4142,4.0,4.0,0.597,1791,False
COc1cc2nccc(Oc3ccc(NC(=O)Nc4ccc(F)cc4F)c(F)c3)c2cc1OC,CHEMBL4895,1.0,1.0,0.7,2888,False
COc1cc2nccc(Oc3ccc(NC(=O)Nc4ccc(F)cc4F)cc3)c2cc1OC,CHEMBL279,1.0,1.0,0.75,10551,False
COc1cc2nccc(Oc3ccc(NC(=O)Nc4ccc(F)cc4F)cc3)c2cc1OC,CHEMBL2007,30.0,36.0,0.609,933,False
COc1cc2nccc(Oc3ccc(NC(=O)Nc4ccc(F)cc4F)cc3Cl)c2cc1OC,CHEMBL279,2.0,2.0,0.603,10551,False
COc1cc2nccc(Oc3ccc(NC(=O)Nc4ccc(F)cc4F)cc3Cl)c2cc1OC,CHEMBL2007,16.0,16.0,0.514,933,False
COc1cc2nccc(Oc3ccc(NC(=O)Nc4ccc(F)cc4F)cc3F)c2cc1OC,CHEMBL2007,24.0,25.0,0.553,933,False
COc1cc2nccc(Oc3ccc(NC(=O)Nc4ccc([N+](=O)[O-])cc4)cc3)c2cc1OC,CHEMBL279,8.0,8.0,0.591,10551,False
COc1cc2nccc(Oc3ccc(NC(=O)Nc4ccc([N+](=O)[O-])cc4)cc3)c2cc1OC,CHEMBL2007,2.0,2.0,0.639,933,False
COc1cc2nccc(Oc3ccc(NC(=O)Nc4cccc(C)c4)cc3)c2cc1OC,CHEMBL279,8.0,8.0,0.625,10551,False
COc1cc2nccc(Oc3ccc(NC(=O)Nc4cccc(C)c4)cc3)c2cc1OC,CHEMBL2007,1.0,1.0,0.672,933,False
COc1cc2nccc(Oc3ccc(NC(=O)Nc4cccc(Cl)c4)cc3)c2cc1OC,CHEMBL279,1.0,1.0,0.698,10551,False
COc1cc2nccc(Oc3ccc(NC(=O)Nc4cccc(Cl)c4)cc3)c2cc1OC,CHEMBL2007,3.0,3.0,0.644,933,False
COc1cc2nccc(Oc3ccc(NC(=O)Nc4cccc(Cl)c4Cl)cc3)c2cc1OC,CHEMBL279,14.0,14.0,0.58,10551,False
COc1cc2nccc(Oc3ccc(NC(=O)Nc4cccc(Cl)c4Cl)cc3)c2cc1OC,CHEMBL2007,2.0,2.0,0.627,933,False
COc1cc2nccc(Oc3ccc(NC(=O)Nc4cccc(F)c4)cc3)c2cc1OC,CHEMBL279,1.0,1.0,0.698,10551,False
COc1cc2nccc(Oc3ccc(NC(=O)Nc4cccc(F)c4)cc3)c2cc1OC,CHEMBL2007,21.0,35.0,0.644,933,False
COc1cc2nccc(Oc3ccc(NC(=O)Nc4cccc(F)c4F)cc3)c2cc1OC,CHEMBL279,19.0,19.0,0.6,10551,False
COc1cc2nccc(Oc3ccc(NC(=O)Nc4cccc(F)c4F)cc3)c2cc1OC,CHEMBL2007,3.0,3.0,0.613,933,False
COc1cc2nccc(Oc3ccc(NC(=O)Nc4cccc([N+](=O)[O-])c4)cc3)c2cc1OC,CHEMBL279,8.0,8.0,0.563,10551,False
COc1cc2nccc(Oc3ccc(NC(=O)Nc4cccc([N+](=O)[O-])c4)cc3)c2cc1OC,CHEMBL2007,2.0,2.0,0.603,933,False
COc1cc2nccc(Oc3ccc(NC(=O)Nc4ccccc4)cc3)c2cc1OC,CHEMBL279,6.0,6.0,0.712,10551,False
COc1cc2nccc(Oc3ccc(NC(=O)Nc4ccccc4)cc3)c2cc1OC,CHEMBL2007,1.0,1.0,0.784,933,False
COc1cc2nccc(Oc3ccc(NC(=O)Nc4ccccc4C)cc3)c2cc1OC,CHEMBL279,6.0,6.0,0.6,10551,False
COc1cc2nccc(Oc3ccc(NC(=O)Nc4ccccc4C)cc3)c2cc1OC,CHEMBL2007,1.0,1.0,0.746,933,False
COc1cc2nccc(Oc3ccc(NC(=O)Nc4ccccc4F)cc3)c2cc1OC,CHEMBL279,1.0,1.0,0.662,10551,False
COc1cc2nccc(Oc3ccc(NC(=O)Nc4ccccc4F)cc3)c2cc1OC,CHEMBL2007,2.0,2.0,0.661,933,False
COc1cc2nccc(Oc3ccc(NC(=O)Nc4ccccc4[N+](=O)[O-])cc3)c2cc1OC,CHEMBL279,6.0,6.0,0.556,10551,False
COc1cc2nccc(Oc3ccc(NC(=O)Nc4ccccc4[N+](=O)[O-])cc3)c2cc1OC,CHEMBL2007,2.0,2.0,0.619,933,False
COc1cc2nccc(Oc3ccc4c(NC(=O)C5CC5)nn(C)c4c3)c2cc1OC,CHEMBL279,1.0,1.0,0.734,10551,False
COc1cc2ncn(CCC[C@H]3NCCC[C@@H]3O)c2cc1Cl,CHEMBL2638,1.0,1.0,0.678,89,False
COc1cc2ncnc(Oc3cc(NC(=O)Nc4cc(C(C)(C)C)on4)c(F)cc3F)c2cc1OC,CHEMBL5145,2.0,2.0,0.605,5743,False
COc1cc2ncnc(Oc3cc(NC(=O)Nc4cc(C(C)(C)C)on4)ccc3Cl)c2cc1OC,CHEMBL5145,2.0,2.0,0.682,5743,False
COc1cc2ncnc(Oc3cc(NC(=O)Nc4cc(C(C)(C)C)on4)ccc3F)c2cc1OC,CHEMBL5145,2.0,2.0,0.682,5743,False
COc1cc2ncnc(Oc3cc(NC(=O)Nc4cc(C(C)(C)C)on4)ccc3F)c2cc1OC,CHEMBL1906,3.0,3.0,0.625,2781,False
COc1cc2ncnc(Oc3ccc(Cl)c(NC(=O)Nc4cc(C(C)(C)C)on4)c3)c2cc1OC,CHEMBL5145,4.0,4.0,0.602,5743,False
COc1cc2ncnc(Oc3ccc(F)c(NC(=O)Nc4cc(C(C)(C)C)on4)c3)c2cc1OC,CHEMBL5145,2.0,2.0,0.628,5743,False
COc1cc2ncnc(Oc3ccc(NC(=O)Nc4cc(C)on4)c4ccccc34)c2cc1OC,CHEMBL279,1.0,1.0,0.672,10551,False
COc1cc2ncnc(Oc3cccc(NC(=O)Nc4cc(C(C)(C)C#N)on4)c3)c2cc1OC,CHEMBL5145,1.0,1.0,0.764,5743,False
COc1cc2ncnc(Oc3cccc(NC(=O)Nc4cc(C(C)(C)C#N)on4)c3)c2cc1OC,CHEMBL1906,2.0,2.0,0.691,2781,False
COc1cc2ncnc(Oc3cccc(NC(=O)Nc4cc(C(C)(C)C(F)(F)F)on4)c3)c2cc1OC,CHEMBL5122,27.0,28.0,0.405,348,False
COc1cc2ncnc(Oc3cccc(NC(=O)Nc4cc(C(C)(C)C(F)(F)F)on4)c3)c2cc1OC,CHEMBL5014,28.0,29.0,0.405,705,False
COc1cc2ncnc(Oc3cccc(NC(=O)Nc4cc(C(C)(C)C(F)(F)F)on4)c3)c2cc1OC,CHEMBL203,16.0,16.0,0.538,11022,False
COc1cc2ncnc(Oc3cccc(NC(=O)Nc4cc(C(C)(C)C(F)(F)F)on4)c3)c2cc1OC,CHEMBL3982,59.0,50.0,0.375,234,False
COc1cc2ncnc(Oc3cccc(NC(=O)Nc4cc(C(C)(C)C(F)(F)F)on4)c3)c2cc1OC,CHEMBL3622,803.0,305.0,0.293,1617,False
COc1cc2ncnc(Oc3cccc(NC(=O)Nc4cc(C(C)(C)C(F)(F)F)on4)c3)c2cc1OC,CHEMBL3886,456.0,161.0,0.322,309,False
COc1cc2ncnc(Oc3cccc(NC(=O)Nc4cc(C(C)(C)C(F)(F)F)on4)c3)c2cc1OC,CHEMBL5145,1.0,1.0,0.761,5743,False
COc1cc2ncnc(Oc3cccc(NC(=O)Nc4cc(C(C)(C)C(F)(F)F)on4)c3)c2cc1OC,CHEMBL1795199,34.0,32.0,0.405,298,False
COc1cc2ncnc(Oc3cccc(NC(=O)Nc4cc(C(C)(C)C(F)(F)F)on4)c3)c2cc1OC,CHEMBL4179,110.0,177.0,0.318,1152,False
COc1cc2ncnc(Oc3cccc(NC(=O)Nc4cc(C(C)(C)C(F)(F)F)on4)c3)c2cc1OC,CHEMBL2964,751.0,252.0,0.308,221,False
COc1cc2ncnc(Oc3cccc(NC(=O)Nc4cc(C(C)(C)C(F)(F)F)on4)c3)c2cc1OC,CHEMBL4014,52.0,38.0,0.405,148,False
COc1cc2ncnc(Oc3cccc(NC(=O)Nc4cc(C(C)(C)C(F)(F)F)on4)c3)c2cc1OC,CHEMBL258,18.0,18.0,0.471,2369,False
COc1cc2ncnc(Oc3cccc(NC(=O)Nc4cc(C(C)(C)C(F)(F)F)on4)c3)c2cc1OC,CHEMBL3987,37.0,34.0,0.405,51,False
COc1cc2ncnc(Oc3cccc(NC(=O)Nc4cc(C(C)(C)C(F)(F)F)on4)c3)c2cc1OC,CHEMBL3961,96.0,140.0,0.322,254,False
COc1cc2ncnc(Oc3cccc(NC(=O)Nc4cc(C(C)(C)C(F)(F)F)on4)c3)c2cc1OC,CHEMBL1913,7.0,9.0,0.569,1991,False
COc1cc2ncnc(Oc3cccc(NC(=O)Nc4cc(C(C)(C)C(F)(F)F)on4)c3)c2cc1OC,CHEMBL1974,4.0,4.0,0.667,4344,False
COc1cc2ncnc(Oc3cccc(NC(=O)Nc4cc(C(C)(C)C(F)(F)F)on4)c3)c2cc1OC,CHEMBL4852,150.0,150.0,0.322,465,False
COc1cc2ncnc(Oc3cccc(NC(=O)Nc4cc(C(C)(C)C(F)(F)F)on4)c3)c2cc1OC,CHEMBL1844,14.0,7.0,0.574,2620,False
COc1cc2ncnc(Oc3cccc(NC(=O)Nc4cc(C(C)(C)C(F)(F)F)on4)c3)c2cc1OC,CHEMBL279,3.0,3.0,0.677,10551,False
COc1cc2ncnc(Oc3cccc(NC(=O)Nc4cc(C(C)(C)C(F)(F)F)on4)c3)c2cc1OC,CHEMBL260,5.0,5.0,0.611,5079,False
COc1cc2ncnc(Oc3cccc(NC(=O)Nc4cc(C(C)(C)C(F)(F)F)on4)c3F)c2cc1OC,CHEMBL5145,1.0,1.0,0.632,5743,False
COc1cc2ncnc(Oc3cccc(NC(=O)Nc4cc(C(C)(C)C)on4)c3)c2cc1O,CHEMBL5145,2.0,2.0,0.729,5743,False
COc1cc2ncnc(Oc3cccc(NC(=O)Nc4cc(C(C)(C)C)on4)c3)c2cc1OC,CHEMBL5145,1.0,1.0,0.795,5743,False
COc1cc2ncnc(Oc3cccc(NC(=O)Nc4cc(C(C)(C)C)on4)c3)c2cc1OC,CHEMBL1906,2.0,2.0,0.784,2781,False
COc1cc2ncnc(Oc3cccc(NC(=O)Nc4cc(C(C)(C)C)on4)c3C)c2cc1OC,CHEMBL5145,2.0,2.0,0.629,5743,False
COc1cc2ncnc(Oc3cccc(NC(=O)Nc4cc(C(C)(C)CO)on4)c3)c2cc1OC,CHEMBL5145,1.0,1.0,0.773,5743,False
COc1cc2ncnc(Oc3cccc(NC(=O)Nc4cc(C(C)(C)F)on4)c3)c2cc1OC,CHEMBL5145,1.0,1.0,0.765,5743,False
COc1cc2ncnc(Oc3cccc(NC(=O)Nc4cc(C(C)(CF)CF)on4)c3)c2cc1OC,CHEMBL5145,1.0,1.0,0.764,5743,False
COc1cc2ncnc(Oc3cccc(NC(=O)Nc4cc(C(C)C)on4)c3)c2cc1OC,CHEMBL5145,1.0,1.0,0.769,5743,False
COc1cc2ncnc(Oc3cccc(NC(=O)Nc4cc(C)on4)c3)c2cc1OC,CHEMBL5145,1.0,1.0,0.781,5743,False
COc1cc2ncnc(Oc3cccc(NC(=O)Nc4nccc(C(F)(F)F)n4)c3)c2cc1OC,CHEMBL5145,2.0,2.0,0.758,5743,False
COc1cc2ncnc(Oc3cccc(NC(=O)Nc4nccc(C(F)(F)F)n4)c3)c2cc1OC,CHEMBL1906,1.0,1.0,0.758,2781,False
COc1ccc(-c2[nH]c3ccc(-c4ccc(-c5cccc(CN6CCN(C)CC6)c5)cc4)cc3c2C(C)C)cc1OC,CHEMBL5936,1.0,1.0,0.794,5391,False
COc1ccc(-c2[nH]c3ccc(-c4ccc(-c5cccc(CN6CCN(C)CC6)c5)cc4)cc3c2C(C)C)cc1OC,CHEMBL5805,2.0,2.0,0.794,4084,False
COc1ccc(-c2[nH]c3ccc(-c4ccc(-c5cccc(CN6CCN(C)CC6)c5)cc4)cc3c2C(C)C)cc1OC,CHEMBL5804,3.0,3.0,0.714,3644,False
COc1ccc(-c2c(/C=C/C(=O)N3CCN(c4ncccn4)CC3)noc2-c2cc(Cl)c(O)cc2O)cc1,CHEMBL4766,1.0,1.0,0.845,803,False
COc1ccc(-c2c(=O)ncn3nc(Sc4ccccc4)ccc23)cc1,CHEMBL260,52.0,83.0,0.299,5079,False
COc1ccc(-c2c(C#N)c(N)nc3c2CCc2ccccc2-3)cc1OC,CHEMBL3230,315.0,260.0,0.28,578,False
COc1ccc(-c2c(C)noc2C)cc1S(=O)(=O)N1CCNCC1,CHEMBL1163125,2.0,2.0,0.788,9315,False
COc1ccc(-c2c(C)noc2C)cc1S(=O)(=O)N1CCNCC1,CHEMBL1795186,3.0,3.0,0.788,972,False
COc1ccc(-c2c(C)noc2C)cc1S(=O)(=O)N1CCNCC1,CHEMBL1293289,1.0,1.0,0.788,905,False
COc1ccc(-c2c3n(c4ccc(C)cc24)C[C@@](NC(=O)c2ccc(-n4cnnc4)cc2Cl)(c2ccccc2)CC3)cn1,CHEMBL2016,1.0,1.0,0.854,931,False
COc1ccc(-c2c[nH]c3cc(F)ccc23)cn1,CHEMBL2140,1.0,1.0,0.653,983,False
COc1ccc(-c2cc(-c3ccc4c(c3)OCO4)n3c(n2)nc2ccccc23)cc1,CHEMBL1974,1.0,1.0,0.61,4344,False
COc1ccc(-c2cc(-c3ccc4c(c3)OCO4)n3c(n2)nc2ccccc23)cc1OC,CHEMBL1974,1.0,1.0,0.623,4344,False
COc1ccc(-c2cc(NC3CC3)n3ncc(C#N)c3n2)cc1,CHEMBL3629,1.0,1.0,0.661,934,False
COc1ccc(-c2cc3c(-c4cccc(-n5ccc6cc(C7CC7)cc(F)c6c5=O)c4CO)ncnc3[nH]2)cn1,CHEMBL5251,1.0,1.0,0.845,9782,False
COc1ccc(-c2ccc3c(c2)ncn3-c2ccccc2)cc1,CHEMBL279,3.0,5.0,0.608,10551,False
COc1ccc(-c2ccc3ncc(-c4nnco4)c(NCCCN4CCOCC4)c3c2)cc1,CHEMBL1781,1.0,1.0,0.712,447,False
COc1ccc(-c2ccccc2-c2csc(N(C(=O)[C@@H](CC(=O)O)CC3CCCC3)C3CC3)n2)cn1,CHEMBL5493,1.0,1.0,0.803,612,False
COc1ccc(-c2cn3cc(-c4ccccc4)nc(N)c3n2)cc1,CHEMBL226,1.0,1.0,0.61,5123,False
COc1ccc(-c2cnc3snc(NC(=O)C4CCC4)c3c2)cc1OC,CHEMBL3980,1.0,1.0,0.961,171,False
COc1ccc(-c2cncc(C3COB(O)C3)c2)c(C#N)c1OC,CHEMBL4227,1.0,1.0,0.759,2172,False
COc1ccc(-c2cncc(C3COB(O)C3)c2)c(F)c1OC,CHEMBL4227,1.0,1.0,0.741,2172,False
COc1ccc(-c2cncc(C3COB(O)C3)c2)cc1OC,CHEMBL4227,1.0,1.0,0.837,2172,False
COc1ccc(-c2cncc(C3COB(O)C3)c2)cc1OC(C)C,CHEMBL4227,1.0,1.0,0.755,2172,False
COc1ccc(-c2cncc(C3COB(O)C3)c2)cc1OCCCO,CHEMBL4227,1.0,1.0,0.836,2172,False
COc1ccc(-c2cncc(C3COB(O)C3)c2)cc1OCCF,CHEMBL4227,1.0,1.0,0.836,2172,False
COc1ccc(-c2cncc(C3COB(O)C3)c2)cc1OCCO,CHEMBL4227,2.0,2.0,0.868,2172,False
COc1ccc(-c2nc(=O)n(Cc3cnc(Cl)s3)c3sc4c(c23)CCC(C(C)(C)C)C4)cc1,CHEMBL1163125,1.0,1.0,0.711,9315,False
COc1ccc(-c2nc(COc3ccc(OCC(=O)O)c(C)c3)oc2-c2cnc3ccccc3c2)cc1,CHEMBL3979,1.0,1.0,0.797,1864,False
COc1ccc(-c2nc3c(NCCCNC(=O)c4cccs4)c(Br)cnc3[nH]2)cc1,CHEMBL5408,2.0,2.0,0.761,2312,False
COc1ccc(-c2nc3c(NCCCNC(=O)c4cccs4)c(Br)cnc3[nH]2)cc1,CHEMBL3529,4.0,4.0,0.761,496,False
COc1ccc(-c2nc3c4cn(C)nc4nc(NC(=O)c4ccccc4)n3n2)cc1,CHEMBL256,1.0,1.0,0.8,4904,False
COc1ccc(-c2nc3n(n2)-c2cc(C)ccc2N(C(=O)Cc2ccccc2)C3)cc1,CHEMBL256,2.0,2.0,0.78,4904,False
COc1ccc(-c2ncnc3c2cnn3CCN2CCCCC2)cc1,CHEMBL287,1.0,1.0,0.769,3166,False
COc1ccc(-c2nnc(-c3cc(Cl)c([C@]4(C)CS(=O)(=O)N(C)C(=N)N4)s3)o2)cc1,CHEMBL4822,2.0,2.0,0.797,9994,False
COc1ccc(-c2nnc(-c3cc(Cl)c([C@]4(C)CS(=O)(=O)N(C)C(=N)N4)s3)o2)cc1,CHEMBL2525,1.0,1.0,0.797,2213,False
COc1ccc(-c2ocnc2C(=O)NCc2ccncc2)nc1Cl,CHEMBL262,1.0,1.0,0.695,5430,False
COc1ccc(-c2sc(NC(=O)CCC3CCCC3)nc2C)cc1S(=O)(=O)NCCCCO,CHEMBL3268,3.0,2.0,0.696,483,False
COc1ccc(-n2c(C)c(C(=O)Nc3ccc(Oc4ccnc5cc(OCCCN6CCN(C)CC6)c(OC)cc45)c(F)c3)n(C)c2=O)cc1,CHEMBL3717,1.0,1.0,0.807,4639,False
COc1ccc(-n2cnc3c(sc4ncc5c(c43)NCCO5)c2=O)cc1,CHEMBL3772,1.0,1.0,0.591,799,False
COc1ccc(-n2cnc3c(sc4ncc5c(c43)NC[C@@H](C)O5)c2=O)cc1,CHEMBL3772,1.0,1.0,0.574,799,False
COc1ccc(-n2nc(C(=O)Nc3ccc(Oc4ccnc(NC(=O)C5CC5)c4)c(F)c3)c(=O)n(C)c2=O)cc1,CHEMBL3717,1.0,1.0,0.779,4639,False
COc1ccc(-n2nc(C(=O)Nc3ccc(Oc4ccnc(NC(=O)C5CC5)c4)c(F)c3)c(=O)n(C)c2=O)cc1OC,CHEMBL3717,1.0,1.0,0.716,4639,False
COc1ccc(/C=C(/C(=O)N2CC(=O)Nc3cc(OC)ccc32)c2ccc(OC)cc2)cc1,CHEMBL1163125,2.0,2.0,0.707,9315,False
COc1ccc(/C=C(/C(=O)N2CC(=O)Nc3cc(OC)ccc32)c2ccc(OC)cc2)cc1,CHEMBL1293289,1.0,1.0,0.707,905,False
COc1ccc(/C=C(/C(=O)N2CC(=O)Nc3cc(OC)ccc32)c2ccccc2)cc1,CHEMBL1163125,2.0,2.0,0.7,9315,False
COc1ccc(/C=C(/C(=O)N2CC(=O)Nc3ccccc32)c2ccc(C)c(C)c2)cc1,CHEMBL1163125,2.0,2.0,0.738,9315,False
COc1ccc(/C=C(/C(=O)N2CC(=O)Nc3ccccc32)c2ccc(NC(C)=O)cc2)cc1,CHEMBL1163125,2.0,2.0,0.754,9315,False
COc1ccc(/C=C(/C(=O)N2CC(=O)Nc3ccccc32)c2ccc(NC(C)=O)cc2)cc1,CHEMBL1293289,1.0,1.0,0.754,905,False
COc1ccc(/C=C(/C(=O)N2CC(=O)Nc3ccccc32)c2ccc(OC)c(OC)c2)cc1,CHEMBL1163125,2.0,2.0,0.738,9315,False
COc1ccc(/C=C(/C(=O)N2CC(=O)Nc3ccccc32)c2ccc(OC)c(OC)c2)cc1,CHEMBL1293289,1.0,1.0,0.738,905,False
COc1ccc(/C=C(/C(=O)N2CC(=O)Nc3ccccc32)c2ccc(OC)cc2)cc1,CHEMBL1163125,2.0,2.0,0.868,9315,False
COc1ccc(/C=C(/C(=O)N2CC(=O)Nc3ccccc32)c2ccc(OC)cc2)cc1,CHEMBL1293289,1.0,1.0,0.868,905,False
COc1ccc(/C=C(/C(=O)N2CC(=O)Nc3ccccc32)c2ccccc2)cc1,CHEMBL1163125,2.0,2.0,0.818,9315,False
COc1ccc(/C=C(/C(=O)N2CC(=O)Nc3ccccc32)c2ccccc2)cc1,CHEMBL1293289,1.0,1.0,0.818,905,False
COc1ccc(/C=C/C2=NN(CCCCN)C(=O)N(Cc3ccc(-c4ccccc4)cc3)c3ccccc32)cc1,CHEMBL3764,2.0,1.0,0.468,627,False
COc1ccc(/C=C2\S/C(=N\c3ccccc3)N(Cc3ccc(C(=O)O)cc3)C2=O)cc1OCCc1ccccc1,CHEMBL335,1.0,1.0,0.939,3606,False
COc1ccc(/C=C2\S/C(=N\c3ccccc3)N(Cc3ccc(C(=O)O)cc3)C2=O)cc1OCCc1ccccc1,CHEMBL3807,2.0,2.0,0.939,896,False
COc1ccc(/C=C2\S/C(=N\c3ccccc3)N(Cc3ccc(C(=O)O)cc3)C2=O)cc1OCCc1ccccc1,CHEMBL4903,3.0,3.0,0.939,465,False
COc1ccc(/C=N/NC(=O)c2nn(-c3ccc(S(N)(=O)=O)cc3)c3nc(C)cc(=O)n23)cc1,CHEMBL261,4.0,4.0,0.806,7567,False
COc1ccc(/C=N/NC(=O)c2nn(-c3ccc(S(N)(=O)=O)cc3)c3nc(C)cc(=O)n23)cc1,CHEMBL205,3.0,3.0,0.806,8715,False
COc1ccc(/C=N/NC(=O)c2nn(-c3ccc(S(N)(=O)=O)cc3)c3nc(C)cc(=O)n23)cc1,CHEMBL3594,2.0,2.0,0.806,6139,False
COc1ccc(/C=N/NC(=O)c2nn(-c3ccc(S(N)(=O)=O)cc3)c3nc(C)cc(=O)n23)cc1,CHEMBL3242,1.0,1.0,0.806,4916,False
COc1ccc(/N=N/c2cc(-c3cc(OC4CCOCC4)c4ncnc(C)c4c3)cnc2OC)cc1,CHEMBL4005,1.0,1.0,1.0,7718,True
COc1ccc(Br)cc1-n1c(-c2cccs2)nnc1N(C)S(=O)(=O)CCc1ccc(Cl)cc1,CHEMBL1628481,1.0,1.0,0.536,3358,False
COc1ccc(Br)cc1-n1c(NS(=O)(=O)CCc2ccc(Cl)cc2)nnc1-c1cccs1,CHEMBL1628481,1.0,1.0,0.747,3358,False
COc1ccc(Br)cc1-n1c(NS(=O)(=O)CCc2ccc(F)cc2)nnc1-c1cccs1,CHEMBL1628481,1.0,1.0,0.639,3358,False
COc1ccc(C(=O)N2CCCCC2)c(NS(=O)(=O)c2cccc3nsnc23)c1,CHEMBL298,1.0,1.0,0.785,1500,False
COc1ccc(C(=O)N2CCN(C(=O)n3sc4c(ccc[n+]4[O-])c3=O)CC2)cc1OC,CHEMBL2730,1.0,1.0,0.678,581,False
COc1ccc(C(=O)N2CCN(CCOc3ccc4c(c3)OCO4)CC2)cc1,CHEMBL234,1.0,1.0,0.729,6166,False
COc1ccc(C(=O)N2CCN(CCOc3ccc4c(c3)OCO4)CC2)cc1,CHEMBL217,2.0,2.0,0.729,9217,False
COc1ccc(C(=O)NCc2cccc(-c3cn4c(n3)CCC4)c2)cc1,CHEMBL1075317,1.0,1.0,0.763,1687,False
COc1ccc(C(=O)NCc2cccc(-c3cn4c(n3)CCC4)c2)cc1OC,CHEMBL1075317,1.0,1.0,0.71,1687,False
COc1ccc(C(=O)NO)cc1NCCc1ccccc1,CHEMBL3192,3.0,3.0,0.773,3069,False
COc1ccc(C(=O)NO)cc1NCCc1ccccc1,CHEMBL325,2.0,2.0,0.773,8231,False
COc1ccc(C(=O)NO)cc1NCCc1ccccc1,CHEMBL1865,1.0,1.0,0.773,6508,False
COc1ccc(C(=O)NO)cc1OCc1ccc(-c2noc(-c3ccccc3)n2)cc1,CHEMBL2760,4.0,1.0,0.769,123,False
COc1ccc(C(=O)NO)cc1OCc1ccc(C(=O)NCCCCCCCCNc2cccc3c2C(=O)N(C2CCC(=O)NC2=O)C3=O)cc1,CHEMBL3192,1.0,2.0,0.59,3069,False
COc1ccc(C(=O)Nc2cc(-c3ccc(C(=O)O)cc3)[nH]n2)cc1,CHEMBL3629,5.0,5.0,0.538,934,False
COc1ccc(C(=O)Nc2cc(-c3ccc(C(=O)O)cc3)[nH]n2)cc1,CHEMBL4070,6.0,6.0,0.538,329,False
COc1ccc(C(=O)O)cc1-n1c(NS(=O)(=O)CCc2ccc(Cl)cc2)nnc1-c1cccs1,CHEMBL1628481,1.0,1.0,0.722,3358,False
COc1ccc(C(=O)c2nc(C(=O)O)cc3cc(OC)c(O)cc23)cc1O,CHEMBL3997,1.0,1.0,0.58,39,False
COc1ccc(C(=O)c2nccc3cc(OC)c(OC)cc23)cc1OC,CHEMBL1293265,1813.0,918.0,0.247,57,False
COc1ccc(C(=O)c2nccc3cc(OC)c(OC)cc23)cc1OC,CHEMBL1741207,1101.0,84.0,0.373,630,False
COc1ccc(C(=O)c2nccc3cc(OC)c(OC)cc23)cc1OC,CHEMBL1741213,1094.0,51.0,0.385,814,False
COc1ccc(C(=O)c2nccc3cc(OC)c(OC)cc23)cc1OC,CHEMBL1741215,402.0,15.0,0.481,697,False
COc1ccc(C(=O)c2nccc3cc(OC)c(OC)cc23)cc1OC,CHEMBL2334,10.0,14.0,0.481,1965,False
COc1ccc(C(=O)c2nccc3cc(OC)c(OC)cc23)cc1OC,CHEMBL1795093,1230.0,382.0,0.295,493,False
COc1ccc(C(C)(C)c2cc(-c3cnc(NC(=O)N4CCC[C@@]4(C)C(N)=O)s3)ccn2)cc1,CHEMBL4005,1.0,1.0,0.739,7718,False
COc1ccc(C2(CN)CCCCC2)cc1Nc1ncc(Cl)c(Nc2ccccc2S(=O)(=O)C(C)C)n1,CHEMBL4247,1.0,1.0,0.985,2510,False
COc1ccc(C2(CN)CCCCC2)cc1Nc1ncc(Cl)c(Nc2ccccc2S(=O)(=O)C(C)C)n1,CHEMBL1981,2.0,2.0,0.813,947,False
COc1ccc(C2(c3cc(-c4sc(NC(=O)N5CCC[C@@]5(C)C(N)=O)nc4C)ccn3)CC2)cc1,CHEMBL4005,1.0,1.0,0.703,7718,False
COc1ccc(C2=C(c3ccccc3)CCCc3cc(O)ccc32)cc1,CHEMBL206,1.0,1.0,0.569,4427,False
COc1ccc(C2=NNC(=O)C2(C)C)c2[nH]c(C(F)(F)F)nc12,CHEMBL241,2.0,2.0,0.655,726,False
COc1ccc(C2=NNC(=O)C2(C)C)c2[nH]c(C(F)(F)F)nc12,CHEMBL275,1.0,1.0,0.655,2377,False
COc1ccc(C2=NO[C@H](CCCN3CCN(C(c4ccc(F)cc4)c4ccc(F)cc4)CC3)C2)cc1OC,CHEMBL217,3.0,3.0,1.0,9217,True
COc1ccc(C2=NO[C@H](CCCN3CCN(C(c4ccc(F)cc4)c4ccc(F)cc4)CC3)C2)cc1OC,CHEMBL219,2.0,2.0,1.0,2981,True
COc1ccc(C2=NO[C@H](CCCN3CCN(C(c4ccc(F)cc4)c4ccc(F)cc4)CC3)C2)cc1OC,CHEMBL234,1.0,1.0,1.0,6166,True
COc1ccc(C2=[N+]3C(=Cc4c(C)c(CCC(=O)NCCCCCC(=O)NCCCn5nc(C(=O)N[C@@H]6C[C@H]7CCC[C@@H](C6)N7C)c6ccccc65)c(C)n4[B-]3(F)F)C=C2)cc1,CHEMBL1899,1.0,1.0,0.588,1020,False
COc1ccc(C2CCCCN(C(=O)c3cnnc(N(C)C)c3)C2)cc1,CHEMBL5649,1.0,1.0,0.754,308,False
COc1ccc(C2COc3cc(Cn4cnc5cc(C#CC(C)(C)N)cnc54)cc(OC)c3O2)cc1,CHEMBL1844,1.0,1.0,0.84,2620,False
COc1ccc(C2COc3cc(Cn4cnc5cc(C#CC(C)(C)N)cnc54)ccc3O2)cc1,CHEMBL1844,1.0,1.0,1.0,2620,True
COc1ccc(C2Oc3ccc(Cn4cnc5cc(C#CC(C)(C)N)cnc54)cc3OC2C)cc1,CHEMBL1844,1.0,1.0,0.747,2620,False
COc1ccc(C=C2C(=O)c3ccccc3C2=O)cc1O,CHEMBL3402,944.0,276.0,0.354,415,False
COc1ccc(C=C2C(=O)c3ccccc3C2=O)cc1O,CHEMBL5573,1142.0,244.0,0.361,327,False
COc1ccc(C=C2C(=O)c3ccccc3C2=O)cc1O,CHEMBL5979,322.0,326.0,0.333,888,False
COc1ccc(CC(=O)Nc2nc(-c3ccccc3)cs2)cc1,CHEMBL2487,127.0,193.0,0.391,1789,False
COc1ccc(CCCN2CCC(Cc3ccccc3)CC2)cc1OC,CHEMBL4302,59.0,74.0,0.413,2509,False
COc1ccc(CCN(C)CCCN2C(=O)COc3ccccc32)cc1,CHEMBL2760,1.0,1.0,0.717,123,False
COc1ccc(CCN2CCCC2)cc1OCCc1ccccc1,CHEMBL287,1.0,1.0,0.674,3166,False
COc1ccc(CCN2CCn3c(nc4ccccc43)C2)cc1,CHEMBL5137,1.0,1.0,0.854,1873,False
COc1ccc(CN2C3CC2CN(c2ccc(-c4cc(OCCCCCCCCCCC(=O)NCCOCCOC#Cc5cccc6c5CN(C5CCC(=O)NC5=O)C6=O)cn5ncc(C#N)c45)cn2)C3)cn1,CHEMBL2041,1.0,1.0,0.861,4396,False
COc1ccc(CN2C3CC2CN(c2ccc(-c4cc(OCc5cncn5C)cn5ncc(C#N)c45)cn2)C3)cn1,CHEMBL2041,1.0,1.0,0.8,4396,False
COc1ccc(CNC(=O)c2cc3c(C)c(C)nnc3s2)cc1F,CHEMBL1821,1.0,1.0,0.621,1918,False
COc1ccc(CNC(=O)c2ccc(NC(=O)N3Cc4ccc(F)cc4C3)cc2)cc1,CHEMBL1744525,1.0,1.0,0.786,4583,False
COc1ccc(CNC(=O)c2ccc(NC(=O)N3Cc4ccccc4C3)cc2)c(OC)c1,CHEMBL1744525,1.0,1.0,0.825,4583,False
COc1ccc(CNC(=O)c2ccc(NC(=O)N3Cc4ccccc4C3)cc2)cc1,CHEMBL1744525,1.0,1.0,0.808,4583,False
COc1ccc(CNC(=O)c2ccc(NC(=O)N3Cc4ccccc4C3)cc2)cc1OC,CHEMBL1744525,1.0,1.0,0.736,4583,False
COc1ccc(CNC(=O)c2sc3nnc(C)c(C)c3c2C)cc1F,CHEMBL1821,1.0,1.0,0.783,1918,False
COc1ccc(CNC(=O)c2sc3nnc(C)c(C)c3c2N)c(F)c1,CHEMBL1821,1.0,1.0,0.705,1918,False
COc1ccc(CNC(=O)c2sc3nnc(C)c(C)c3c2N)c(F)c1F,CHEMBL1821,1.0,1.0,0.694,1918,False
COc1ccc(CNC(=O)c2sc3nnc(C)c(C)c3c2N)cc1,CHEMBL1821,1.0,1.0,0.764,1918,False
COc1ccc(CNC(=O)c2sc3nnc(C)c(C)c3c2N)cc1F,CHEMBL1821,1.0,1.0,0.746,1918,False
COc1ccc(CNC2CC2c2ccc(C(=O)NCc3ccccc3)cc2)cc1,CHEMBL1951,2.0,2.0,0.68,3112,False
COc1ccc(CNS(=O)(=O)c2ccc3c(c2)nc(CCNC(=O)NC(C)(C)C)n3Cc2ccccc2)cc1,CHEMBL1855,1.0,1.0,0.637,1565,False
COc1ccc(CNc2c(CO)cnc3c(C4CC4)cc(C#N)cc23)cn1,CHEMBL1827,1.0,1.0,0.797,2179,False
COc1ccc(CNc2nc(NC3CCN(Cc4ccccc4)CC3)nc3ccccc23)cc1OC,CHEMBL2487,2.0,2.0,0.807,1789,False
COc1ccc(CNc2nc(OCc3ccccn3)ncc2C(=O)N[C@H]2CC[C@@H](O)CC2)cc1Cl,CHEMBL1827,1.0,1.0,0.75,2179,False
COc1ccc(COC(CCCCCC(=O)NO)C(=O)Nc2ccc(OC)cc2)cc1,CHEMBL1937,3.0,3.0,0.604,2834,False
COc1ccc(COC(CCCCCC(=O)NO)C(=O)Nc2ccccc2)cc1,CHEMBL325,2.0,2.0,0.567,8231,False
COc1ccc(COC(CCCCCC(=O)NO)C(=O)Nc2ccccc2)cc1,CHEMBL1937,1.0,1.0,0.692,2834,False
COc1ccc(COC(CCCCCC(=O)NO)C(=O)Nc2ccccc2)cc1,CHEMBL1829,3.0,3.0,0.538,2582,False
COc1ccc(COC(CCCCCC(=O)NO)C(=O)Nc2ccccc2)cc1,CHEMBL3192,4.0,5.0,0.493,3069,False
COc1ccc(COC(CCCCCC(=O)NO)C(=O)Nc2ccccc2)cc1,CHEMBL3524,8.0,9.0,0.49,1200,False
COc1ccc(COC(CCCCCC(=O)NO)C(=O)Nc2ccccc2)cc1,CHEMBL2563,20.0,18.0,0.49,511,False
COc1ccc(COC(CCCCCC(=O)NO)C(=O)Nc2ccccc2)cc1,CHEMBL2716,18.0,17.0,0.49,398,False
COc1ccc(COC(CCCCCC(=O)NO)C(=O)Nc2ccccc2)cc1,CHEMBL4145,16.0,16.0,0.49,383,False
COc1ccc(COC(CCCCCC(=O)NO)C(=O)Nc2ccccc2)cc1,CHEMBL1865,6.0,7.0,0.49,6508,False
COc1ccc(COC(CCCCCC(=O)NO)C(=O)Nc2ccccc2)cc1,CHEMBL5103,14.0,14.0,0.49,451,False
COc1ccc(COC(CCCCCC(=O)NO)C(=O)Nc2ccccc2)cc1,CHEMBL3310,9.0,10.0,0.49,521,False
COc1ccc(COc2cc(C)cc(N3C(=O)c4ccccc4C3=O)c2)cc1,CHEMBL3227,44.0,20.0,0.4,2955,False
COc1ccc(COc2nc(Br)cnc2NS(=O)(=O)c2ccc(C)cc2)cc1OCCN(C)C,CHEMBL2414,1.0,1.0,0.478,550,False
COc1ccc(C[C@@H](N)C(=O)N2CCN(c3ncnc4ccccc34)CC2)cc1,CHEMBL4282,1.0,1.0,0.772,3688,False
COc1ccc(C[C@@H](N)C(=O)N2CCN(c3ncnc4ccccc34)CC2)cc1,CHEMBL2431,3.0,3.0,0.772,1139,False
COc1ccc(C[C@@H](N)C(=O)N2CCN(c3ncnc4ccccc34)CC2)cc1,CHEMBL4816,2.0,2.0,0.772,468,False
COc1ccc(Cc2cc([C@@H]3O[C@H](CO)[C@@H](O)[C@H](O)[C@H]3O)c3c(c2Cl)OCCC3)cc1,CHEMBL3884,2.0,2.0,0.898,1463,False
COc1ccc(Cc2cc([C@@H]3O[C@H](CO)[C@@H](O)[C@H](O)[C@H]3O)c3c(c2Cl)OCCC3)cc1,CHEMBL4979,1.0,1.0,0.898,1285,False
COc1ccc(Cc2nc(C)nn2-c2cc(C3CC3c3cc4n(n3)CCC4)nc(C)n2)cc1OC,CHEMBL4409,1.0,1.0,0.681,5483,False
COc1ccc(Cc2nnc(NC(=O)Cc3cccs3)s2)cc1,CHEMBL2219,66.0,8.0,0.607,355,False
COc1ccc(Cc2nnc(NC(=O)Cc3cccs3)s2)cc1,CHEMBL242,12.0,20.0,0.5,2308,False
COc1ccc(Cc2nnc(NC(=O)Cc3cccs3)s2)cc1,CHEMBL4361,52.0,82.0,0.438,3411,False
COc1ccc(Cc2nnc(NC(=O)Cc3cccs3)s2)cc1,CHEMBL1795098,83.0,4.0,0.63,1001,False
COc1ccc(Cc2nnc(NC(=O)Cc3cccs3)s2)cc1,CHEMBL1993,84.0,87.0,0.419,406,False
COc1ccc(Cc2nnc(NC(=O)Cc3cccs3)s2)cc1OC,CHEMBL4361,48.0,80.0,0.433,3411,False
COc1ccc(Cc2nnc(NC(=O)Cc3cccs3)s2)cc1OC,CHEMBL4051,1.0,1.0,0.719,915,False
COc1ccc(Cl)cc1-n1c(NS(=O)(=O)CCc2ccc(F)cc2)nnc1-c1cccs1,CHEMBL1628481,1.0,1.0,0.724,3358,False
COc1ccc(Cl)cc1C1(Cn2cccc(C)c2=O)NC(=O)NC1=O,CHEMBL333,4.0,5.0,0.55,3911,False
COc1ccc(Cl)cc1C1(Cn2cccc(C)c2=O)NC(=O)NC1=O,CHEMBL283,3.0,4.0,0.55,1962,False
COc1ccc(Cl)cc1C1(Cn2cccc(C)c2=O)NC(=O)NC1=O,CHEMBL4588,1.0,1.0,0.561,1310,False
COc1ccc(Cl)cc1C1(Cn2cccc(C)c2=O)NC(=O)NC1=O,CHEMBL3869,5.0,3.0,0.561,834,False
COc1ccc(Cl)cc1C1(Cn2cccc(C)c2=O)NC(=O)NC1=O,CHEMBL2937,9.0,6.0,0.55,24,False
COc1ccc(Cn2c(CCc3c[nH]c4ccccc34)nnc2[C@@H](Cc2c[nH]c3ccccc23)NC(=O)[C@H]2CCCN2)cc1,CHEMBL4616,1.0,1.0,1.0,1842,True
COc1ccc(Cn2c(CCc3c[nH]c4ccccc34)nnc2[C@H](Cc2c[nH]c3ccccc23)NC(=O)C2CCNCC2)cc1,CHEMBL4616,1.0,1.0,1.0,1842,True
COc1ccc(Cn2c([C@H](Cc3c[nH]c4ccccc34)NC(=O)C3CCNCC3)nnc2[C@@H](Cc2c[nH]c3ccccc23)NC(=O)[C@@H](CC(C)C)NC(=O)[C@@H](CC(C)C)NC(C)=O)cc1,CHEMBL4616,1.0,1.0,0.795,1842,False
COc1ccc(Cn2cnc(-c3ccc(F)cc3)c2-c2ccnc(NC(N)=O)c2)c(OC)c1,CHEMBL1994,1.0,1.0,0.6,961,False
COc1ccc(Cn2ncc3[nH]c(-c4cc(NC(=O)Nc5ccc(Cl)c(Cl)c5)ccc4C)nc32)cc1,CHEMBL1906,1.0,1.0,0.549,2781,False
COc1ccc(N2C(=O)C(C)(C)N(Cc3ccc(Br)c(C)c3)C2=S)cc1,CHEMBL3397,2.0,2.0,0.522,2945,False
COc1ccc(N2C(=O)C(C)(C)N(Cc3ccc(Br)c(C)c3)C2=S)cc1,CHEMBL3622,4.0,3.0,0.522,1617,False
COc1ccc(N2C(=O)C(C)(C)N(Cc3ccc(C)c(C)c3)C2=S)cc1,CHEMBL3397,2.0,2.0,0.523,2945,False
COc1ccc(N2C(=O)C(C)(C)N(Cc3ccc(C)c(C)c3)C2=S)cc1,CHEMBL3622,4.0,3.0,0.523,1617,False
COc1ccc(N2C(=O)CN(Cc3ccccc3)C2=S)cc1Cl,CHEMBL340,55.0,92.0,0.319,5556,False
COc1ccc(NC(=O)C(CCCCCC(=O)NO)OCc2ccccc2)cc1,CHEMBL1937,1.0,1.0,0.66,2834,False
COc1ccc(NC(=O)CSc2sc3c(O)cc(O)nc3c2C#N)c(OC)c1,CHEMBL1795098,18.0,1.0,0.618,1001,False
COc1ccc(NC(=O)NNC(=O)c2oc3ccccc3c2CN2CCN(c3ccccc3)CC2)cc1,CHEMBL301,1.0,1.0,0.779,2596,False
COc1ccc(NC(=O)Nc2ccc(Oc3ccnc4cc(OC)c(OC)cc34)cc2)cc1,CHEMBL279,3.0,4.0,0.719,10551,False
COc1ccc(NC(=O)Nc2ccc(Oc3ccnc4cc(OC)c(OC)cc34)cc2)cc1,CHEMBL2007,2.0,2.0,0.735,933,False
COc1ccc(NC(=O)O[C@@H]2CCC[C@@H]2Oc2cc3sc(-c4cc(C)cc5nc(OC)cnc45)nc3cc2F)nc1,CHEMBL4691,1.0,1.0,0.863,1223,False
COc1ccc(NC(=O)c2ccc(Oc3ccc(F)cc3F)c(-c3cn(C)c(=O)c4[nH]ccc34)c2)c(OC)n1,CHEMBL1163125,1.0,1.0,0.701,9315,False
COc1ccc(NC(=O)c2nc3ccccc3n([C@@H]3C[C@H]4CC[C@@H](C3)N4C3CCCCCCC3)c2=O)cn1,CHEMBL3638334,4.0,4.0,0.779,414,False
COc1ccc(NC(=O)c2nc3ccccc3n([C@@H]3C[C@H]4CC[C@@H](C3)N4C3CCCCCCC3)c2=O)cn1,CHEMBL233,1.0,1.0,0.779,7306,False
COc1ccc(NC(=O)c2nc3ccccc3n([C@@H]3C[C@H]4CC[C@@H](C3)N4C3CCCCCCC3)c2=O)cn1,CHEMBL237,2.0,2.0,0.779,6265,False
COc1ccc(NC(=O)c2nc3ccccc3n([C@@H]3C[C@H]4CC[C@@H](C3)N4C3CCCCCCC3)c2=O)cn1,CHEMBL236,3.0,3.0,0.779,4835,False
COc1ccc(NCCO)cc1-n1c(NS(=O)(=O)CCc2ccc(Cl)cc2)nnc1-c1cccs1,CHEMBL1628481,1.0,1.0,0.691,3358,False
COc1ccc(Nc2cc(-c3ccc4cc(C#N)cnn34)ncc2C(=O)NC[C@@H](F)C(C)(C)O)cc1,CHEMBL1825,2.0,1.0,0.857,1873,False
COc1ccc(Nc2nc(-c3ccncc3)ncc2-c2nc(C)nc(N)n2)cn1,CHEMBL4005,1.0,1.0,0.833,7718,False
COc1ccc(Nc2nccc(-c3cn(C4CCCC4)c4ccccc34)n2)c(OC)c1,CHEMBL4204,2.0,2.0,0.738,1710,False
COc1ccc(Nc2nccc(-c3cnn4ncccc34)n2)cc1OC,CHEMBL262,2.0,2.0,0.644,5430,False
COc1ccc(Nc2nccc(-c3cnn4ncccc34)n2)cc1OC,CHEMBL301,3.0,3.0,0.644,2596,False
COc1ccc(Nc2nccc(-c3cnn4ncccc34)n2)cc1OC,CHEMBL331,1.0,1.0,0.644,1424,False
COc1ccc(Nc2ncnc3c2ccn3C2CC2)cc1Cl,CHEMBL1795194,3.0,1.0,0.638,180,False
COc1ccc(OC)c(NC(=O)COC(=O)c2cc3c(s2)CCC3)c1,CHEMBL1795098,651.0,5.0,0.443,1001,False
COc1ccc(OC)c(NC(=O)CSc2sc3c(O)cc(O)nc3c2C#N)c1,CHEMBL1795098,18.0,1.0,0.618,1001,False
COc1ccc(OC)c(Sc2ccc3nnc(-c4cnccn4)n3n2)c1,CHEMBL1075104,1.0,1.0,0.768,3454,False
COc1ccc(OCc2cc(C(=O)NC3CCOC(C)(C)C3)no2)c2ccccc12,CHEMBL1795093,1399.0,348.0,0.264,493,False
COc1ccc(O[C@@H]2O[C@H](COC(=O)CCC(F)(F)C(F)(F)C(F)(F)C(F)(F)C(F)(F)C(F)(F)C(F)(F)C(F)(F)F)[C@@H](O[C@@H]3O[C@H](CO[SH+]([O-])(O)O)[C@@H](O[SH+]([O-])(O)O)[C@H](O[C@@H]4O[C@H](COC(=O)C(C)(C)C)[C@@H](O[C@@H]5O[C@H](CO[SH+]([O-])(O)O)[C@@H](O[SH+]([O-])(O)O)[C@H](OC(=O)CCC(C)=O)[C@H]5N5C(=O)c6ccccc6C5=O)[C@H](OCc5ccccc5)[C@H]4OC(=O)c4ccccc4)[C@H]3N3C(=O)c4ccccc4C3=O)[C@H](OCc3ccccc3)[C@H]2OC(=O)c2ccccc2)cc1,CHEMBL3107,2.0,2.0,0.464,81,False
COc1ccc(O[C@@H]2O[C@H](COC(=O)CCC(F)(F)C(F)(F)C(F)(F)C(F)(F)C(F)(F)C(F)(F)C(F)(F)C(F)(F)F)[C@@H](O[C@@H]3O[C@H](CO[SH+]([O-])(O)O)[C@@H](O[SH+]([O-])(O)O)[C@H](O[C@@H]4O[C@H](COC(=O)C(C)(C)C)[C@@H](O[C@@H]5O[C@H](CO[SH+]([O-])(O)O)[C@@H](O[SH+]([O-])(O)O)[C@H](OC(=O)CCC(C)=O)[C@H]5N5C(=O)c6ccccc6C5=O)[C@H](OCc5ccccc5)[C@H]4OC(=O)c4ccccc4)[C@H]3N3C(=O)c4ccccc4C3=O)[C@H](OCc3ccccc3)[C@H]2OC(=O)c2ccccc2)cc1,CHEMBL1949490,1.0,1.0,0.927,9,False
COc1ccc(Oc2c(Cl)cnn(-c3cccc4c3CCCC4)c2=O)cc1,CHEMBL344,1.0,1.0,0.679,3656,False
COc1ccc(Oc2c(Cl)cnn(-c3cccc4c3CCCC4)c2=O)cc1,CHEMBL1293293,2.0,2.0,0.679,302,False
COc1ccc(Oc2cc(Nc3c(Cl)cccc3C(N)=O)c(C(F)(F)F)cn2)cc1,CHEMBL2637,1.0,1.0,0.585,1597,False
COc1ccc(Oc2cc(Nc3c(F)cccc3C(N)=O)c(C(F)(F)F)cn2)cc1,CHEMBL2637,1.0,1.0,0.594,1597,False
COc1ccc(Oc2cc(Nc3cc(Cl)ccc3C(N)=O)c(C(F)(F)F)cn2)cc1,CHEMBL2637,1.0,1.0,0.603,1597,False
COc1ccc(Oc2cc(Nc3cc(F)ccc3C(N)=O)c(C(F)(F)F)cn2)cc1,CHEMBL2637,1.0,1.0,0.613,1597,False
COc1ccc(Oc2cc(Nc3cc(OC)ccc3C(N)=O)c(C(F)(F)F)cn2)cc1,CHEMBL2637,1.0,1.0,0.644,1597,False
COc1ccc(Oc2cc(Nc3ccc(Cl)cc3C(N)=O)c(C(F)(F)F)cn2)cc1,CHEMBL2637,1.0,1.0,0.603,1597,False
COc1ccc(Oc2cc(Nc3ccc(F)cc3C(N)=O)c(C(F)(F)F)cn2)cc1,CHEMBL2637,1.0,1.0,0.613,1597,False
COc1ccc(Oc2cc(Nc3cccc(Cl)c3C(N)=O)c(C(F)(F)F)cn2)cc1,CHEMBL2637,1.0,1.0,0.569,1597,False
COc1ccc(Oc2cc(Nc3cccc(OC)c3C(N)=O)c(C(F)(F)F)cn2)cc1,CHEMBL2637,1.0,1.0,0.578,1597,False
COc1ccc(Oc2cc(Nc3ccccc3C(N)=O)c(C(F)(F)F)cn2)c(Cl)c1,CHEMBL2637,1.0,1.0,0.677,1597,False
COc1ccc(Oc2cc(Nc3ccccc3C(N)=O)c(C(F)(F)F)cn2)c(Cl)c1,CHEMBL2276,2.0,2.0,0.656,1907,False
COc1ccc(Oc2cc(Nc3ccccc3C(N)=O)c(C(F)(F)F)cn2)cc1,CHEMBL2637,1.0,1.0,0.782,1597,False
COc1ccc(Oc2cc(Nc3ccccc3C(N)=O)c(C(F)(F)F)cn2)cc1,CHEMBL2276,2.0,2.0,0.733,1907,False
COc1ccc(Oc2cc(Nc3ccccc3C(N)=O)c(Cl)cn2)cc1,CHEMBL2637,2.0,2.0,0.661,1597,False
COc1ccc(Oc2cc(Nc3ccccc3C(N)=O)c(Cl)cn2)cc1,CHEMBL2276,1.0,1.0,0.661,1907,False
COc1ccc(Oc2cc(Nc3ccccc3C(N)=O)c(F)cn2)cc1,CHEMBL2637,1.0,1.0,0.583,1597,False
COc1ccc(Oc2cc(Nc3ccccc3C(N)=O)c(F)cn2)cc1,CHEMBL2276,2.0,3.0,0.554,1907,False
COc1ccc(Oc2nc3ccc(C)cc3cc2/C=N/NC(=O)Cn2c([N+](=O)[O-])cnc2C)cc1,CHEMBL203,2.0,2.0,0.44,11022,False
COc1ccc(Oc2nc3ccccc3cc2/C=N/NC(=O)Cn2c([N+](=O)[O-])cnc2C)cc1,CHEMBL203,3.0,3.0,0.434,11022,False
COc1ccc(S(=O)(=O)C[C@H]2C[C@@H](N(C)c3ncnc4[nH]ccc34)C2)c(C(F)(F)F)n1,CHEMBL2835,3.0,3.0,0.696,10399,False
COc1ccc(S(=O)(=O)C[C@H]2C[C@@H](N(C)c3ncnc4[nH]ccc34)C2)c(C(F)(F)F)n1,CHEMBL2971,4.0,4.0,0.696,12637,False
COc1ccc(S(=O)(=O)C[C@H]2C[C@@H](N(C)c3ncnc4[nH]ccc34)C2)c(C(F)(F)F)n1,CHEMBL2148,2.0,2.0,0.696,7416,False
COc1ccc(S(=O)(=O)C[C@H]2C[C@@H](N(C)c3ncnc4[nH]ccc34)C2)c(C(F)(F)F)n1,CHEMBL3553,1.0,1.0,0.696,6084,False
COc1ccc(S(=O)(=O)C[C@H]2C[C@@H](N(C)c3ncnc4[nH]ccc34)C2)c(C)n1,CHEMBL2835,4.0,4.0,0.769,10399,False
COc1ccc(S(=O)(=O)C[C@H]2C[C@@H](N(C)c3ncnc4[nH]ccc34)C2)c(C)n1,CHEMBL2971,1.0,1.0,0.769,12637,False
COc1ccc(S(=O)(=O)C[C@H]2C[C@@H](N(C)c3ncnc4[nH]ccc34)C2)c(C)n1,CHEMBL2148,2.0,2.0,0.769,7416,False
COc1ccc(S(=O)(=O)C[C@H]2C[C@@H](N(C)c3ncnc4[nH]ccc34)C2)c(C)n1,CHEMBL3553,3.0,3.0,0.769,6084,False
COc1ccc(S(=O)(=O)C[C@H]2C[C@@H](N(C)c3ncnc4[nH]ccc34)C2)cn1,CHEMBL2971,2.0,2.0,0.8,12637,False
COc1ccc(S(=O)(=O)C[C@H]2C[C@@H](N(C)c3ncnc4[nH]ccc34)C2)cn1,CHEMBL2148,4.0,4.0,0.8,7416,False
COc1ccc(S(=O)(=O)C[C@H]2C[C@@H](N(C)c3ncnc4[nH]ccc34)C2)cn1,CHEMBL3553,1.0,1.0,0.8,6084,False
COc1ccc(S(=O)(=O)N(C)c2nc3ccccc3c(=O)o2)cc1,CHEMBL4611,30.0,2.0,0.62,59,False
COc1ccc(S(=O)(=O)N2CCC3(CC2)C[C@@H](NC[C@H](O)COc2cccc(S(=O)(=O)C4(CO)CC4)c2)CO3)cc1-c1ccc(C2(N)CC2)cc1,CHEMBL246,1.0,1.0,1.0,1600,True
COc1ccc(S(C)(=O)=O)cc1-n1c(NS(=O)(=O)CCc2ccc(Cl)cc2)nnc1-c1cccs1,CHEMBL1628481,1.0,1.0,0.737,3358,False
COc1ccc(S(C)(=O)=O)cc1-n1c(NS(=O)(=O)CCc2ccc(F)cc2)nnc1-c1cccs1,CHEMBL1628481,1.0,1.0,0.63,3358,False
COc1ccc([C@@H](C)N[C@@H]2CC[C@@H](C(=O)N3CCC(c4ccccc4)(N4CCCOC4=O)CC3)C(C)(C)C2)cc1,CHEMBL4777,2.0,2.0,0.797,965,False
COc1ccc([C@@H](C)N[C@@H]2CC[C@@H](C(=O)N3CCC(c4ccccc4)(N4CCCOC4=O)CC3)C(C)(C)C2)cc1,CHEMBL228,1.0,1.0,0.797,5328,False
COc1ccc([C@@H](CO)NC(=O)c2ccc(NC(=O)N3Cc4ccccc4C3)cc2)cc1,CHEMBL1744525,1.0,1.0,0.797,4583,False
COc1ccc([C@@H]2Sc3cc(OC)ccc3N(CCN(C)C)C(=O)[C@@H]2C)cc1,CHEMBL3805,196.0,1.0,0.567,40,False
COc1ccc([C@@H]2Sc3cc(OC)ccc3N(CCN(C)C)C(=O)[C@@H]2OC(C)=O)cc1,CHEMBL3805,5.0,1.0,0.656,40,False
COc1ccc([C@@H]2Sc3ccccc3N(CCN(C)C)C(=O)[C@@H]2C)cc1,CHEMBL3805,39.0,1.0,0.649,40,False
COc1ccc([C@@H]2Sc3ccccc3N(CCN(C)C)C(=O)[C@@H]2OC(C)=O)cc1,CHEMBL240,61.0,75.0,0.3,10985,False
COc1ccc([C@@H]2Sc3ccccc3N(CCN(C)C)C(=O)[C@@H]2OC(C)=O)cc1,CHEMBL3805,32.0,1.0,0.656,40,False
COc1ccc([C@@H]2Sc3ccccc3N(CCN(C)C)C(=O)[C@@H]2OC(C)=O)cc1,CHEMBL4302,60.0,74.0,0.3,2509,False
COc1ccc([C@@H]2Sc3ccccc3N(CCN(C)C)C(=O)[C@@H]2OC(C)=O)cc1,CHEMBL5685,1044.0,42.0,0.344,113,False
COc1ccc([C@@H]2Sc3ccccc3N(CCN(C)C)C(=O)[C@@H]2OC(C)=O)cc1,CHEMBL340,50.0,59.0,0.304,5556,False
COc1ccc([C@@H]2Sc3ccccc3N(CCN(C)C)C(=O)[C@@H]2OC(C)=O)cc1,CHEMBL1940,6.0,3.0,0.41,238,False
COc1ccc([C@@H]2Sc3ccccc3N(CCN(C)C)C(=O)[C@@H]2OC(C)=O)cc1,CHEMBL6020,1240.0,92.0,0.3,313,False
COc1ccc([C@H](C)NC(=O)CNc2nc3ccc(NC(=O)c4ccc(OC)c(C)c4OC)cc3s2)cc1,CHEMBL4026,1.0,1.0,0.76,1223,False
COc1ccc([C@H](C)NC(=O)[C@H]2C[C@@H]2c2ccccc2)cn1,CHEMBL2492,4.0,5.0,0.456,1545,False
COc1ccc([C@H](C)NC(=O)c2sc3nnc(C)c(C)c3c2N)cc1F,CHEMBL1821,1.0,1.0,0.615,1918,False
COc1ccc([C@H](NC(=O)c2cc(F)c3cnc(NC4CC(F)(F)C4)nc3c2)c2cnn(C)c2)cc1F,CHEMBL4040,1.0,1.0,0.818,5246,False
COc1ccc([C@H](NC(=O)c2cc(F)c3cnc(N[C@H]4C[C@@H](F)C4)nc3c2)c2cnn(OC)c2)cc1F,CHEMBL4040,1.0,1.0,0.72,5246,False
COc1ccc([C@H](NC(=O)c2cc(F)c3cnc(N[C@H]4C[C@H](F)C4)nc3c2)c2cnn(OC)c2)cc1F,CHEMBL4040,1.0,1.0,0.72,5246,False
COc1ccc([C@H](NC(=O)c2ccc3cnc(NC4CC(OC)C4)nc3c2)c2cnn(C)c2)cc1F,CHEMBL4040,1.0,1.0,0.827,5246,False
COc1ccc([C@H](NC(=O)c2ccc3cnc(N[C@H]4C[C@@H](O)C4)nc3c2)c2cnn(C)c2)cc1F,CHEMBL4040,1.0,1.0,0.838,5246,False
COc1ccc([C@H](NC(=O)c2ccc3cnc(N[C@H]4C[C@H](O)C4)nc3c2)c2cnn(C)c2)cc1F,CHEMBL4040,1.0,1.0,0.838,5246,False
COc1ccc([C@H](Nc2cc(-c3ccc4ccn(C)c4c3)c3nccnc3c2)c2cnnn2C)cn1,CHEMBL2331053,1.0,1.0,1.0,332,True
COc1ccc([C@H]2C[C@@H]2COc2nc(C)ncc2-c2cc(C)c(=O)n(C)n2)nc1,CHEMBL4409,1.0,1.0,0.742,5483,False
COc1ccc([C@H]2C[C@@H]2COc2nc(C)ncc2-c2ccc(=O)[nH]n2)nc1,CHEMBL4409,1.0,1.0,0.714,5483,False
COc1ccc([C@H]2C[C@@H]2COc2nc(C)ncc2-c2ccc(=O)n(C)n2)nc1,CHEMBL4409,1.0,1.0,0.778,5483,False
COc1ccc([C@H]2C[C@@H]2COc2nc(C)ncc2-c2nn(C)c(=O)cc2C)nc1,CHEMBL4409,1.0,1.0,0.797,5483,False
COc1ccc([C@H]2[C@H](C(=O)O)[C@@H](c3ccc4c(c3)OCO4)CN2CC(=O)NC2c3ccccc3-c3ccccc32)cc1,CHEMBL252,1.0,1.0,0.722,1537,False
COc1ccc([C@H]2[C@H](C(=O)O)[C@@H](c3ccc4c(c3)OCO4)CN2CC(=O)NC2c3ccccc3-c3ccccc32)cc1,CHEMBL1785,2.0,2.0,0.722,1095,False
COc1ccc2[nH]c(-c3cccc4[nH]ccc34)c(CCNC(C)=O)c2c1,CHEMBL1945,2.0,2.0,0.772,1082,False
COc1ccc2[nH]c(-c3cccc4[nH]ccc34)c(CCNC(C)=O)c2c1,CHEMBL1946,1.0,1.0,0.772,984,False
COc1ccc2[nH]c(C)c(CC(=O)N[C@@H](CCCCCC(=O)NO)C(=O)NCCc3c(-c4ccccc4)[nH]c4ccccc34)c2c1,CHEMBL3192,16.0,21.0,0.416,3069,False
COc1ccc2[nH]c(C)c(CC(=O)N[C@@H](CCCCCC(=O)NO)C(=O)NCCc3c(-c4ccccc4)[nH]c4ccccc34)c2c1,CHEMBL1937,6.0,6.0,0.534,2834,False
COc1ccc2[nH]c(C)c(CC(=O)N[C@@H](CCCCCC(=O)NO)C(=O)NCCc3c(-c4ccccc4)[nH]c4ccccc34)c2c1,CHEMBL1829,7.0,7.0,0.534,2582,False
COc1ccc2[nH]c(C)c(CC(=O)N[C@@H](CCCCCC(=O)NO)C(=O)NCCc3c(-c4ccccc4)[nH]c4ccccc34)c2c1,CHEMBL3524,4.0,4.0,0.534,1200,False
COc1ccc2[nH]c(C)c(CC(=O)N[C@@H](CCCCCC(=O)NO)C(=O)NCCc3c(-c4ccccc4)[nH]c4ccccc34)c2c1,CHEMBL1865,5.0,5.0,0.534,6508,False
COc1ccc2[nH]c(C)c(CC(=O)N[C@@H](CCCCCC(=O)NO)C(=O)NCCc3c(-c4ccccc4)[nH]c4ccccc34)c2c1,CHEMBL2563,126.0,40.0,0.367,511,False
COc1ccc2[nH]c(C)c(CC(=O)N[C@@H](CCCCCC(=O)NO)C(=O)NCCc3c(-c4ccccc4)[nH]c4ccccc34)c2c1,CHEMBL2716,115.0,39.0,0.367,398,False
COc1ccc2[nH]c(C)c(CC(=O)N[C@@H](CCCCCC(=O)NO)C(=O)NCCc3c(-c4ccccc4)[nH]c4ccccc34)c2c1,CHEMBL325,1.0,1.0,0.688,8231,False
COc1ccc2[nH]c(C)c(CC(=O)N[C@@H](CCCCCC(=O)O)C(=O)NCCc3c(-c4ccccc4)[nH]c4ccccc34)c2c1,CHEMBL325,1.0,1.0,0.707,8231,False
COc1ccc2[nH]c(C)c(CC(=O)N[C@@H](CCCCCC(C)=O)C(=O)NCCc3c(-c4ccccc4)[nH]c4ccccc34)c2c1,CHEMBL325,1.0,1.0,0.792,8231,False
COc1ccc2[nH]c(C)c(CC(=O)N[C@@H](CCCCCC(N)=O)C(=O)NCCc3c(-c4ccccc4)[nH]c4ccccc34)c2c1,CHEMBL325,1.0,1.0,0.697,8231,False
COc1ccc2[nH]c(C)c(CC(=O)N[C@@H](CCCCCC=O)C(=O)NCCc3c(-c4ccccc4)[nH]c4ccccc34)c2c1,CHEMBL325,1.0,1.0,0.646,8231,False
COc1ccc2[nH]c(C)c(CC(=O)N[C@H](CCCCCC(C)=O)C(=O)NCCc3c(-c4ccccc4)[nH]c4ccccc34)c2c1,CHEMBL325,1.0,1.0,0.792,8231,False
COc1ccc2[nH]cc(CCCCN3CCN(c4cccc5sccc45)CC3)c2c1,CHEMBL214,1.0,1.0,0.948,5809,False
COc1ccc2[nH]cc(CCCCN3CCN(c4cccc5sccc45)CC3)c2c1,CHEMBL217,2.0,2.0,0.948,9217,False
COc1ccc2[nH]cc(CCCCN3CCN(c4cccc5sccc45)CC3)c2c1,CHEMBL224,3.0,3.0,0.948,6081,False
COc1ccc2[nH]nc(C(=O)NCC3CCN(Cc4ccc(C(=O)O)o4)CC3)c2c1,CHEMBL262,1.0,1.0,0.881,5430,False
COc1ccc2c(-c3ccnc(Nc4cc(C(F)(F)F)cc(C(F)(F)F)c4)n3)cnn2n1,CHEMBL262,1.0,1.0,0.646,5430,False
COc1ccc2c(-c3ccnc(Nc4ccc(C#N)cc4)n3)cnn2n1,CHEMBL262,2.0,2.0,0.656,5430,False
COc1ccc2c(-c3ccnc(Nc4ccc(C#N)cc4)n3)cnn2n1,CHEMBL301,3.0,3.0,0.656,2596,False
COc1ccc2c(-c3ccnc(Nc4ccc(C#N)cc4)n3)cnn2n1,CHEMBL331,1.0,1.0,0.656,1424,False
COc1ccc2c(-c3ccnc(Nc4ccc([N+](=O)[O-])cc4)n3)cnn2n1,CHEMBL262,2.0,2.0,0.636,5430,False
COc1ccc2c(-c3ccnc(Nc4ccc([N+](=O)[O-])cc4)n3)cnn2n1,CHEMBL301,3.0,3.0,0.636,2596,False
COc1ccc2c(-c3ccnc(Nc4ccc([N+](=O)[O-])cc4)n3)cnn2n1,CHEMBL331,1.0,1.0,0.636,1424,False
COc1ccc2c(-c3ccnc(Nc4cccc(C(F)(F)F)c4)n3)cnn2n1,CHEMBL262,1.0,1.0,0.73,5430,False
COc1ccc2c(-c3ccnc(Nc4cccc(C(F)(F)F)c4)n3)cnn2n1,CHEMBL301,2.0,2.0,0.73,2596,False
COc1ccc2c(-c3ccnc(Nc4cccc(OC(F)(F)F)c4)n3)cnn2n1,CHEMBL262,1.0,1.0,0.623,5430,False
COc1ccc2c(-c3ccnc(Nc4cccc(OC(F)(F)F)c4)n3)cnn2n1,CHEMBL301,3.0,3.0,0.623,2596,False
COc1ccc2c(C(=O)NC3C[C@@H]4CCC[C@@H](C3)N4C)nn(C)c2c1,CHEMBL1899,1.0,1.0,0.738,1020,False
COc1ccc2c(C3CCN(C(=O)c4ccc(OC(F)(F)F)cc4)CC3)nccc2c1,CHEMBL5332,1.0,1.0,0.738,174,False
COc1ccc2c(OC)cc(C(=O)Nc3cc(B(O)O)cc(C(=O)N4Cc5ccncc5C4)c3)nc2c1,CHEMBL290,1.0,1.0,0.743,494,False
COc1ccc2c(OC)cc(C(=O)Nc3cc(B(O)O)cc(C(=O)N4Cc5ccncc5C4)c3)nc2c1,CHEMBL241,2.0,2.0,0.743,726,False
COc1ccc2c(c1)C(=O)/C(=C/c1cc(Br)c(O)c(Br)c1)C2=O,CHEMBL258,16.0,22.0,0.415,2369,False
COc1ccc2c(c1)C(=O)/C(=C/c1cc(Br)c(O)c(OC)c1)C2=O,CHEMBL258,46.0,78.0,0.362,2369,False
COc1ccc2c(c1)C(=O)/C(=C/c1ccc(CN(C)Cc3ccccc3)cc1)CC2,CHEMBL220,2.0,2.0,0.824,6051,False
COc1ccc2c(c1)C(=O)/C(=C/c1ccc(O)c(O)c1)C2=O,CHEMBL258,75.0,102.0,0.381,2369,False
COc1ccc2c(c1)C(=O)N(C[C@@]1(C#Cc3nc(-c4ccc(C#N)nc4)ccc3OC)NC(=O)NC1=O)C2,CHEMBL1825,1.0,1.0,0.795,1873,False
COc1ccc2c(c1)C(=O)N(C[C@@]1(C#Cc3nc(-c4cncc(C#N)c4)ccc3OC)NC(=O)NC1=O)C2,CHEMBL1825,1.0,1.0,0.833,1873,False
COc1ccc2c(c1)C(NCc1cc(OC)c(OC)cc1N)CCO2,CHEMBL3691,734.0,918.0,0.207,2147,False
COc1ccc2c(c1)CC/C(=C\c1ccc(CN(C)Cc3ccccc3)cc1)C2=O,CHEMBL1914,2.0,2.0,0.82,3653,False
COc1ccc2c(c1)CC/C(=C\c1ccc(CN(C)Cc3ccccc3)cc1)C2=O,CHEMBL220,1.0,1.0,0.82,6051,False
COc1ccc2c(c1)CCC1N=C(NC(=O)[C@H]3CC[C@H](CNS(=O)(=O)c4ccccc4)CC3)CC21,CHEMBL4561,1.0,1.0,0.571,1180,False
COc1ccc2c(c1)CCC1N=C(NC(=O)[C@H]3CC[C@H](CNS(=O)(=O)c4ccccc4F)CC3)CC21,CHEMBL4561,1.0,1.0,0.591,1180,False
COc1ccc2c(c1)CCC1N=C(NC[C@H]3CC[C@H](CNS(=O)(=O)c4ccccc4)CC3)CC21,CHEMBL4561,1.0,1.0,0.538,1180,False
COc1ccc2c(c1)CCC1N=C(NC[C@H]3CC[C@H](CNS(=O)(=O)c4ccccc4F)CC3)CC21,CHEMBL4561,1.0,1.0,0.561,1180,False
COc1ccc2c(c1)CCCC(c1ccccc1)=C2c1ccc(O)cc1,CHEMBL206,2.0,3.0,0.532,4427,False
COc1ccc2c(c1)CCc1c-2nc(N)c(C#N)c1-c1ccc(OC)c(OC)c1,CHEMBL203,1.0,1.0,0.619,11022,False
COc1ccc2c(c1)CCc1c-2nc(N)c(C#N)c1-c1ccc(OC)cc1OC,CHEMBL203,1.0,1.0,0.593,11022,False
COc1ccc2c(c1)CO[C@@H]1[C@H]2C2=C(OC1(C)C)C(=O)C1=C(OC(C)(C)[C@@H]3COc4cc(OC)ccc4[C@H]13)C2=O,CHEMBL4302,1.0,1.0,0.732,2509,False
COc1ccc2c(c1)c(C(=O)NC1C[C@@H]3CCC[C@@H](C1)N3C)nn2C,CHEMBL1899,1.0,1.0,0.738,1020,False
COc1ccc2c(c1)c(CCN1CCCC1)cn2S(=O)(=O)c1ccccc1,CHEMBL3371,1.0,1.0,0.98,4324,False
COc1ccc2c(ncn2CCC[C@H]2NCCC[C@@H]2O)c1Cl,CHEMBL2638,1.0,1.0,0.623,89,False
COc1ccc2cc(Br)ccc2c1CN1C(=O)[C@@H](NC(=O)[C@H](C)NCC2CC2)CCc2ccccc21,CHEMBL4198,1.0,1.0,0.863,1854,False
COc1ccc2cc(C(O)CCN3CC=C(Cc4ccccc4)CC3)ccc2c1Cl,CHEMBL238,3.0,3.0,0.672,3420,False
COc1ccc2cc(C(O)CCN3CC=C(Cc4ccccc4)CC3)ccc2c1Cl,CHEMBL222,2.0,2.0,0.672,3692,False
COc1ccc2cc(C(O)CCN3CC=C(Cc4ccccc4)CC3)ccc2c1Cl,CHEMBL228,1.0,1.0,0.672,5328,False
COc1ccc2cc1Nc1nc(ncc1Cl)Nc1ccc(N3CCN(C)CC3)c(c1)CC2,CHEMBL4247,1.0,1.0,0.696,2510,False
COc1ccc2ccc(S(=O)(=O)N[C@H]3CCN(Cc4ccc(C(=N)N)o4)C3=O)cc2c1,CHEMBL244,1.0,1.0,0.779,5906,False
COc1ccc2nc(C(=O)N3CCN[C@H](C)C3)nc(Nc3cc(C4CC4)[nH]n3)c2c1,CHEMBL4482,1.0,1.0,0.635,609,False
COc1ccc2nc(Nc3cc(C)c(C4CCN(C)CC4)cc3OC(C)C)nc(Nc3ccccc3S(=O)(=O)C(C)C)c2c1,CHEMBL1981,4.0,4.0,0.741,947,False
COc1ccc2nc(Nc3cc(C)c(C4CCN(C)CC4)cc3OC(C)C)nc(Nc3ccccc3S(=O)(=O)C(C)C)c2c1,CHEMBL4247,3.0,3.0,0.741,2510,False
COc1ccc2ncn(CCC[C@H]3NCCC[C@@H]3O)c2c1Cl,CHEMBL2638,1.0,1.0,0.607,89,False
COc1ccc2nnc(C3C4CN(C(=O)c5cc(C(C)C)[nH]n5)CC43)n2c1,CHEMBL2424504,1.0,1.0,0.559,643,False
COc1cccc(-c2ccc(CNC(=O)c3ccnc(C(F)(F)F)c3)c3cnccc23)c1,CHEMBL5853,1.0,1.0,0.773,1031,False
COc1cccc(-c2ccc(CNC(=O)c3ccncc3-c3ccccc3)c3cnccc23)c1,CHEMBL5853,1.0,1.0,0.767,1031,False
COc1cccc(-c2csc(N/N=C/c3cccs3)n2)c1,CHEMBL1951,1.0,1.0,0.736,3112,False
COc1cccc(-c2csc(N/N=C/c3cccs3)n2)c1,CHEMBL2039,2.0,2.0,0.736,4794,False
COc1cccc(-c2n[nH]c(Cc3ccc4ccccc4c3)n2)c1,CHEMBL251,2.0,2.0,0.75,6698,False
COc1cccc(-c2n[nH]c(Cc3ccc4ccccc4c3)n2)c1,CHEMBL226,1.0,1.0,0.75,5123,False
COc1cccc(C(=O)N(C)Cc2cccc(-c3cn4c(n3)CCC4)c2)c1,CHEMBL1075317,1.0,1.0,0.761,1687,False
COc1cccc(C(=O)N(Cc2cccc(-c3cn4c(n3)CCC4)c2)C(C)C)c1,CHEMBL1075317,1.0,1.0,0.729,1687,False
COc1cccc(C(=O)NCc2cc(-c3cn4c(n3)CCC4)ccc2N(C)C)c1,CHEMBL1075317,1.0,1.0,0.726,1687,False
COc1cccc(C(=O)NCc2cc(-c3cn4c(n3)CCC4)ccc2OC(C)C)c1,CHEMBL1075317,1.0,1.0,0.778,1687,False
COc1cccc(C(=O)NCc2cccc(-c3cn4c(n3)CCC4)c2)c1,CHEMBL1075317,1.0,1.0,0.721,1687,False
COc1cccc(C(=O)Nc2cc([N+](=O)[O-])ccc2N2CCN(C)CC2)c1,CHEMBL1075317,1.0,1.0,0.712,1687,False
COc1cccc(C)c1-c1ncc2cnn(Cc3ccc(-c4nc(C(F)(F)F)cn4C)cc3)c2n1,CHEMBL1795087,1.0,1.0,0.765,546,False
COc1cccc(C)c1-n1c(NS(=O)(=O)CCc2ccc(Cl)cc2)nnc1-c1cccs1,CHEMBL1628481,1.0,1.0,0.721,3358,False
COc1cccc(C2(O)CCN(C(=O)C3(c4ccccc4)CC3)CC2CN(C)C)c1,CHEMBL236,2.0,2.0,0.929,4835,False
COc1cccc(CC(=O)N(C)C2CCCc3ccc(NS(=O)(=O)c4cc(/C=C/C(=O)Nc5cccnc5)ccc4OC)cc32)c1,CHEMBL5113,2.0,2.0,0.876,7217,False
COc1cccc(CC(=O)N(C)C2CCCc3ccc(NS(=O)(=O)c4cc(/C=C/C(=O)Nc5cccnc5)ccc4OC)cc32)c1,CHEMBL4792,1.0,1.0,0.876,7613,False
COc1cccc(CCc2cnc(NC(=O)N3CCCc4ccc(C=O)nc43)cc2OC(C)C)c1,CHEMBL3973,1.0,1.0,0.711,2112,False
COc1cccc(CN(CCN2CCCCC2)C(=O)Nc2ccc(-c3cn[nH]c3)cc2)c1,CHEMBL3231,2.0,2.0,0.984,2738,False
COc1cccc(CN(CCN2CCCCC2)C(=O)Nc2ccc(-c3cn[nH]c3)cc2)c1,CHEMBL2973,1.0,1.0,0.984,5292,False
COc1cccc(CN2CCc3cc(-c4ccc5[nH]ncc5c4)ccc3C2=O)c1,CHEMBL3231,2.0,2.0,0.742,2738,False
COc1cccc(CN2CCc3cc(-c4ccc5[nH]ncc5c4)ccc3C2=O)c1,CHEMBL2973,1.0,1.0,0.9,5292,False
COc1cccc(CNC(=O)c2ccc(N(F)C(=O)N3Cc4ccccc4C3)cc2)c1,CHEMBL1744525,2.0,2.0,0.565,4583,False
COc1cccc(CNC(=O)c2ccc(NC(=O)N3Cc4ccccc4C3)cc2)c1,CHEMBL1744525,1.0,1.0,0.81,4583,False
COc1cccc(CNC(=O)c2ccc(NC(=O)N3Cc4ccccc4C3)cc2)c1OC,CHEMBL1744525,1.0,1.0,0.821,4583,False
COc1cccc(CNC2CC2c2ccc(C(=O)NCc3ccccc3)cc2)c1,CHEMBL1951,3.0,3.0,0.72,3112,False
COc1cccc(COc2ccc(Oc3ncnc4cc(OC)c(OC)cc34)cc2)c1,CHEMBL1913,2.0,2.0,0.672,1991,False
COc1cccc(COc2ccc(Oc3ncnc4cc(OC)c(OC)cc34)cc2)c1,CHEMBL1955,1.0,1.0,0.672,811,False
COc1cccc(COc2ccc(Oc3ncnc4cc(OC)c(OC)cc34)cc2)c1,CHEMBL1844,4.0,4.0,0.672,2620,False
COc1cccc(COc2ccc(Oc3ncnc4cc(OC)c(OC)cc34)cc2)c1,CHEMBL1974,3.0,3.0,0.672,4344,False
COc1cccc(Cc2nc(N)c3nn(-c4ccccc4)cc3n2)c1,CHEMBL226,2.0,2.0,0.796,5123,False
COc1cccc(N(C)c2nccc(-c3cnn4ncccc34)n2)c1,CHEMBL2292,7.0,7.0,0.627,3800,False
COc1cccc(NC(=O)NNC(=O)c2oc3ccccc3c2CN2CCN(c3ccccc3)CC2)c1,CHEMBL301,2.0,2.0,0.746,2596,False
COc1cccc(NC(=O)Nc2ccc(Oc3ccnc4cc(OC)c(OC)cc34)cc2)c1,CHEMBL2007,2.0,2.0,0.696,933,False
COc1cccc(NC(=O)c2cc(-c3ccc(C#N)cc3)n3ncnc3c2)c1,CHEMBL3028,1.0,1.0,0.738,570,False
COc1cccc(NC(=O)c2cc(C(C)C)on2)c1,CHEMBL1293232,7.0,3.0,0.609,38,False
COc1cccc(Nc2cc(-c3ccc4cc(C#N)cnn34)ncc2C(=O)NC[C@@H](F)C(C)(C)O)c1,CHEMBL1825,1.0,1.0,0.848,1873,False
COc1cccc(Nc2cc(-c3ccc4cc(C#N)cnn34)ncc2C(=O)NC[C@@H](F)C(C)(C)O)c1,CHEMBL3778,2.0,2.0,0.795,7453,False
COc1cccc(Nc2cc3ccc(-c4cc(F)ccc4C)cc3cn2)n1,CHEMBL1862,1.0,1.0,0.617,3101,False
COc1cccc(Nc2nc3c(=O)[nH]c(C)nc3s2)c1,CHEMBL256,1.0,1.0,0.579,4904,False
COc1cccc(Nc2nccc(-c3cnn4nc(OC)ccc34)n2)c1,CHEMBL262,2.0,2.0,0.683,5430,False
COc1cccc(Nc2nccc(-c3cnn4nc(OC)ccc34)n2)c1,CHEMBL301,3.0,3.0,0.683,2596,False
COc1cccc(Nc2nccc(-c3cnn4ncccc34)n2)c1,CHEMBL262,1.0,1.0,0.639,5430,False
COc1cccc(Nc2nccc(-c3cnn4ncccc34)n2)c1,CHEMBL301,3.0,3.0,0.639,2596,False
COc1cccc(Nc2nccc(-c3cnn4ncccc34)n2)c1,CHEMBL331,2.0,2.0,0.639,1424,False
COc1cccc(Nc2nccc(-c3cnn4ncccc34)n2)c1,CHEMBL2292,7.0,4.0,0.615,3800,False
COc1cccc(OC)c1-c1ncc2cnn(Cc3ccc(-c4nc(C(F)(F)F)cn4C)cc3)c2n1,CHEMBL1795087,1.0,1.0,0.781,546,False
COc1cccc(OC)c1-n1c(NS(=O)(=O)[C@@H](C)[C@H](O)c2ncc(C)cn2)nnc1[C@@H]1CCCCO1,CHEMBL1628481,1.0,1.0,0.853,3358,False
COc1cccc(OC)c1-n1c(NS(=O)(=O)[C@H](C)[C@@H](C)c2cnc(C)c[n+]2[O-])nnc1-c1ccn(C)n1,CHEMBL1628481,1.0,1.0,0.754,3358,False
COc1cccc(Oc2cc(Nc3ccccc3C(N)=O)c(C(F)(F)F)cn2)c1,CHEMBL2637,1.0,1.0,0.754,1597,False
COc1cccc(Oc2cc(Nc3ccccc3C(N)=O)c(C(F)(F)F)cn2)c1,CHEMBL2276,2.0,2.0,0.683,1907,False
COc1cccc([C@@H](C)NC(=O)CN2Cc3ccc(-c4nc(NC5(CO)CCC5)ncc4Cl)cc3C2=O)c1,CHEMBL4040,1.0,1.0,0.949,5246,False
COc1cccc([C@@H](C)NC(=O)CN2Cc3ccc(-c4nc(N[C@H]5C[C@H](O)C5)ncc4Cl)cc3C2=O)c1,CHEMBL4040,1.0,1.0,0.912,5246,False
COc1cccc([C@@H](CCN2CCCC2)NC(=O)c2ccc(-c3ccncc3)cc2)c1,CHEMBL3231,2.0,2.0,0.737,2738,False
COc1cccc([C@@H](CCN2CCCC2)NC(=O)c2ccc(-c3ccncc3)cc2)c1,CHEMBL2973,1.0,1.0,0.737,5292,False
COc1cccc2c(C(=O)NC3C[C@@H]4CCC[C@@H](C3)N4C)nn(C)c12,CHEMBL1899,1.0,1.0,0.75,1020,False
COc1cccc2c(N3CCC4(CC3)CC(NS(N)(=O)=O)C4)ncnc12,CHEMBL5925,1.0,1.0,0.889,426,False
COc1cccc2c1c(C(=O)NC1C[C@@H]3CCC[C@@H](C1)N3C)nn2C,CHEMBL1899,1.0,1.0,0.75,1020,False
COc1cccc2c1nc(C(F)F)n2-c1nc(N2CCOCC2)nc(N2CCN(C(=S)SCCN3CCCCC3)CC2)n1,CHEMBL4005,1.0,1.0,0.985,7718,False
COc1ccccc1-c1c(=O)ncn2nc(Sc3ccccc3)ccc12,CHEMBL260,30.0,52.0,0.293,5079,False
COc1ccccc1-c1csc2cnc(Nc3ccc(C(=O)NC4CCOCC4)c(F)c3)nc12,CHEMBL2695,1.0,1.0,0.836,2210,False
COc1ccccc1-c1ncc2cnn(Cc3ccc(-c4nc(C(F)(F)F)cn4C)cc3)c2n1,CHEMBL1795087,1.0,1.0,0.731,546,False
COc1ccccc1-c1nccc(COc2ccc3cc2C[C@H](C(=O)O)Oc2ncnc4sc(C5=COCCO5)c(c24)-c2c(C)c(Cl)c(c(Cl)c2C)O[C@H](CN2CCN(C)CC2)CO3)n1,CHEMBL4361,1.0,1.0,0.789,3411,False
COc1ccccc1-n1c(NS(=O)(=O)CCc2ccc(Cl)cc2)nnc1-c1ccc(F)s1,CHEMBL1628481,1.0,1.0,0.625,3358,False
COc1ccccc1-n1c(NS(=O)(=O)CCc2ccc(Cl)cc2)nnc1-c1cccs1,CHEMBL1628481,1.0,1.0,0.726,3358,False
COc1ccccc1-n1c(NS(=O)(=O)CCc2ccc(F)cc2)nnc1-c1cccs1,CHEMBL1628481,1.0,1.0,0.623,3358,False
COc1ccccc1-n1c(NS(=O)(=O)CCc2ccccc2)nnc1-c1cccs1,CHEMBL1628481,1.0,1.0,0.627,3358,False
COc1ccccc1-n1cc2nc(Cc3ccccc3)nc(N)c2n1,CHEMBL226,2.0,2.0,0.784,5123,False
COc1ccccc1-n1cc2nc(Cc3ccccc3)nc(N)c2n1,CHEMBL256,3.0,3.0,0.579,4904,False
COc1ccccc1/N=N/c1cc(-c2cc(OC3CCOCC3)c3ncnc(C)c3c2)cnc1OC,CHEMBL4005,1.0,1.0,1.0,7718,True
COc1ccccc1C(=O)NCC(=O)N1CCC[C@H]1C(=O)N[C@@H]1COC(=O)c2ccccc2CSC[C@H](C(=O)N(C)C)NC1=O,CHEMBL2069156,1.0,1.0,0.731,428,False
COc1ccccc1C(=O)NCc1ccc(-c2nn(C3CCC(=O)CC3)c3ncnc(N)c23)cc1,CHEMBL5251,2.0,2.0,0.843,9782,False
COc1ccccc1C(=O)NCc1ccc(-c2nn(C3CCC(=O)CC3)c3ncnc(N)c23)cc1,CHEMBL203,1.0,1.0,0.913,11022,False
COc1ccccc1C(=O)Nc1cccc2c1C(=O)C(=O)NC2=O,CHEMBL2334,1.0,1.0,0.622,1965,False
COc1ccccc1CCN(C(=O)c1ccc(CN2CC3CCC2C3)cc1)C1CCNC1,CHEMBL5916,1.0,1.0,0.909,23,False
COc1ccccc1CNC(=O)c1ccc(NC(=O)N2Cc3ccccc3C2)cc1,CHEMBL1744525,1.0,1.0,0.808,4583,False
COc1ccccc1CNCCCCCNCCCCCCCCNCCCCCNCc1ccccc1OC,CHEMBL211,3.0,3.0,1.0,2278,True
COc1ccccc1COCCCOc1ccc([C@H]2CCNC[C@@H]2OCc2cc(OC)c3ccccc3c2OC)cn1,CHEMBL286,1.0,1.0,0.829,2967,False
COc1ccccc1Cc1nc(N)c2nn(-c3ccccc3)cc2n1,CHEMBL226,2.0,2.0,0.784,5123,False
COc1ccccc1Cc1nc(N)c2nn(-c3ccccc3)cc2n1,CHEMBL251,1.0,1.0,0.784,6698,False
COc1ccccc1Cc1nc(N)c2nn(-c3ccccc3)cc2n1,CHEMBL256,4.0,4.0,0.604,4904,False
COc1ccccc1Cn1c(=S)[nH]c2ccc(F)cc2c1=O,CHEMBL4869,1149.0,354.0,0.282,250,False
COc1ccccc1Cn1c(=S)[nH]c2ccccc2c1=O,CHEMBL4869,1095.0,401.0,0.284,250,False
COc1ccccc1N1CCN(C/C=C/CNC(=O)c2ccc(-c3ccccn3)cc2)CC1,CHEMBL217,2.0,2.0,0.712,9217,False
COc1ccccc1N1CCN(C/C=C/CNC(=O)c2ccc(-c3ccccn3)cc2)CC1,CHEMBL234,3.0,3.0,0.712,6166,False
COc1ccccc1N1CCN(C/C=C/CNC(=O)c2ccc(-c3ccccn3)cc2)CC1,CHEMBL214,5.0,5.0,0.712,5809,False
COc1ccccc1N1CCN(C/C=C/CNC(=O)c2ccc(-c3ccccn3)cc2)CC1,CHEMBL224,1.0,1.0,0.712,6081,False
COc1ccccc1N1CCN(C/C=C/CNC(=O)c2ccc(-c3ccccn3)cc2)CC1,CHEMBL225,4.0,4.0,0.712,3966,False
COc1ccccc1N1CCN(Cc2ccc(Br)s2)CC1,CHEMBL229,1.0,1.0,0.635,1882,False
COc1ccccc1N1CCN(Cc2ccc(Br)s2)CC1,CHEMBL232,3.0,3.0,0.611,1455,False
COc1ccccc1N1CCN(Cc2ccc(Br)s2)CC1,CHEMBL223,2.0,2.0,0.635,1360,False
COc1ccccc1N1CCN(Cc2ccc(C=O)s2)CC1,CHEMBL229,2.0,2.0,0.673,1882,False
COc1ccccc1N1CCN(Cc2ccc(C=O)s2)CC1,CHEMBL232,3.0,3.0,0.589,1455,False
COc1ccccc1N1CCN(Cc2ccc(C=O)s2)CC1,CHEMBL223,1.0,1.0,0.673,1360,False
COc1ccccc1N1CCN(Cc2ccc(CO)s2)CC1,CHEMBL229,1.0,1.0,0.673,1882,False
COc1ccccc1N1CCN(Cc2ccc(CO)s2)CC1,CHEMBL232,2.0,2.0,0.673,1455,False
COc1ccccc1N1CCN(Cc2ccc(CO)s2)CC1,CHEMBL223,3.0,3.0,0.673,1360,False
COc1ccccc1N1CCN(c2ncnc3c2[nH]c(=O)n3-c2ccccc2)CC1,CHEMBL2535,1.0,1.0,0.596,781,False
COc1ccccc1N1CCN(c2ncnc3c2[nH]c(=O)n3-c2ccccc2)CC1,CHEMBL5215,6.0,2.0,0.596,152,False
COc1ccccc1NC(=O)COC(=O)c1cc2c(s1)CCC2,CHEMBL1741179,1428.0,64.0,0.35,469,False
COc1ccccc1NC(=O)COC(=O)c1cc2c(s1)CCC2,CHEMBL1741217,1104.0,26.0,0.394,921,False
COc1ccccc1NC(=O)CSc1sc2c(O)cc(O)nc2c1C#N,CHEMBL1795098,8.0,3.0,0.636,1001,False
COc1ccccc1NC(=O)Nc1ccc(Oc2ccnc3cc(OC)c(OC)cc23)cc1,CHEMBL279,20.0,20.0,0.623,10551,False
COc1ccccc1NC(=O)Nc1ccc(Oc2ccnc3cc(OC)c(OC)cc23)cc1,CHEMBL2007,1.0,1.0,0.696,933,False
COc1ccccc1NC(=O)c1cc(C(C)C)on1,CHEMBL1293232,11.0,3.0,0.574,38,False
COc1ccccc1NC(=O)c1ccc(O[C@H]2CCN(c3nc4ccccc4c(=O)[nH]3)C2)cc1,CHEMBL6154,1.0,1.0,1.0,887,True
COc1ccccc1Nc1ccc(F)c([C@]2(C)CO[C@@](C)(C(F)(F)F)C(N)=N2)n1,CHEMBL2525,2.0,2.0,0.774,2213,False
COc1ccccc1Nc1nccc(-c2cnn3ncccc23)n1,CHEMBL2292,1.0,1.0,0.64,3800,False
COc1ccccc1Oc1cc(Nc2ccccc2C(N)=O)c(C(F)(F)F)cn1,CHEMBL2637,2.0,2.0,0.768,1597,False
COc1ccccc1Oc1cc(Nc2ccccc2C(N)=O)c(C(F)(F)F)cn1,CHEMBL2276,1.0,1.0,0.768,1907,False
COc1ccccc1Sc1ccc(/C=C/C(=O)N2CCN(C(C)=O)CC2)c(F)c1,CHEMBL1803,1.0,1.0,0.606,87,False
COc1ccccc1Sc1ccc(/C=C/C(=O)N2CCN(C(C)=O)CC2)cc1OC,CHEMBL1803,1.0,1.0,0.672,87,False
COc1ccn2c(-c3cc(NCc4ccc(-c5cnn(C)n5)cc4)ncn3)cnc2c1,CHEMBL1936,1.0,1.0,0.754,3154,False
COc1ccncc1-c1c2n(c3ccc(C)cc13)C[C@@](NC(=O)c1ccc(-n3cnnc3)cc1Cl)(c1ccccc1)CC2,CHEMBL2016,1.0,1.0,0.77,931,False
COc1ccncc1S(=O)(=O)C[C@H]1C[C@@H](N(C)c2ncnc3[nH]ccc23)C1,CHEMBL2835,1.0,1.0,0.742,10399,False
COc1ccncc1S(=O)(=O)C[C@H]1C[C@@H](N(C)c2ncnc3[nH]ccc23)C1,CHEMBL2971,3.0,3.0,0.742,12637,False
COc1ccncc1S(=O)(=O)C[C@H]1C[C@@H](N(C)c2ncnc3[nH]ccc23)C1,CHEMBL2148,4.0,4.0,0.742,7416,False
COc1ccncc1S(=O)(=O)C[C@H]1C[C@@H](N(C)c2ncnc3[nH]ccc23)C1,CHEMBL3553,2.0,2.0,0.742,6084,False
COc1cn(C(Cc2ccccn2)C(=O)Nc2ccc3nccn3c2)c(=O)cc1-c1cc(Cl)ccc1C#N,CHEMBL2820,1.0,1.0,0.815,3003,False
COc1cn(C(Cc2ccccn2)C(=O)Nc2ccc3nccn3c2)c(=O)cc1-c1cc(Cl)ccc1C#N,CHEMBL2000,2.0,2.0,0.815,3740,False
COc1cn(Cc2cc(F)c(F)c(F)c2)c(Nc2ccc(Oc3ccnc(F)c3)cc2C)nc1=O,CHEMBL4805,1.0,1.0,0.769,4787,False
COc1cn([C@@H](CCOC2CCC2)C(=O)Nc2ccc(C(=O)O)cc2)c(=O)cc1-c1cc(Cl)ccc1C(C)=O,CHEMBL2820,1.0,1.0,1.0,3003,True
COc1cnc(-c2ocnc2C(=O)NCc2ccncc2)cc1Cl,CHEMBL262,1.0,1.0,0.741,5430,False
COc1cnc(C)c(S(=O)(=O)C[C@H]2C[C@@H](N(C)c3ncnc4[nH]ccc34)C2)c1,CHEMBL2835,4.0,4.0,0.758,10399,False
COc1cnc(C)c(S(=O)(=O)C[C@H]2C[C@@H](N(C)c3ncnc4[nH]ccc34)C2)c1,CHEMBL2971,3.0,3.0,0.758,12637,False
COc1cnc(C)c(S(=O)(=O)C[C@H]2C[C@@H](N(C)c3ncnc4[nH]ccc34)C2)c1,CHEMBL2148,2.0,2.0,0.758,7416,False
COc1cnc(C)c(S(=O)(=O)C[C@H]2C[C@@H](N(C)c3ncnc4[nH]ccc34)C2)c1,CHEMBL3553,1.0,1.0,0.758,6084,False
COc1cnc(OCc2cn(-c3ccc(C(F)(F)F)s3)nn2)nc1,CHEMBL2061,1.0,1.0,0.603,1386,False
COc1cnc2c(C(=O)Nc3ccc(F)c([C@]45CCC[C@H]4S(=O)(=O)N(C)C(=N)N5)c3)ccnc2c1,CHEMBL4822,2.0,2.0,0.783,9994,False
COc1cnc2c(C(=O)Nc3ccc(F)c([C@]45CCC[C@H]4S(=O)(=O)N(C)C(=N)N5)c3)ccnc2c1,CHEMBL2525,1.0,1.0,0.783,2213,False
COc1cncc(-c2c(N)ncnc2N2CCC(c3nc(-c4ccc(F)c(C(F)(F)F)c4)cn3C)CC2)c1,CHEMBL4501,2.0,2.0,0.847,1918,False
COc1cncc(-c2c3n(c4ccc(C)cc24)C[C@@](NC(=O)c2ccc(-n4cnnc4)cc2Cl)(c2ccccc2)CC3)c1,CHEMBL2016,1.0,1.0,0.827,931,False
COc1cncc(-c2cc3c4c(c2)CCN4C(=O)CC3)c1,CHEMBL2722,2.0,2.0,0.86,2212,False
COc1cncc(-c2cc3c4c(c2)CCN4C(=O)CC3)c1,CHEMBL1908,1.0,1.0,0.86,1695,False
COc1cncc(S(=O)(=O)C[C@H]2C[C@@H](N(C)c3ncnc4[nH]ccc34)C2)c1,CHEMBL2971,3.0,3.0,0.8,12637,False
COc1cncc(S(=O)(=O)C[C@H]2C[C@@H](N(C)c3ncnc4[nH]ccc34)C2)c1,CHEMBL2148,1.0,1.0,0.8,7416,False
COc1cncc(S(=O)(=O)C[C@H]2C[C@@H](N(C)c3ncnc4[nH]ccc34)C2)c1,CHEMBL3553,2.0,2.0,0.8,6084,False
COc1nc(C)ccc1-c1c(CO)sc2cnc(Nc3cc(C)c(N4CCN(C)CC4)cc3OC(C)C)nc12,CHEMBL4247,1.0,1.0,0.607,2510,False
COc1nc(NCC#N)nc(-n2c(Nc3cccc(O)c3)nc3ccccc32)n1,CHEMBL2842,2.0,2.0,0.554,4921,False
COc1nc(NCC#N)nc(-n2c(Nc3cccc(O)c3)nc3ccccc32)n1,CHEMBL4005,1.0,1.0,0.554,7718,False
COc1nc(NCCc2ccc3c(c2)OC(F)(F)O3)cc(-c2cccnc2)n1,CHEMBL4427,1.0,1.0,0.683,588,False
COc1nc(OC)c2c(n1)[C@]1(C)C=C(C#N)C(=O)[C@H](C)[C@H]1CC2,CHEMBL1741186,1.0,1.0,0.717,10748,False
COc1nc2c(c(-c3ccccc3)c1C#N)Cc1ccccc1-2,CHEMBL4523512,5.0,1.0,0.5,31,False
COc1nc2ccc(C(O)(c3ccc(Cl)cc3)c3cncn3C)cc2c(Cl)c1-c1ccccc1,CHEMBL1741186,1.0,1.0,0.881,10748,False
COc1nc2ccc(C(O)(c3ccc(Cl)cc3)c3cncn3C)cc2c(OC)c1-c1ccccc1,CHEMBL1741186,1.0,1.0,0.75,10748,False
COc1nc2ccc(C(O)(c3cnnn3C)C3CN(C(C)=O)C3)cc2c(Cl)c1Cc1ccc(C(F)(F)F)cc1,CHEMBL1741186,1.0,1.0,0.813,10748,False
COc1ncc(-c2c3n(c4ccc(C)cc24)C[C@@](NC(=O)c2ccc(-n4cnnc4)cc2Cl)(c2ccccc2)CC3)cc1C#N,CHEMBL2016,1.0,1.0,0.795,931,False
COc1ncc(-c2c3n(c4ccc(C)cc24)C[C@@](NC(=O)c2ccc(-n4cnnc4)cc2Cl)(c2ccccc2)CC3)cc1F,CHEMBL2016,1.0,1.0,0.833,931,False
COc1ncc(-c2cc(NC(=O)c3ccnc(C(C)(C)C#N)c3)cnc2C)cc1C1(F)COC1,CHEMBL1906,1.0,1.0,0.849,2781,False
COc1ncc(-c2cc(NC(=O)c3ccnc(C(C)(C)F)c3)cnc2C)cc1C1(C(F)F)COC1,CHEMBL1906,2.0,2.0,0.75,2781,False
COc1ncc(-c2cc(NC(=O)c3ccnc(C(C)(C)F)c3)cnc2C)cc1C1(C(F)F)COC1,CHEMBL5145,1.0,1.0,0.75,5743,False
COc1ncc(-c2cc(NC(=O)c3ccnc(C(C)(C)F)c3)cnc2C)cc1C1(F)COC1,CHEMBL1906,1.0,1.0,0.77,2781,False
COc1ncc(-c2cc(NC(=O)c3ccnc(C(C)(C)F)c3)cnc2C)cc1C1(F)COC1,CHEMBL5145,2.0,2.0,0.764,5743,False
COc1ncc(-c2cc(NC(=O)c3ccnc(C(C)(C)F)c3)cnc2C)cc1C1(O)COC1,CHEMBL1906,2.0,2.0,0.838,2781,False
COc1ncc(-c2cc(NC(=O)c3ccnc(C(C)(C)F)c3)cnc2C)cc1C1(O)COC1,CHEMBL5145,1.0,1.0,0.838,5743,False
COc1ncc(-c2cc(NC(=O)c3ccnc(C(C)(C)O)c3)cnc2C)cc1C1(F)COC1,CHEMBL1906,2.0,2.0,0.707,2781,False
COc1ncc(-c2cc(NC(=O)c3ccnc(C(C)(C)O)c3)cnc2C)cc1C1(F)COC1,CHEMBL5145,1.0,1.0,0.707,5743,False
COc1ncc(-c2cc(NC(=O)c3ccnc(C(C)(F)F)c3)cnc2C)cc1C1(C#N)COC1,CHEMBL1906,1.0,1.0,0.787,2781,False
COc1ncc(-c2cc(NC(=O)c3ccnc(C(C)(F)F)c3)cnc2C)cc1C1(C#N)COC1,CHEMBL5145,2.0,2.0,0.787,5743,False
COc1ncc(-c2cc(NC(=O)c3ccnc(C(C)(F)F)c3)cnc2C)cc1C1(O)COC1,CHEMBL1906,1.0,1.0,0.841,2781,False
COc1ncc(-c2cc(NC(=O)c3ccnc(C(C)(F)F)c3)cnc2C)cc1C1(O)COC1,CHEMBL5145,2.0,2.0,0.841,5743,False
COc1ncc(-c2cc(NC(=O)c3ccnc(C(F)(F)F)c3)cnc2C)cc1C1(C#N)COC1,CHEMBL1906,2.0,2.0,0.773,2781,False
COc1ncc(-c2cc(NC(=O)c3ccnc(C(F)(F)F)c3)cnc2C)cc1C1(C#N)COC1,CHEMBL5145,1.0,1.0,0.773,5743,False
COc1ncc(-c2cc(NC(=O)c3ccnc(C(F)(F)F)c3)cnc2C)cc1C1(O)COC1,CHEMBL1906,2.0,2.0,0.838,2781,False
COc1ncc(-c2cc(NC(=O)c3ccnc(C(F)(F)F)c3)cnc2C)cc1C1(O)COC1,CHEMBL5145,1.0,1.0,0.838,5743,False
COc1ncc(-c2cc(OC3CCOCC3)c3ncnc(C)c3c2)cc1/N=N/c1ccc(Cl)cc1Cl,CHEMBL4005,1.0,1.0,1.0,7718,True
COc1ncc(-c2cc(OC3CCOCC3)c3ncnc(C)c3c2)cc1/N=N/c1ccc(Cl)cc1F,CHEMBL4005,1.0,1.0,1.0,7718,True
COc1ncc(-c2cc(OC3CCOCC3)c3ncnc(C)c3c2)cc1/N=N/c1ccc(F)cc1,CHEMBL4005,1.0,1.0,1.0,7718,True
COc1ncc(-c2cc(OC3CCOCC3)c3ncnc(C)c3c2)cc1/N=N/c1ccc(F)cc1Br,CHEMBL4005,1.0,1.0,1.0,7718,True
COc1ncc(-c2cc(OC3CCOCC3)c3ncnc(C)c3c2)cc1/N=N/c1ccc(F)cc1Cl,CHEMBL4005,1.0,1.0,1.0,7718,True
COc1ncc(-c2cc(OC3CCOCC3)c3ncnc(C)c3c2)cc1/N=N/c1ccc(F)cc1F,CHEMBL4005,1.0,1.0,1.0,7718,True
COc1ncc(-c2cc(OC3CCOCC3)c3ncnc(C)c3c2)cc1/N=N/c1cccc(F)c1,CHEMBL4005,1.0,1.0,1.0,7718,True
COc1ncc(-c2cc(OC3CCOCC3)c3ncnc(C)c3c2)cc1/N=N/c1ccccc1,CHEMBL4005,1.0,1.0,1.0,7718,True
COc1ncc(-c2cc(OC3CCOCC3)c3ncnc(C)c3c2)cc1/N=N/c1ccccc1Br,CHEMBL4005,1.0,1.0,1.0,7718,True
COc1ncc(-c2cc(OC3CCOCC3)c3ncnc(C)c3c2)cc1/N=N/c1ccccc1Cl,CHEMBL4005,1.0,1.0,1.0,7718,True
COc1ncc(-c2cc(OC3CCOCC3)c3ncnc(C)c3c2)cc1/N=N/c1ccccc1F,CHEMBL4005,2.0,2.0,1.0,7718,True
COc1ncc(-c2cc(OC3CCOCC3)c3ncnc(C)c3c2)cc1/N=N/c1ccccc1F,CHEMBL3145,4.0,4.0,1.0,2776,True
COc1ncc(-c2cc(OC3CCOCC3)c3ncnc(C)c3c2)cc1/N=N/c1ccccc1F,CHEMBL3130,3.0,3.0,1.0,7171,True
COc1ncc(-c2cc(OC3CCOCC3)c3ncnc(C)c3c2)cc1/N=N/c1ccccc1F,CHEMBL3267,1.0,1.0,1.0,3907,True
COc1ncc(-c2cc(OCCCCCCCCCC(=O)Nc3ccccc3N)c3ncnc(C)c3c2)cc1NS(=O)(=O)c1ccc(F)cc1F,CHEMBL4005,5.0,5.0,1.0,7718,True
COc1ncc(-c2cc(OCCCCCCCCCC(=O)Nc3ccccc3N)c3ncnc(C)c3c2)cc1NS(=O)(=O)c1ccc(F)cc1F,CHEMBL325,3.0,3.0,1.0,8231,True
COc1ncc(-c2cc(OCCN3CCC(C(C)(C)O)CC3)c3c(c2)[C@@H](C)OC3)cc1NS(C)(=O)=O,CHEMBL3267,2.0,2.0,0.734,3907,False
COc1ncc(-c2cc(OCCN3CCC(C(C)(C)O)CC3)c3c(c2)[C@@H](C)OC3)cc1NS(C)(=O)=O,CHEMBL3130,1.0,1.0,0.734,7171,False
COc1ncc(-c2cc(OCCN3CCC(C(C)(C)O)CC3)c3c(c2Cl)COC3)cc1NS(C)(=O)=O,CHEMBL3267,2.0,2.0,0.7,3907,False
COc1ncc(-c2cc(OCCN3CCC(C(C)(C)O)CC3)c3c(c2F)COC3)cc1NS(C)(=O)=O,CHEMBL3267,1.0,1.0,0.718,3907,False
COc1ncc(-c2cc(OCCN3CCC(C(C)(C)O)CC3)c3c(c2F)COC3)cc1NS(C)(=O)=O,CHEMBL3130,2.0,2.0,0.718,7171,False
COc1ncc(-c2cc3c(c(OCCN4CCC(C(C)(C)O)CC4)c2)COC3)cc1NS(=O)(=O)CC#N,CHEMBL3267,1.0,1.0,0.735,3907,False
COc1ncc(-c2cc3c(c(OCCN4CCC(C(C)(C)O)CC4)c2)COC3)cc1NS(=O)(=O)CC#N,CHEMBL3130,2.0,2.0,0.735,7171,False
COc1ncc(-c2cc3c(c(OCCN4CCC(C(C)(C)O)CC4)c2)COC3)cc1NS(C)(=O)=O,CHEMBL3267,1.0,1.0,0.887,3907,False
COc1ncc(-c2cc3c(c(OCCN4CCC(C(C)(C)O)CC4)c2)COC3)cc1NS(C)(=O)=O,CHEMBL3130,2.0,2.0,0.887,7171,False
COc1ncc(-c2cc3c(c(OCCN4CCC(C(C)(C)O)CC4)c2)COC3)cc1NS(C)(=O)=O,CHEMBL1075165,3.0,3.0,0.887,686,False
COc1ncc(-c2cc3c(c(OCCN4CCC(C(C)(C)O)CC4)c2)COC3)cc1NS(C)(=O)=O,CHEMBL4005,5.0,5.0,0.521,7718,False
COc1ncc(-c2cc3c(c(OCCN4CCC(C(C)(C)O)CC4)c2)COC3)cc1NS(C)(=O)=O,CHEMBL3145,4.0,4.0,0.521,2776,False
COc1ncc(-c2cc3c(c(OCCN4CCC(C(C)(C)O)CC4)c2)COC3)cc1OC(=O)C(C)C,CHEMBL3130,1.0,1.0,0.76,7171,False
COc1ncc(-c2cc3c(c(OCCN4CCC(C(C)(C)O)CC4)c2)COC3)cc1OC(C)=O,CHEMBL3130,1.0,1.0,0.792,7171,False
COc1ncc(-c2cc3c(c(OCCN4CCC(C(C)(C)O)CC4)c2F)COC3)cc1NS(C)(=O)=O,CHEMBL3267,2.0,2.0,0.753,3907,False
COc1ncc(-c2cc3c(c(OCCN4CCC(C(C)(C)O)CC4)c2F)COC3)cc1NS(C)(=O)=O,CHEMBL3130,1.0,1.0,0.753,7171,False
COc1ncc(-c2ccccc2-c2ccc(-c3cnc(N)cn3)c(F)c2)cn1,CHEMBL4550,2.0,2.0,0.762,2239,False
COc1ncc(-c2ccccc2-c2ccc(-c3cnc(N)cn3)c(F)c2)cn1,CHEMBL5027,1.0,1.0,0.762,1419,False
COc1ncc(-c2cn3c(-c4cn(CCN5CCCC5)nn4)cnc3cn2)cc1NS(=O)(=O)c1ccc(F)cc1F,CHEMBL4005,1.0,1.0,0.921,7718,False
COc1ncc(-c2n[nH]c3cc4c(cc23)CN([C@H](C)c2ccccc2)C(=O)N4)cn1,CHEMBL4040,1.0,1.0,0.717,5246,False
COc1ncc(C#Cc2cccc3cc([C@H](C)NC(=O)c4c(N)nn5cccnc45)n(-c4ccccc4)c(=O)c23)cn1,CHEMBL4005,4.0,4.0,0.854,7718,False
COc1ncc(C#Cc2cccc3cc([C@H](C)NC(=O)c4c(N)nn5cccnc45)n(-c4ccccc4)c(=O)c23)cn1,CHEMBL3145,1.0,1.0,0.854,2776,False
COc1ncc(C#Cc2cccc3cc([C@H](C)NC(=O)c4c(N)nn5cccnc45)n(-c4ccccc4)c(=O)c23)cn1,CHEMBL3267,3.0,3.0,0.854,3907,False
COc1ncc(C#Cc2cccc3cc([C@H](C)NC(=O)c4c(N)nn5cccnc45)n(-c4ccccc4)c(=O)c23)cn1,CHEMBL3130,2.0,2.0,0.854,7171,False
COc1ncc(C(C)C)cc1-c1cnc(N2CCOCC2)nc1CN1C(=O)O[C@H](c2cc(C(F)(F)F)cc(C(F)(F)F)c2)[C@@H]1C,CHEMBL3572,1.0,1.0,0.892,1272,False
COc1ncc(CNc2c(CO)cnc3c(C4CC4)cc(C#N)cc23)cc1Cl,CHEMBL1827,1.0,1.0,0.788,2179,False
COc1ncc(COc2cc(/C=C3\SC(=O)N(C)C3=O)c(Br)cc2O)cn1,CHEMBL4105728,1.0,1.0,0.742,256,False
COc1ncc(Cl)cc1-c1cnc(N2CCOCC2)nc1CN1C(=O)O[C@H](c2cc(C(F)(F)F)cc(C(F)(F)F)c2)[C@@H]1C,CHEMBL3572,1.0,1.0,0.838,1272,False
COc1ncc(N2CCOc3ccc(O[C@H]4CCN(C(=O)C5CCC(OC)CC5)C4)cc32)cc1C#N,CHEMBL4005,1.0,1.0,0.877,7718,False
COc1ncc(N2CCOc3ccc(O[C@H]4CCN(C(=O)C5CCCCC5)C4)cc32)cc1C#N,CHEMBL4005,1.0,1.0,0.889,7718,False
COc1ncc(N2CCOc3ccc(O[C@H]4CCN(C(=O)C5CCCCC5)C4)cc32)cc1C#N,CHEMBL3130,2.0,2.0,0.889,7171,False
COc1ncc(N2CCOc3ccc(O[C@H]4CCN(C(=O)C5CCOC5)C4)cc32)cc1C,CHEMBL4005,1.0,1.0,0.925,7718,False
COc1ncc(N2CCOc3ccc(O[C@H]4CCN(C(=O)C5CCOC5)C4)cc32)cc1C,CHEMBL3130,2.0,2.0,0.925,7171,False
COc1ncc(N2CCOc3ccc(O[C@H]4CCN(C(=O)C5CCOC5)C4)cc32)cc1C#N,CHEMBL4005,1.0,1.0,0.93,7718,False
COc1ncc(N2CCOc3ccc(O[C@H]4CCN(C(=O)C5CCOC5)C4)cc32)cc1C#N,CHEMBL3130,2.0,2.0,0.93,7171,False
COc1ncc(N2CCOc3ccc(O[C@H]4CCN(C(=O)C5CCOC5)C4)cc32)cc1F,CHEMBL4005,1.0,1.0,0.926,7718,False
COc1ncc(N2CCOc3ccc(O[C@H]4CCN(C(=O)C5CCOC5)C4)cc32)cc1F,CHEMBL3130,2.0,2.0,0.926,7171,False
COc1ncc(N2CCOc3ccc(O[C@H]4CCN(C(=O)[C@H]5CC[C@@H](O)CC5)C4)cc32)cc1F,CHEMBL4005,2.0,2.0,0.871,7718,False
COc1ncc(N2CCOc3ccc(O[C@H]4CCN(C(=O)[C@H]5CC[C@@H](O)CC5)C4)cc32)cc1F,CHEMBL3130,1.0,1.0,0.871,7171,False
COc1ncc(N2CCOc3ccc(O[C@H]4CCN(C(=O)[C@H]5CC[C@H](O)CC5)C4)cc32)cc1C#N,CHEMBL4005,1.0,1.0,0.877,7718,False
COc1ncc(N2CCOc3ccc(O[C@H]4CCN(C(=O)[C@H]5CC[C@H](O)CC5)C4)cc32)cc1C#N,CHEMBL3130,2.0,2.0,0.877,7171,False
COc1ncc(N2CCOc3ccc(O[C@H]4CCN(C(=O)[C@H]5CC[C@H](O)CC5)C4)cc32)cc1F,CHEMBL4005,2.0,2.0,0.871,7718,False
COc1ncc(N2CCOc3ccc(O[C@H]4CCN(C(=O)[C@H]5CC[C@H](O)CC5)C4)cc32)cc1F,CHEMBL3130,1.0,1.0,0.871,7171,False
COc1ncccc1-c1c(C(N)=O)sc2cnc(Nc3cc(C)c(N4CCN(C)CC4)cc3OC(C)C)nc12,CHEMBL4247,1.0,1.0,0.775,2510,False
COc1ncnc(-n2c(Nc3cccc(O)c3)nc3ccccc32)n1,CHEMBL2842,1.0,1.0,0.704,4921,False
COc1ncnc(-n2c(Nc3cccc(O)c3)nc3ccccc32)n1,CHEMBL4005,2.0,2.0,0.704,7718,False
COc1ncnc2ncn(CCn3cc(NC(=O)c4ncoc4-c4cccc(C)c4)cn3)c12,CHEMBL4792,1.0,1.0,0.792,7613,False
COc1nn(C2CCN(C(C)=O)CC2)cc1Nc1ncc(Cl)c(-c2cnc3ccccn23)n1,CHEMBL1957,1.0,1.0,0.709,2522,False
COc1nn(C2CCN(C(C)=O)CC2)cc1Nc1ncc(Cl)c(-c2cnc3ccccn23)n1,CHEMBL301,3.0,3.0,0.709,2596,False
COc1nn(C2CCN(C(C)=O)CC2)cc1Nc1ncc(Cl)c(-c2cnc3ccccn23)n1,CHEMBL240,2.0,2.0,0.709,10985,False
COc1nnc(OCCCC(=O)NCCCCCCNC(=O)[C@H]2C[C@@]34CC[C@]2(OC)[C@@H]2Oc5c(O)ccc6c5[C@@]23CCN(C)[C@@H]4C6)nn1,CHEMBL237,2.0,2.0,0.66,6265,False
COc1nnc(OCCCC(=O)NCCCCCCNC(=O)[C@H]2C[C@@]34CC[C@]2(OC)[C@@H]2Oc5c(O)ccc6c5[C@@]23CCN(C)[C@@H]4C6)nn1,CHEMBL233,1.0,1.0,0.744,7306,False
CP(C)(=O)c1cc(C2CCOCC2)ccc1Nc1cc(NC(=O)C2CC2)nc2[nH]c(C(F)F)nc12,CHEMBL3553,1.0,1.0,0.905,6084,False
CS(=O)(=O)CC(c1ccc(Cl)c(Cl)c1)C1CCNCC1,CHEMBL238,3.0,3.0,0.434,3420,False
CS(=O)(=O)CC(c1ccc(Cl)c(Cl)c1)C1CCNCC1,CHEMBL228,2.0,2.0,0.434,5328,False
CS(=O)(=O)CC(c1ccc(Cl)c(Cl)c1)C1CCNCC1,CHEMBL222,1.0,1.0,0.434,3692,False
CS(=O)(=O)CCCNc1ccc(-c2c[nH]c3cc(F)ccc23)cn1,CHEMBL2140,1.0,1.0,0.594,983,False
CS(=O)(=O)CCCOc1cccc2c1ccn2-c1ccnc(N[C@H]2CC[C@H](C(=O)N3CCC(F)(F)CC3)CC2)n1,CHEMBL4179,2.0,2.0,0.812,1152,False
CS(=O)(=O)CCCOc1cccc2c1ccn2-c1ccnc(N[C@H]2CC[C@H](C(=O)N3CCC(F)(F)CC3)CC2)n1,CHEMBL2276,1.0,1.0,0.812,1907,False
CS(=O)(=O)CCCOc1cccc2c1ccn2-c1ccnc(N[C@H]2CC[C@H](C(=O)N3CCC(O)CC3)CC2)n1,CHEMBL3836,626.0,737.0,0.223,723,False
CS(=O)(=O)CCCOc1cccc2c1ccn2-c1ccnc(N[C@H]2CC[C@H](C(=O)N3CCC(O)CC3)CC2)n1,CHEMBL5753,1688.0,1416.0,0.188,16,False
CS(=O)(=O)CCCOc1cccc2c1ccn2-c1ccnc(N[C@H]2CC[C@H](C(=O)N3CCC(O)CC3)CC2)n1,CHEMBL5426,1131.0,1056.0,0.204,52,False
CS(=O)(=O)CCCOc1cccc2c1ccn2-c1ccnc(N[C@H]2CC[C@H](C(=O)N3CCC(O)CC3)CC2)n1,CHEMBL2493,1133.0,1058.0,0.204,104,False
CS(=O)(=O)CCCOc1cccc2c1ccn2-c1ccnc(N[C@H]2CC[C@H](C(=O)N3CCC(O)CC3)CC2)n1,CHEMBL5698,825.0,926.0,0.211,65,False
CS(=O)(=O)CCCOc1cccc2c1ccn2-c1ccnc(N[C@H]2CC[C@H](C(=O)N3CCC(O)CC3)CC2)n1,CHEMBL5332,635.0,86.0,0.303,174,False
CS(=O)(=O)CCCOc1cccc2c1ccn2-c1ccnc(N[C@H]2CC[C@H](C(=O)N3CCC(O)CC3)CC2)n1,CHEMBL5198,285.0,76.0,0.303,59,False
CS(=O)(=O)CCCOc1cccc2c1ccn2-c1ccnc(N[C@H]2CC[C@H](C(=O)N3CCC(O)CC3)CC2)n1,CHEMBL4525,832.0,316.0,0.255,425,False
CS(=O)(=O)CCCOc1cccc2c1ccn2-c1ccnc(N[C@H]2CC[C@H](C(=O)N3CCC(O)CC3)CC2)n1,CHEMBL2897,229.0,18.0,0.327,150,False
CS(=O)(=O)CCCOc1cccc2c1ccn2-c1ccnc(N[C@H]2CC[C@H](C(=O)N3CCC(O)CC3)CC2)n1,CHEMBL4718,4.0,5.0,0.412,1361,False
CS(=O)(=O)CCCOc1cccc2c1ccn2-c1ccnc(N[C@H]2CC[C@H](C(=O)N3CCC(O)CC3)CC2)n1,CHEMBL5044,1509.0,1209.0,0.196,19,False
CS(=O)(=O)CCCOc1cccc2c1ccn2-c1ccnc(N[C@H]2CC[C@H](C(=O)N3CCC(O)CC3)CC2)n1,CHEMBL3938,1248.0,784.0,0.221,85,False
CS(=O)(=O)CCCOc1cccc2c1ccn2-c1ccnc(N[C@H]2CC[C@H](C(=O)N3CCC(O)CC3)CC2)n1,CHEMBL5416,414.0,84.0,0.303,47,False
CS(=O)(=O)CCCOc1cccc2c1ccn2-c1ccnc(N[C@H]2CC[C@H](C(=O)N3CCC(O)CC3)CC2)n1,CHEMBL5121,122.0,190.0,0.268,173,False
CS(=O)(=O)CCCOc1cccc2c1ccn2-c1ccnc(N[C@H]2CC[C@H](C(=O)N3CCC(O)CC3)CC2)n1,CHEMBL4040,36.0,49.0,0.304,5246,False
CS(=O)(=O)CCCOc1cccc2c1ccn2-c1ccnc(N[C@H]2CC[C@H](C(=O)N3CCC(O)CC3)CC2)n1,CHEMBL5579,1178.0,966.0,0.209,125,False
CS(=O)(=O)CCCOc1cccc2c1ccn2-c1ccnc(N[C@H]2CC[C@H](C(=O)N3CCC(O)CC3)CC2)n1,CHEMBL5855,707.0,741.0,0.223,276,False
CS(=O)(=O)CCCOc1cccc2c1ccn2-c1ccnc(N[C@H]2CC[C@H](C(=O)N3CCC(O)CC3)CC2)n1,CHEMBL2558,1167.0,1152.0,0.198,76,False
CS(=O)(=O)CCCOc1cccc2c1ccn2-c1ccnc(N[C@H]2CC[C@H](C(=O)N3CCC(O)CC3)CC2)n1,CHEMBL3055,50.0,57.0,0.303,628,False
CS(=O)(=O)CCCOc1cccc2c1ccn2-c1ccnc(N[C@H]2CC[C@H](C(=O)N3CCC(O)CC3)CC2)n1,CHEMBL2637,6.0,8.0,0.376,1597,False
CS(=O)(=O)CCNc1ccc(-c2c[nH]c3cc(F)ccc23)cn1,CHEMBL2140,1.0,1.0,0.643,983,False
CS(=O)(=O)N1CC2(CCN(C(=O)C(COCc3ccccc3)NS(=O)(=O)c3ccc(Cl)c(Cl)c3)CC2)c2ccccc21,CHEMBL249,1.0,1.0,0.776,2543,False
CS(=O)(=O)N1CCC(C(O)c2cncnc2Nc2ccc(F)cc2)C1,CHEMBL2722,1.0,1.0,0.889,2212,False
CS(=O)(=O)N1CCC[C@@H](n2nc(-c3ccc(Oc4ccccc4)cc3)c3c(N)ncnc32)C1,CHEMBL5251,1.0,1.0,0.815,9782,False
CS(=O)(=O)N1CCN(C(=O)CN2CN(c3ccccc3)C3(CCN(C(=O)c4ccc(C5CCCCC5)cc4)CC3)C2=O)CC1,CHEMBL2027,1.0,1.0,0.846,129,False
CS(=O)(=O)N1CCc2c(c(-c3ccc(C(F)(F)F)c(SCCOc4ccccc4)c3)nn2CCCN2CCOCC2)C1,CHEMBL2954,1.0,1.0,0.8,2538,False
CS(=O)(=O)N1CCc2c(c(-c3ccc(Cl)c(SCCOc4ccccc4)c3)nn2CCCN2CCOCC2)C1,CHEMBL2954,1.0,1.0,0.831,2538,False
CS(=O)(=O)NC(=O)c1cc(Cl)c(O[C@@H]2C[C@@H]3CC[C@H]2C3)cc1F,CHEMBL4296,1.0,1.0,1.0,7797,True
CS(=O)(=O)NC(=O)c1ccc(OC[C@@H]2C[C@H]2c2ccccc2)cc1,CHEMBL5163,373.0,38.0,0.348,129,False
CS(=O)(=O)NC(=O)c1cccc(OC[C@@H]2C[C@H]2c2ccccc2)c1,CHEMBL5163,613.0,126.0,0.318,129,False
CS(=O)(=O)NCCCNc1ccc(-c2c[nH]c3cc(F)ccc23)cn1,CHEMBL2140,1.0,1.0,0.621,983,False
CS(=O)(=O)NCCNc1ccc(-c2c[nH]c3cc(F)ccc23)cn1,CHEMBL2140,1.0,1.0,0.673,983,False
CS(=O)(=O)NCc1cccc(-c2nc([C@H]3CCCCN3C(=O)COc3ccccc3)no2)c1,CHEMBL3238,3.0,2.0,0.662,272,False
CS(=O)(=O)NCc1cccc(-c2nc([C@H]3CCCCN3C(=O)COc3ccccc3)no2)c1,CHEMBL1293194,1.0,1.0,0.671,485,False
CS(=O)(=O)Nc1cc(OCCN2CCC(Oc3ccc4c(c3)NC(=O)CC4)CC2)ccc1F,CHEMBL217,1.0,1.0,0.775,9217,False
CS(=O)(=O)Nc1cc(OCCN2CCC(Oc3ccc4c(c3)NC(=O)CC4)CC2)ccc1F,CHEMBL228,2.0,2.0,0.775,5328,False
CS(=O)(=O)Nc1cc([C@@H](O)CNCC2CCN(S(=O)(=O)c3ccc(NC(=O)NCc4cc(F)ccc4F)cc3)CC2)ccc1O,CHEMBL246,2.0,2.0,0.776,1600,False
CS(=O)(=O)Nc1cc([C@@H](O)CNCC2CCN(S(=O)(=O)c3ccc(NC(=O)NCc4cc(F)ccc4F)cc3)CC2)ccc1O,CHEMBL213,3.0,3.0,0.776,1536,False
CS(=O)(=O)Nc1cc([C@@H](O)CNCC2CCN(S(=O)(=O)c3ccc(NC(=O)NCc4cc(F)ccc4F)cc3)CC2)ccc1O,CHEMBL210,1.0,1.0,0.776,2135,False
CS(=O)(=O)Nc1ccc(C(=O)Nc2ccc(-c3ccccc3S(N)(=O)=O)cc2)c(Oc2cccc(C(=N)N)c2)c1,CHEMBL244,3.0,3.0,0.629,5906,False
CS(=O)(=O)Nc1ccc(C(=O)c2nc(C(=O)O)cc3cc(O)c(O)cc23)cc1,CHEMBL3997,1.0,1.0,0.588,39,False
CS(=O)(=O)Nc1ccc(CCNC(=O)c2ccc(O)c3[nH]c(C4CC4)nc23)cc1,CHEMBL262,1.0,1.0,0.931,5430,False
CS(=O)(=O)Nc1ccc(NCCc2ccccc2)cc1CCCCNC(=S)NCCC(=O)O,CHEMBL2163183,1.0,1.0,0.528,385,False
CS(=O)(=O)Nc1ccc(Oc2cccc(C(=N)N)c2)c(C(=O)Nc2ccc(-c3ccccc3S(N)(=O)=O)cc2)c1,CHEMBL244,1.0,1.0,0.635,5906,False
CS(=O)(=O)Nc1ccc2nc(-c3ccc(Cl)cc3Cl)c(CN3CCN(O)CC3)n2c1,CHEMBL5873,1.0,1.0,0.806,112,False
CS(=O)(=O)Nc1cccc(OCCN2CCC(Oc3ccc4c(c3)NC(=O)CC4)CC2)c1,CHEMBL217,1.0,1.0,0.754,9217,False
CS(=O)(=O)Nc1cccc(OCCN2CCC(Oc3ccc4c(c3)NC(=O)CC4)CC2)c1,CHEMBL228,2.0,2.0,0.754,5328,False
CS(=O)(=O)c1cc(C2CCOCC2)ccc1Nc1cc(NC(=O)C2CC2(F)F)nc2[nH]c(C(F)F)nc12,CHEMBL3553,1.0,1.0,0.853,6084,False
CS(=O)(=O)c1cc(C2CCOCC2)ccc1Nc1cc(NC(=O)C2CC2)nc2[nH]c(C(F)F)nc12,CHEMBL3553,1.0,1.0,0.924,6084,False
CS(=O)(=O)c1cc(C2CCOCC2)ccc1Nc1cc(NC(=O)[C@@H]2CC2(F)F)nc2[nH]c(C(F)F)nc12,CHEMBL3553,1.0,1.0,0.853,6084,False
CS(=O)(=O)c1cc(C2CCOCC2)ccc1Nc1cc(NC(=O)[C@H]2CC2(F)F)nc2[nH]c(C(F)F)nc12,CHEMBL3553,1.0,1.0,0.853,6084,False
CS(=O)(=O)c1ccc(-c2nc(NCc3csc4ccccc34)cc(C(F)(F)F)n2)cc1,CHEMBL230,1.0,1.0,0.69,4379,False
CS(=O)(=O)c1ccc(CC(=O)Nc2nc(-c3cc(Cl)ccc3Cl)cs2)cc1,CHEMBL1741186,1.0,1.0,0.587,10748,False
CS(=O)(=O)c1ccc(Nc2ncnc(OC3C[C@H]4CC[C@H](C3)N4S(=O)(=O)c3ccc(F)cc3)c2[N+](=O)[O-])c(F)c1,CHEMBL5652,1.0,1.0,0.864,1661,False
CS(=O)(=O)c1ccc2c(c1)CCN2C[C@H]1CC[C@H](c2nnn3cnc4[nH]ccc4c23)CC1,CHEMBL2835,2.0,2.0,0.622,10399,False
CS(=O)(=O)c1ccc2c(c1)CCN2C[C@H]1CC[C@H](c2nnn3cnc4[nH]ccc4c23)CC1,CHEMBL2971,4.0,4.0,0.622,12637,False
CS(=O)(=O)c1ccc2c(c1)CCN2C[C@H]1CC[C@H](c2nnn3cnc4[nH]ccc4c23)CC1,CHEMBL2148,1.0,1.0,0.622,7416,False
CS(=O)(=O)c1ccc2c(c1)CCN2C[C@H]1CC[C@H](c2nnn3cnc4[nH]ccc4c23)CC1,CHEMBL3553,3.0,3.0,0.622,6084,False
CS(=O)(=O)c1cccc(-c2nc([C@H]3CCCCN3C(=O)COc3ccccc3)no2)c1,CHEMBL3238,3.0,2.0,0.71,272,False
CS(=O)(=O)c1cccc(-c2nc([C@H]3CCCCN3C(=O)COc3ccccc3)no2)c1,CHEMBL1293194,1.0,1.0,0.71,485,False
CS(=O)(=O)c1ccccc1C(F)(F)CNc1ccc(C#N)c(CC(=O)NCCONC(=N)N)c1F,CHEMBL204,1.0,1.0,0.701,5517,False
CS(=O)(=O)n1ccc(C(=O)NCC(=O)Nc2nc(-c3cccc(-c4ccncc4)n3)cs2)c1,CHEMBL2362979,1.0,1.0,0.8,210,False
CS(=O)(=O)n1ccc(C(=O)NCC(=O)Nc2nc(-c3cccc(-c4ccncc4)n3)cs2)c1,CHEMBL3085620,2.0,2.0,0.8,183,False
CS(=O)(=O)n1ccc(C(=O)NCC(=O)Nc2nc(-c3cccc(-c4ccncc4)n3)cs2)c1,CHEMBL4105742,7.0,3.0,0.514,6,False
CSCC(c1ccc(Cl)c(Cl)c1)C1CCNCC1,CHEMBL238,3.0,3.0,0.46,3420,False
CSCC(c1ccc(Cl)c(Cl)c1)C1CCNCC1,CHEMBL222,2.0,2.0,0.46,3692,False
CSCC(c1ccc(Cl)c(Cl)c1)C1CCNCC1,CHEMBL228,1.0,1.0,0.46,5328,False
CSCC1C2CCC(O2)C1C/C=C\CCCC(=O)O,CHEMBL2069,1.0,1.0,0.688,1031,False
CSCC[C@@H](NC(=O)CNC(=O)CNC(=O)[C@@H](Cc1ccc(O)cc1)NC(=O)[C@@H](Cc1c[nH]c2ccccc12)NC(=O)CNC(=O)[C@@H](Cc1ccc(O)cc1)NC(=O)[C@@H](Cc1ccccc1)NC(=O)[C@@H](Cc1ccccc1)NC(=O)Cc1ccc2ccccc2c1)C(=O)N[C@H](CCC(=O)O)C(=O)N[C@H](CCCCN)C(=O)N[C@H](CC(C)C)C(=O)N[C@H](CC(C)C)C(=O)N[C@H](CCCNC(=N)N)C(=O)NCC(=O)NCC(=O)N[C@H](CCCNC(=N)N)C(=O)NCC(=O)N[C@H](CCC(=O)O)C(=O)N[C@H](CCCNC(=N)N)C(=O)N1CCC[C@@H]1C(=O)N1CCC[C@@H]1C(=O)N[C@H](CCCNC(=N)N)C(=O)O,CHEMBL5174,93.0,85.0,0.569,124,False
CSCC[C@H](N)C(=O)N(O)C[C@H]1O[C@@H](Cn2cnc3c(NCc4ccccc4)ncnc32)[C@H](O)[C@@H]1O,CHEMBL2870,1.0,1.0,0.868,87,False
CSCC[C@H](N)C(=O)OC[C@H]1O[C@@H](Cn2cnc3c(NCc4ccccc4)ncnc32)[C@H](O)[C@@H]1O,CHEMBL2870,1.0,1.0,0.865,87,False
CSCC[C@H](NC(=O)[C@@H](NC(C)=O)C(C)C)C(=O)NC(CC(C)C)C(O)CC(=O)N[C@H](C(=O)N[C@@H](C)C(=O)N[C@@H](CCC(=O)O)C(=O)O)C(C)C,CHEMBL4822,1.0,1.0,0.933,9994,False
CSCC[C@H](NC(=O)[C@H](CC(C)C)NC(=O)[C@H](Cc1c[nH]c2ccccc12)NC(=O)[C@H](CCC(N)=O)NC(=O)[C@@H](NC(=O)[C@H](Cc1ccccc1)NC(=O)[C@H](CC(=O)O)NC(=O)[C@H](CCC(N)=O)NC(=O)[C@H](C)NC(=O)[C@H](CCCN=C(N)N)NC(=O)[C@H](CCCN=C(N)N)NC(=O)[C@H](CO)NC(=O)[C@H](CC(=O)O)NC(=O)[C@H](CC(C)C)NC(=O)[C@H](Cc1ccc(O)cc1)NC(=O)[C@H](CCCCN)NC(=O)[C@H](CO)NC(=O)[C@@H](C)NC(=O)[C@H](CCC(=O)O)NC(=O)[C@H](CO)NC(=O)[C@@H](NC(=O)[C@H](Cc1ccccc1)NC(=O)[C@H](Cc1ccc(O)cc1)NC(=O)CNC(=O)[C@H](CCC(N)=O)NC(=O)[C@@H](N)CO)[C@@H](C)O)C(C)C)C(=O)N[C@@H](CC(N)=O)C(=O)N[C@H](C(N)=O)[C@@H](C)O,CHEMBL3189,2.0,1.0,1.0,42,True
CSCC[C@H](NC(=O)[C@H](CC(C)C)NC(=O)[C@H](Cc1c[nH]c2ccccc12)NC(=O)[C@H](CCC(N)=O)NC(=O)[C@@H](NC(=O)[C@H](Cc1ccccc1)NC(=O)[C@H](CC(=O)O)NC(=O)[C@H](CCC(N)=O)NC(=O)[C@H](C)NC(=O)[C@H](CCCN=C(N)N)NC(=O)[C@H](CCCN=C(N)N)NC(=O)[C@H](CO)NC(=O)[C@H](CC(=O)O)NC(=O)[C@H](CC(C)C)NC(=O)[C@H](Cc1ccc(O)cc1)NC(=O)[C@H](CCCCN)NC(=O)[C@H](CO)NC(=O)[C@H](C)NC(=O)[C@H](CCC(=O)O)NC(=O)[C@H](CO)NC(=O)[C@@H](NC(=O)[C@H](Cc1ccccc1)NC(=O)[C@H](Cc1ccc(O)cc1)NC(=O)CNC(=O)[C@H](CCC(N)=O)NC(=O)[C@@H](N)CO)[C@@H](C)O)C(C)C)C(=O)N[C@@H](CC(N)=O)C(=O)N[C@H](C(N)=O)[C@@H](C)O,CHEMBL3189,2.0,1.0,1.0,42,True
CSCC[C@H](NC(=O)[C@H](CC(C)C)NC(=O)[C@H](Cc1c[nH]c2ccccc12)NC(=O)[C@H](CCC(N)=O)NC(=O)[C@@H](NC(=O)[C@H](Cc1ccccc1)NC(=O)[C@H](CC(=O)O)NC(=O)[C@H](CCC(N)=O)NC(=O)[C@H](C)NC(=O)[C@H](CCCNC(=N)N)NC(=O)[C@H](CCCNC(=N)N)NC(=O)C(C)(C)NC(=O)[C@H](CC(=O)O)NC(=O)[C@H](CC(C)C)NC(=O)[C@H](Cc1ccc(O)cc1)NC(=O)[C@H](CCCCN)NC(=O)[C@H](CO)NC(=O)[C@H](Cc1cccnc1)NC(=O)[C@H](CC(=O)O)NC(=O)[C@H](CO)NC(=O)[C@@H](NC(=O)[C@H](Cc1ccccc1)NC(=O)[C@@H](NC(=O)CNC(=O)[C@H](CCC(N)=O)NC(=O)[C@H](CO)NC(=O)[C@@H](N)Cc1cnc[nH]1)[C@@H](C)O)[C@@H](C)O)C(C)C)C(=O)N[C@@H](CC(N)=O)C(=O)N[C@H](C(=O)O)[C@@H](C)O,CHEMBL1985,1.0,1.0,1.0,1226,True
CSCC[C@H](NC(=O)[C@H](CCC(=O)O)NC(=O)[C@H](Cc1c[nH]c2ccccc12)NC(=O)[C@H](CO)NC(=O)[C@H](CCCNC(=N)N)NC(=O)[C@H](CCCCN)NC(=O)[C@H](Cc1cnc[nH]1)NC(=O)[C@@H](NC(=O)[C@H](Cc1cnc[nH]1)NC(=O)[C@H](CC(C)C)NC(=O)[C@@H]1CCCN1C(=O)[C@@H](NC(=O)[C@H](Cc1ccccc1)NC(=O)[C@H](Cc1c[nH]c2ccccc12)NC(=O)[C@@H]1CCCN1C(=O)[C@H](Cc1ccccc1)NC(=O)[C@H](CO)NC(=O)[C@H](C)NC(=O)[C@H](Cc1ccc(O)cc1)NC(=O)CNC(C)=O)C(C)C)C(C)C)C(=O)N[C@@H](C)C(N)=O,CHEMBL3713062,1.0,1.0,0.986,1509,False
CSCC[C@H]1NC(=O)[C@H](Cc2ccc(OP(=O)(O)O)cc2)NC(=O)[C@@H](NC(=O)[C@H](CC(C)C)NC(=O)CNC(=O)[C@@H](N)CCC(=O)O)CCCCNC(=O)NCC(=O)C[C@H](C(=O)N[C@@H](CC(C)C)C(=O)O)NC1=O,CHEMBL3166,1.0,1.0,0.926,246,False
CSCSCC1C2CCC(O2)C1C/C=C\CCCC(=O)O,CHEMBL2069,1.0,1.0,0.7,1031,False
CSC[C@H](NC(=O)CCC(C)C)C(=O)N1C[C@H](O)C[C@H]1C(=O)NCc1ccc(-c2scnc2C)cc1,CHEMBL3108660,1.0,1.0,0.915,388,False
CSc1c(Cl)nc(-c2ccc(NC(=S)Nc3cccnc3)cc2)nc1N1CCOCC1,CHEMBL2842,1.0,1.0,0.839,4921,False
CSc1cc(C)nc(SC)c1NC(=O)CN1CCN(CCSc2nc3ncccc3o2)CC1,CHEMBL2782,1.0,1.0,0.783,410,False
CSc1ccc(-c2ccc(OCCCN(C)C)nc2)cc1NC(=O)c1coc(N)n1,CHEMBL5922,1.0,1.0,0.608,41,False
CSc1ccc(CNC(=O)c2sc3nnc(C)c(C)c3c2N)cc1,CHEMBL1821,1.0,1.0,0.741,1918,False
CSc1ccc(NC(=O)Nc2c(C(C)C)n(C)n(-c3cnc4ccccc4c3)c2=O)cc1,CHEMBL4227,1.0,1.0,0.683,2172,False
CSc1ccc(S(=O)(=O)C[C@@H]2C[C@H](NCc3ccccc3)CC[C@@H]2NC(=O)CNC(=O)c2cccc(C(F)(F)F)c2)cc1,CHEMBL4015,1.0,1.0,0.813,2077,False
CSc1ccc2nc(-c3ccc(Cl)cc3)c(CN3CCN(C(C)=O)CC3)n2c1,CHEMBL2535,1.0,1.0,0.717,781,False
CSc1ccc2nc(-c3ccc(Cl)cc3)c(CN3CCN(C(C)=O)CC3)n2c1,CHEMBL5873,2.0,2.0,0.672,112,False
CSc1cccc(C)c1-c1ncc2cnn(Cc3ccc(-c4nc(C(F)(F)F)cn4C)cc3)c2n1,CHEMBL1795087,1.0,1.0,0.69,546,False
CSc1cccc(NC(=O)[C@@H]2CCCN2S(=O)(=O)c2ccc(Br)s2)c1,CHEMBL5113,1.0,1.0,1.0,7217,True
CSc1cccc(NC(=O)[C@@H]2CCCN2S(=O)(=O)c2ccc(Br)s2)c1,CHEMBL4792,2.0,2.0,0.712,7613,True
CSc1nc(-c2ccc(F)cc2)c(-c2ccnc(NC3CCC(C)CC3)c2)[nH]1,CHEMBL260,1.0,1.0,0.807,5079,False
CSc1nc(-c2ccc(F)cc2)c(-c2ccnc(NC3CCCCC3)c2)[nH]1,CHEMBL260,1.0,1.0,0.821,5079,False
CSc1nc(-c2ccc(F)cc2)c(-c2ccnc(NC3CCCCC3C)c2)[nH]1,CHEMBL260,1.0,1.0,0.705,5079,False
CSc1nc(-c2ccc(F)cc2)c(-c2ccnc(N[C@H]3CC[C@@H](C)CC3)c2)[nH]1,CHEMBL260,1.0,1.0,0.807,5079,False
CSc1nc(-c2ccc(F)cc2)c(-c2ccnc(N[C@H]3CC[C@H](C)CC3)c2)[nH]1,CHEMBL260,1.0,1.0,0.807,5079,False
CSc1nc(-c2ccc(F)cc2)c(-c2ccnc(N[C@H]3CC[C@H](O)CC3)c2)[nH]1,CHEMBL260,1.0,1.0,0.793,5079,False
CSc1nc(-c2cccc(C(F)(F)F)c2)c(-c2ccnc(N[C@H]3CC[C@H](O)CC3)c2)[nH]1,CHEMBL260,1.0,1.0,0.686,5079,False
CSc1nc(Cl)c2c(n1)N1CCCNC[C@H]1CC2,CHEMBL225,2.0,2.0,0.86,3966,False
CSc1nc(Cl)c2c(n1)N1CCCNC[C@H]1CC2,CHEMBL1833,3.0,3.0,0.86,2154,False
CSc1nc(Cl)c2c(n1)N1CCCNC[C@H]1CC2,CHEMBL224,1.0,1.0,0.86,6081,False
CSc1nc(Cl)cc(Nc2c[nH]nc2-c2nc3cc(C)ccc3[nH]2)n1,CHEMBL2185,1.0,1.0,0.667,2659,False
CSc1nc(Cl)cc(Nc2c[nH]nc2-c2nc3cc(C)ccc3[nH]2)n1,CHEMBL4722,2.0,2.0,0.667,3456,False
CSc1nc2cc(Cl)c(Oc3cccc(Cl)c3Cl)cc2[nH]1,CHEMBL3194,961.0,320.0,0.235,269,False
CSc1nc2cc(S(=O)(=O)NCc3ccc(F)cc3)ccc2n1Cc1ccccc1,CHEMBL1855,1.0,1.0,0.758,1565,False
CSc1sc(-c2cc[nH]n2)c2c1C(=O)NC1(CC1)C2,CHEMBL1075104,1.0,1.0,0.915,3454,False
C[C@@H](C(=O)N1CCOCC1)N1CC[C@H](NS(=O)(=O)c2cc3cc(Cl)ccc3[nH]2)C1=O,CHEMBL244,1.0,1.0,0.731,5906,False
C[C@@H](C(=O)N1CCOCC1)N1CC[C@H](NS(=O)(=O)c2cc3ccc(Cl)cc3[nH]2)C1=O,CHEMBL244,1.0,1.0,0.731,5906,False
C[C@@H](CN1CC(C)(C)c2cc(F)ccc21)NC(=O)O[C@@H](CC1CCCCC1)C(=O)N1CCOCC1,CHEMBL2954,1.0,1.0,0.884,2538,False
C[C@@H](CN1CC(C)(C)c2cc(F)ccc21)NC(=O)[C@H](CC1CCCCC1)NC(=O)N1CCOCC1,CHEMBL2954,1.0,1.0,0.641,2538,False
C[C@@H](CN1CC(C)(C)c2cc(F)ccc21)NC(=O)[C@H](CC1CCCCC1)NC(=O)N1CCOCC1,CHEMBL268,3.0,3.0,0.609,2225,False
C[C@@H](CN1CC(C)(C)c2cc(F)ccc21)NC(=O)[C@H](CC1CCCCC1)NC(=O)N1CCOCC1,CHEMBL3837,2.0,2.0,0.609,2086,False
C[C@@H](CN1CCC(Cc2ccccc2)CC1)[C@@H](O)c1ccc(O)cc1,CHEMBL1904,11.0,11.0,0.702,2018,False
C[C@@H](CN1CCC(Cc2ccccc2)CC1)[C@@H](O)c1ccc(O)cc1,CHEMBL1972,13.0,13.0,0.702,49,False
C[C@@H](CN1CCc2cc(F)ccc21)NC(=O)O[C@@H](CC1CCCCC1)C(=O)N1CCOCC1,CHEMBL2954,1.0,1.0,0.77,2538,False
C[C@@H](CN1CCc2cc(F)ccc21)NC(=O)[C@H](CC1CCCCC1)NC(=O)N1CCOCC1,CHEMBL2954,2.0,2.0,0.633,2538,False
C[C@@H](CN1CCc2cc(F)ccc21)NC(=O)[C@H](CC1CCCCC1)NC(=O)N1CCOCC1,CHEMBL268,3.0,3.0,0.602,2225,False
C[C@@H](CN1CCc2cc(F)ccc21)NC(=O)[C@H](CC1CCCCC1)NC(=O)N1CCOCC1,CHEMBL3837,1.0,1.0,0.633,2086,False
C[C@@H](CN1c2ccc(F)cc2CC1(C)C)NC(=O)O[C@@H](CC1CCCCC1)C(=O)N1CCOCC1,CHEMBL2954,1.0,1.0,0.688,2538,False
C[C@@H](CN1c2ccc(F)cc2CC1(C)C)NC(=O)[C@H](CC1CCCCC1)NC(=O)N1CCOCC1,CHEMBL2954,1.0,1.0,0.609,2538,False
C[C@@H](CN1c2ccc(F)cc2CC1(C)C)NC(=O)[C@H](CC1CCCCC1)NC(=O)N1CCOCC1,CHEMBL268,3.0,3.0,0.518,2225,False
C[C@@H](CN1c2ccc(F)cc2CC1(C)C)NC(=O)[C@H](CC1CCCCC1)NC(=O)N1CCOCC1,CHEMBL3837,2.0,2.0,0.609,2086,False
C[C@@H](CO)Nc1cc(-n2ncc3cc(C#N)cnc32)ncc1C(=O)NCCC1CC1,CHEMBL3778,1.0,1.0,0.794,7453,False
C[C@@H](N)C(=O)N1CCC[C@@H](n2nc(-c3ccc(Oc4ccccc4)cc3)c3c(N)ncnc32)C1,CHEMBL5251,1.0,1.0,0.814,9782,False
C[C@@H](NC(=O)OCc1ccc(COC(=O)N[C@H](C)C(=O)NCc2ccc(CN)cc2)cc1)C(=O)NCc1ccc(CN)cc1,CHEMBL2617,5.0,12.0,0.463,222,False
C[C@@H](NC(=O)OCc1ccc(COC(=O)N[C@H](C)C(=O)NCc2ccc(CN)cc2)cc1)C(=O)NCc1ccc(CN)cc1,CHEMBL209,21.0,26.0,0.419,1336,False
C[C@@H](NC(=O)c1ccc(-n2ncc(-c3ccc(C#N)cc3)c2O)nc1)C1CC1,CHEMBL5697,1.0,1.0,0.885,1921,False
C[C@@H](NC(=O)c1ccc(NC(=O)N2Cc3ccccc3C2)cc1)c1cccc(C#N)c1,CHEMBL1744525,1.0,1.0,0.696,4583,False
C[C@@H](NC(=O)c1ccc2[nH]c(=O)n([C@H](C)C(C)(C)C)c2c1)c1ccc(Cl)cc1,CHEMBL5465363,1.0,1.0,0.772,41,False
C[C@@H](Nc1c(C#N)cnc2c(Cl)cc(N[C@H](C3=CNNN3)c3cccnc3)cc12)c1ccccc1,CHEMBL203,1.0,1.0,0.781,11022,False
C[C@@H](Nc1cc(C(F)(F)F)c(-c2sc(C(=O)NCC(C)(C)O)nc2C(=O)N2CCC[C@@H]2C)cn1)C1CC1,CHEMBL1741186,1.0,1.0,0.959,10748,False
C[C@@H](Nc1cc(C(F)F)c(-c2sc(C(=O)NCC(C)(C)O)nc2C(=O)N2CCC[C@@H]2C)cn1)C1CC1,CHEMBL1741186,1.0,1.0,0.959,10748,False
C[C@@H](Nc1nc(C(=O)O)nc2nc(-c3ccc(N4CCOCC4)cc3)n(Cc3ccc(C(F)(F)F)cc3)c12)C1CCC1,CHEMBL5023,1.0,1.0,0.813,4821,False
C[C@@H](Nc1nc(C(=O)O)nc2nc(N3CCCCC3c3ccncc3)n(Cc3ccc(C(F)(F)F)cc3)c12)C1CCC1,CHEMBL5023,1.0,1.0,0.905,4821,False
C[C@@H](O)C(=O)Nc1nnc(CCCCc2nnc(NC(=O)Cc3ccccc3)s2)s1,CHEMBL2146302,1.0,1.0,0.795,1424,False
C[C@@H](O)CO[C@]1(c2ccc(Cl)cc2)c2c(F)cc(C(C)(O)c3cnn(C)c3)cc2C(=O)N1Cc1ccc(Cl)cn1,CHEMBL5023,1.0,1.0,0.81,4821,False
C[C@@H](O)[C@H](NC(=O)NC(CCC(=O)NCCOCCOCCNS(=O)(=O)c1cccc([C@@H]2CN(C)Cc3c(Cl)cc(Cl)cc32)c1)(CCC(=O)NCCOCCOCCNS(=O)(=O)c1cccc([C@@H]2CN(C)Cc3c(Cl)cc(Cl)cc32)c1)CCC(=O)NCCOCCOCCNS(=O)(=O)c1cccc([C@@H]2CN(C)Cc3c(Cl)cc(Cl)cc32)c1)C(N)=O,CHEMBL3273,1.0,1.0,0.769,350,False
C[C@@H](OP(=O)(O)O)[C@H]1NC(=O)[C@H](CCCNC(=N)N)NC(=O)[C@H](CCCNC(=N)N)NC(=O)[C@H](CCCNC(=N)N)NC(=O)[C@H](CCC(N)=O)NC(=O)[C@H](CCCNC(=N)N)NC(=O)[C@H](CCCNC(=N)N)NC(=O)[C@H](Cc2ccc3ccccc3c2)NC(=O)[C@@H]2CCCCN2C1=O,CHEMBL2288,1.0,1.0,1.0,516,True
C[C@@H](O[C@@H]1[C@@H](c2ccc(F)cc2)CN2C(=O)OC[C@H]12)c1cc(C(F)(F)F)cc(C(F)(F)F)c1,CHEMBL249,1.0,1.0,1.0,2543,True
C[C@@H](O[C@@H]1[C@@H](c2ccccc2)CN2C(=O)OC[C@H]12)c1cc(C(F)(F)F)cc(C(F)(F)F)c1,CHEMBL249,1.0,1.0,1.0,2543,True
C[C@@H](Oc1cc(-c2cc[nH]c(=O)c2)cnc1N)c1c(Cl)ccc(F)c1Cl,CHEMBL4247,3.0,3.0,0.623,2510,False
C[C@@H](Oc1cc(-c2ccn(C)c(=O)c2)cnc1N)c1c(Cl)ccc(F)c1Cl,CHEMBL4247,1.0,1.0,0.738,2510,False
C[C@@H](Oc1cc(-c2ccn(CCN(C)C)c(=O)c2)cnc1N)c1c(Cl)ccc(F)c1Cl,CHEMBL4247,1.0,1.0,0.754,2510,False
C[C@@H](Oc1cc(-c2ccn(CCN(C)C)c(=O)c2)cnc1N)c1c(Cl)ccc(F)c1Cl,CHEMBL5568,43.0,43.0,0.512,364,False
C[C@@H](Oc1cc(-c2cnn(C3CCN(C)CC3)c2)cc2nn(C)cc12)[C@H]1CNC(=O)C1,CHEMBL2599,2.0,2.0,0.846,5285,False
C[C@@H](Oc1cc(-c2cnn(C3CCN(C)CC3)c2)cc2nn(C)cc12)[C@H]1CNC(=O)C1,CHEMBL1974,3.0,3.0,0.846,4344,False
C[C@@H](Oc1cc(-c2cnn(C3CCNCC3)c2)cc2nn(C)cc12)[C@H]1CNC(=O)C1,CHEMBL2599,3.0,3.0,0.846,5285,False
C[C@@H](Oc1cc(-c2cnn(C3CCNCC3)c2)cc2nn(C)cc12)[C@H]1CNC(=O)C1,CHEMBL2185,2.0,2.0,0.846,2659,False
C[C@@H](Oc1cc(-c2cnn(C3CCNCC3)c2)cc2nn(C)cc12)[C@H]1CNC(=O)C1,CHEMBL1974,1.0,1.0,0.846,4344,False
C[C@@H](Oc1cc(-n2cnc3ccc(-c4cnn(C)c4)cc32)sc1C(N)=O)c1ccccc1Cl,CHEMBL3024,2.0,2.0,0.886,1517,False
C[C@@H](Oc1cc(-n2cnc3ccc(-c4cnn(C)c4)cc32)sc1C(N)=O)c1ccccc1Cl,CHEMBL4897,3.0,3.0,0.886,415,False
C[C@@H](Oc1ccc(S(C)(=O)=O)cc1C(=O)N1C[C@@H]2C[C@]2(c2cc(C(F)(F)F)on2)C1)C(F)(F)F,CHEMBL2337,1.0,1.0,0.568,1047,False
C[C@@H](Oc1nnc(-c2cc[nH]c(=O)c2)n1C)c1nnn(-c2cccc(Cl)c2)n1,CHEMBL3227,1.0,1.0,0.766,2955,False
C[C@@H](c1ccc(C#N)cn1)N1C(=O)c2cc(C(C)(C)O)cc(F)c2[C@]1(OCC1(CO)CC1)c1ccc(Cl)cc1,CHEMBL5023,1.0,1.0,0.726,4821,False
C[C@@H](c1oc(=O)c2ccccc2c1C1=CCCN(S(=O)(=O)CCN2CCN(C)CC2)C1)n1nc(-c2cc(O)cc(F)c2)c2c(N)ncnc21,CHEMBL3130,3.0,3.0,0.815,7171,False
C[C@@H](c1oc(=O)c2ccccc2c1C1=CCCN(S(=O)(=O)CCN2CCN(C)CC2)C1)n1nc(-c2cc(O)cc(F)c2)c2c(N)ncnc21,CHEMBL3267,2.0,2.0,0.815,3907,False
C[C@@H](c1oc(=O)c2ccccc2c1C1=CCCN(S(=O)(=O)CCN2CCN(C)CC2)C1)n1nc(-c2cc(O)cc(F)c2)c2c(N)ncnc21,CHEMBL3145,1.0,1.0,0.815,2776,False
C[C@@H](c1oc(=O)c2ccccc2c1C1=CCCN(S(=O)(=O)CCN2CCN(C)CC2)C1)n1nc(-c2cc(O)cc(F)c2)c2c(N)ncnc21,CHEMBL4005,4.0,4.0,0.815,7718,False
C[C@@H](n1c(=O)[nH]c2ccc(C(=O)NC(C)(C)c3ccc(Cl)cc3)cc21)C(C)(C)C,CHEMBL5465363,1.0,1.0,0.667,41,False
C[C@@H](n1c(=O)[nH]c2ccc(C(=O)NCc3ccc(Cl)cc3)cc21)C(C)(C)C,CHEMBL5465363,1.0,1.0,0.655,41,False
C[C@@H]1CC(=O)NN=C1c1ccc(Cl)c(Cl)c1,CHEMBL241,2.0,2.0,0.543,726,False
C[C@@H]1CC(=O)NN=C1c1ccc(Cl)c(Cl)c1,CHEMBL290,3.0,3.0,0.532,494,False
C[C@@H]1CC(=O)NN=C1c1ccc(NN=C(C#N)C#N)cc1,CHEMBL2066,4607.0,4569.0,0.076,7,False
C[C@@H]1CCCC[C@@H]1Nc1c(C(N)=O)cnc2[nH]ccc12,CHEMBL2971,1.0,1.0,0.679,12637,False
C[C@@H]1CCCC[C@@H]1Nc1c(C(N)=O)cnc2[nH]ccc12,CHEMBL2835,3.0,3.0,0.679,10399,False
C[C@@H]1CCCC[C@@H]1Nc1c(C(N)=O)cnc2[nH]ccc12,CHEMBL2148,2.0,2.0,0.679,7416,False
C[C@@H]1CCCN1CCc1cc2cc(CNc3ccc(C#N)cn3)ccc2o1,CHEMBL264,1.0,1.0,0.71,4372,False
C[C@@H]1CCCN1CCc1cc2cc(CNc3ccc([N+](=O)[O-])cn3)ccc2o1,CHEMBL264,1.0,1.0,0.776,4372,False
C[C@@H]1CCCN1CCc1cc2cc(CNc3ncc([N+](=O)[O-])cc3[N+](=O)[O-])ccc2o1,CHEMBL264,1.0,1.0,0.732,4372,False
C[C@@H]1CCCN1CCc1cc2cc(CNc3ncccc3C#N)ccc2o1,CHEMBL264,1.0,1.0,0.791,4372,False
C[C@@H]1CCCN1CCc1cc2cc(CNc3ncccc3[N+](=O)[O-])ccc2o1,CHEMBL264,1.0,1.0,0.771,4372,False
C[C@@H]1CCC[C@H]1N1CCC(NC(=O)c2cc(-c3ccc(F)cc3F)on2)C(C(=O)O)C1,CHEMBL2010631,1.0,1.0,0.919,1433,False
C[C@@H]1CCC[C@H]1N1CC[C@@H](NC(=O)c2cc(-c3c(F)cc(F)cc3F)on2)[C@H](C(=O)O)C1,CHEMBL2010631,1.0,1.0,0.828,1433,False
C[C@@H]1CCC[C@H]1N1CC[C@@H](NC(=O)c2cc(-c3ccc(F)cc3F)on2)[C@H](C(=O)O)C1,CHEMBL2010631,1.0,1.0,0.919,1433,False
C[C@@H]1CCC[C@H]1N1CC[C@H](NC(=O)c2cc(-c3ccc(F)cc3F)on2)[C@@H](C(=O)O)C1,CHEMBL2010631,1.0,1.0,0.919,1433,False
C[C@@H]1CC[C@@H](Oc2nccc3c2ncn3C)CN1C(=O)c1ccccc1-n1nccn1,CHEMBL4792,1.0,1.0,0.758,7613,False
C[C@@H]1CC[C@@H](Oc2nccc3c2ncn3C)CN1C(=O)c1ccccc1-n1nccn1,CHEMBL5113,2.0,2.0,0.758,7217,False
C[C@@H]1CN(C(=O)N2Cc3c(NC(=O)c4ccccn4)n[nH]c3C2(C)C)[C@@H](C)CN1C1CCOCC1,CHEMBL3045,1.0,1.0,0.822,728,False
C[C@@H]1CN(C(=O)[C@H](CC2CCCCC2)OC(=O)N[C@@H](C)CN2CC(C)(C)c3cc(F)ccc32)C[C@H](C)O1,CHEMBL2954,1.0,1.0,0.819,2538,False
C[C@@H]1CN(C(=O)c2nc(Nc3cc(C4CC4)[nH]n3)c3cc(Br)ccc3n2)CCN1,CHEMBL4600,4.0,3.0,0.459,447,False
C[C@@H]1CN(C(=O)c2nc(Nc3cc(C4CC4)[nH]n3)c3cc(Br)ccc3n2)CCN1,CHEMBL4482,1.0,1.0,0.662,609,False
C[C@@H]1CN(C(=O)c2nc(Nc3cc(C4CC4)[nH]n3)c3cc(Cl)ccc3n2)CCN1,CHEMBL4600,4.0,2.0,0.556,447,False
C[C@@H]1CN(C(=O)c2nc(Nc3cc(C4CC4)[nH]n3)c3cc(Cl)ccc3n2)CCN1,CHEMBL4482,1.0,1.0,0.803,609,False
C[C@@H]1CN(C(=O)c2nc(Nc3cc(C4CC4)[nH]n3)c3cc(Cl)ccc3n2)CCN1,CHEMBL4524,899.0,490.0,0.247,28,False
C[C@@H]1CN(C(=O)c2nc(Nc3cc(C4CC4)[nH]n3)c3cc(F)ccc3n2)CCN1,CHEMBL4600,6.0,3.0,0.459,447,False
C[C@@H]1CN(C(=O)c2nc(Nc3cc(C4CC4)[nH]n3)c3cc(F)ccc3n2)CCN1,CHEMBL4482,1.0,1.0,0.662,609,False
C[C@@H]1CN(C(=O)c2nc(Nc3cc(C4CC4)[nH]n3)c3ccc(Cl)cc3n2)CCN1,CHEMBL4600,6.0,3.0,0.474,447,False
C[C@@H]1CN(C(=O)c2nc(Nc3cc(C4CC4)[nH]n3)c3ccc(Cl)cc3n2)CCN1,CHEMBL4482,1.0,1.0,0.7,609,False
C[C@@H]1CN(C(=O)c2nc(Nc3cc(C4CC4)[nH]n3)c3ccccc3n2)CCN1,CHEMBL4600,2.0,2.0,0.582,447,False
C[C@@H]1CN(C(=O)c2nc(Nc3cc(C4CC4)[nH]n3)c3ccccc3n2)CCN1,CHEMBL4482,1.0,1.0,0.634,609,False
C[C@@H]1CN(CC(=O)N2CC(C)(C(=O)Nc3ccc(C(=O)O)cc3)c3ccc(Cc4ccc(F)cc4)cc32)[C@@H](CN2CCOC[C@H]2C)CN1,CHEMBL4198,2.0,2.0,0.81,1854,False
C[C@@H]1CN(CC(=O)N2CC(C)(C(=O)Nc3ccc(C(=O)O)cc3)c3ccc(Cc4ccc(F)cc4)cc32)[C@@H](CN2CCOC[C@H]2C)CN1,CHEMBL5462,1.0,1.0,0.81,664,False
C[C@@H]1CN(CC(=O)N2CC(C)(C)c3cnc(Cc4ccc(F)cc4F)cc32)[C@@H](CN2CCOC2=O)CN1,CHEMBL4198,1.0,1.0,0.854,1854,False
C[C@@H]1CN(Cc2ccc(F)cc2)CCN1C(=O)COc1ccc(Cl)cc1Nc1c(NCc2ccccn2)c(=O)c1=O,CHEMBL2413,1.0,1.0,0.844,794,False
C[C@@H]1CN(c2cc(F)c(-c3ccc(N4CCNCC4)nc3)cc2NC(=O)c2c[nH]c(=O)cc2C(F)(F)F)C[C@H](C)N1C,CHEMBL1075317,1.0,1.0,0.893,1687,False
C[C@@H]1CN(c2cc(F)c(-c3cccc(CN(C)C4COC4)c3)cc2NC(=O)c2c[nH]c(=O)cc2C(F)(F)F)C[C@H](C)N1C,CHEMBL1075317,1.0,1.0,0.759,1687,False
C[C@@H]1CN(c2cc(F)c(C3=CCN(c4ccc(C5CC5)nn4)CC3)cc2NC(=O)c2c[nH]c(=O)cc2C(F)(F)F)C[C@H](C)N1C,CHEMBL1075317,1.0,1.0,0.818,1687,False
C[C@@H]1CN(c2ccc(-c3cc(CN(C)C4COC4)c(F)cc3F)cc2NC(=O)c2c[nH]c(=O)cc2C(F)(F)F)C[C@H](C)N1C,CHEMBL1075317,1.0,1.0,0.716,1687,False
C[C@@H]1CN(c2ccc(-c3ccc(F)c(CN(C)C4COC4)c3F)cc2NC(=O)c2c[nH]c(=O)cc2C(F)(F)F)C[C@H](C)N1C,CHEMBL1075317,1.0,1.0,0.719,1687,False
C[C@@H]1CN(c2ccc(C#N)c(C(F)(F)F)c2)[C@@H](C)CN1C(=O)Nc1ccccn1,CHEMBL1871,1.0,1.0,0.797,2952,False
C[C@@H]1CN(c2cccc(NC(=O)c3ccc(S(=O)(=O)NC4(C)COC4)cc3N3CCC4(CC3)CC4)n2)CCO1,CHEMBL4523403,1.0,1.0,0.818,876,False
C[C@@H]1CN(c2cccc3c2CN(C(=O)C2CCCCC2)CC3)CCN1C(=O)Cn1cnc2cccnc21,CHEMBL4441,1.0,1.0,0.986,1777,False
C[C@@H]1CN(c2nc(C3CCCCC3)c3c(c2C#N)CCOC3)CCN1C(=O)c1cnn2cccnc12,CHEMBL2007625,1.0,1.0,0.704,4299,False
C[C@@H]1CN(c2ncc(C(=O)NC3C4CC5CC3CC(O)(C5)C4)c([C@@H]3CCCO3)n2)C[C@H](C)O1,CHEMBL4235,1.0,1.0,1.0,3366,True
C[C@@H]1CNCCN1C(=O)c1nc(Nc2cc(C3CC3)[nH]n2)c2cc(Cl)ccc2n1,CHEMBL4600,4.0,2.0,0.548,447,False
C[C@@H]1CNCCN1C(=O)c1nc(Nc2cc(C3CC3)[nH]n2)c2cc(Cl)ccc2n1,CHEMBL4482,1.0,1.0,0.806,609,False
C[C@@H]1CNc2c(cnc3sc4c(=O)n(-c5ccc(Cl)cc5)cnc4c23)O1,CHEMBL3772,1.0,1.0,0.538,799,False
C[C@@H]1COCCN1c1cc(C#CC2CC2)c2ccnc(-c3ccnn3C3CCCCO3)c2n1,CHEMBL5024,1.0,1.0,0.826,1961,False
C[C@@H]1COc2cnc3sc4c(=O)n(-c5ccc(Cl)cc5)cnc4c3c2N1,CHEMBL3772,1.0,1.0,0.562,799,False
C[C@@H]1C[C@@H](NC(=O)c2cc(C(F)(F)F)ccc2Cl)CC[C@@H]1CNc1cc(-c2ccc(F)cc2)[nH]n1,CHEMBL1800,1.0,1.0,0.582,1931,False
C[C@@H]1C[C@@H](Nc2cc(OCC(F)F)ccn2)CN1C(=O)c1cccc2c1CCC2,CHEMBL4792,1.0,1.0,0.699,7613,False
C[C@@H]1Cc2c([nH]c3ccccc23)[C@@H](c2ccc(OCCNCCCF)cn2)N1CC1(F)CC1,CHEMBL206,1.0,1.0,0.875,4427,False
C[C@@H]1Cc2c([nH]c3ccccc23)[C@@H](c2nccc(OCCNCCCF)c2F)N1CC1(F)CC1,CHEMBL206,1.0,1.0,0.878,4427,False
C[C@@H]1Cc2c([nH]c3ccccc23)[C@@H](c2nccc(OCCNCCCF)c2F)N1CC1(F)CC1,CHEMBL240,2.0,2.0,0.878,10985,False
C[C@@H]1NC(=O)[C@@H](Cc2ccccc2)NC(=O)[C@@H]2CCCCNC(=O)c3cc(cc(c3)C(=O)N[C@H](Cc3ccc4ccccc4c3)C(=O)N[C@@H](CO)C(=O)N[C@@H](CC(N)=O)C(=O)N[C@H](Cc3ccc4ccccc4c3)C(=O)N[C@@H](c3ccccc3)C(=O)N2)C(=O)NC[C@@H](C(=O)N[C@@H](CCCN)C(=O)N[C@H](CCCNC(=N)N)C(=O)N[C@@H](Cc2c[nH]c3ccccc23)C(=O)N[C@H](C)C(N)=O)NC(=O)[C@H](CCCNC(=N)N)NC(=O)[C@@H](CCCNC(=N)N)NC1=O,CHEMBL2189121,1.0,1.0,0.896,2721,False
C[C@@H]1NC(=O)[C@H](Cc2ccccc2)NC(=O)[C@H](CCCNC(=N)N)NC(=O)[C@@H]2CCCN2C(=O)[C@H](CC(=O)O)NC(=O)[C@H](CO)NC(=O)[C@@H](NC(=O)[C@H](Cc2cnc[nH]2)NC(=O)CN)CSSC[C@@H](C(N)=O)NC(=O)[C@H](CCCNC(=N)N)NC(=O)[C@H](Cc2c[nH]c3ccccc23)NC1=O,CHEMBL2492,1.0,1.0,0.766,1545,False
C[C@@H]1OC(=O)c2ccc(Nc3cc4c([C@@](C)(N)C5CC5)cnc(NC5CC5)c4cn3)nc2[C@H]1C,CHEMBL5749,1.0,1.0,0.864,3184,False
C[C@@H]1OC(=O)c2ccc(Nc3cc4c([C@](C)(N)C5CC5)cnc(NC5CC5)c4cn3)nc2[C@H]1C,CHEMBL5749,1.0,1.0,0.864,3184,False
C[C@@H]1OCC2(CCC(c3cnc4nc(Sc5ccnc(N6CCCC6)c5Cl)ccc4n3)CC2)[C@@H]1N,CHEMBL3864,1.0,1.0,0.633,2389,False
C[C@@](O)(c1ccc(-c2nc([C@@H]3CC[C@H]4CCC(=O)N4C3)n3ccnc(N)c23)cc1)c1cc(C(F)(F)F)ccn1,CHEMBL5251,1.0,1.0,0.89,9782,False
C[C@@](O)(c1ccc(-c2nc([C@@H]3CC[C@H]4CCC(=O)N4C3)n3ccnc(N)c23)cc1)c1cccc(C(F)(F)F)n1,CHEMBL5251,1.0,1.0,0.843,9782,False
C[C@@]1(NC(=O)c2ccc3c(-c4cccc(OC(F)F)c4)nn(-c4ccc(F)cn4)c3c2)CCS(=O)(=O)C1,CHEMBL5853,1.0,1.0,0.818,1031,False
C[C@@]1(NC(=O)c2ccc3c(-c4ccccc4Cl)nn(-c4ccc(F)cn4)c3c2)CCS(=O)(=O)C1,CHEMBL5853,1.0,1.0,0.833,1031,False
C[C@@]1(NC(=O)c2ccc3c(-c4ccccc4Cl)nn(-c4ccccn4)c3c2)CCS(=O)(=O)C1,CHEMBL5853,1.0,1.0,0.792,1031,False
C[C@@]1(c2cc(NC(=O)N3CCc4ccccc4C3)ccc2F)C[C@@H](C(F)(F)F)OC(N)=N1,CHEMBL4822,1.0,1.0,0.708,9994,False
C[C@@]1(c2ccccc2)CN([C@H]2CC[C@@H](n3c(=O)[nH]c4cc(C#N)ccc43)CC2)C(=O)O1,CHEMBL6164,1.0,1.0,1.0,1063,True
C[C@H](C(=O)O)[C@H](c1cccc(OC[C@H]2CCN(Cc3cc(C(F)(F)F)ccc3C(F)(F)F)C2)c1)C1CC1,CHEMBL4422,1.0,1.0,1.0,2348,True
C[C@H](CCC(=O)NCCS(=O)(=O)O)[C@H]1CC[C@H]2[C@@H]3[C@@H](O)C[C@@H]4C[C@H](NC(=O)CCCC(=O)N[C@@H]5CC[C@@]6(C)[C@@H](C5)C[C@H](O)[C@@H]5[C@@H]6CC[C@]6(C)[C@@H]([C@H](C)CCC(=O)NCCS(=O)(=O)O)CC[C@@H]56)CC[C@]4(C)[C@H]3CC[C@]12C,CHEMBL5287,1.0,1.0,0.896,228,False
C[C@H](CCC(=O)NCCc1ccc(S(N)(=O)=O)cc1)[C@H]1CC[C@H]2[C@@H]3CC[C@@H]4C[C@H](O)CC[C@]4(C)[C@H]3CC[C@]12C,CHEMBL261,1.0,1.0,0.857,7567,False
C[C@H](CCC(=O)NCCc1ccc(S(N)(=O)=O)cc1)[C@H]1CC[C@H]2[C@@H]3CC[C@@H]4C[C@H](O)CC[C@]4(C)[C@H]3CC[C@]12C,CHEMBL205,2.0,2.0,0.857,8715,False
C[C@H](CCC(=O)NCCc1ccc(S(N)(=O)=O)cc1)[C@H]1CC[C@H]2[C@@H]3CC[C@@H]4C[C@H](O)CC[C@]4(C)[C@H]3C[C@H](O)[C@]12C,CHEMBL261,2.0,2.0,0.865,7567,False
C[C@H](CCC(=O)NCCc1ccc(S(N)(=O)=O)cc1)[C@H]1CC[C@H]2[C@@H]3CC[C@@H]4C[C@H](O)CC[C@]4(C)[C@H]3C[C@H](O)[C@]12C,CHEMBL205,1.0,1.0,0.865,8715,False
C[C@H](CCC(=O)NCCc1ccc(S(N)(=O)=O)cc1)[C@H]1CC[C@H]2[C@@H]3[C@@H](O)C[C@@H]4C[C@H](O)CC[C@]4(C)[C@H]3CC[C@]12C,CHEMBL261,1.0,1.0,0.859,7567,False
C[C@H](CCC(=O)NCCc1ccc(S(N)(=O)=O)cc1)[C@H]1CC[C@H]2[C@@H]3[C@@H](O)C[C@@H]4C[C@H](O)CC[C@]4(C)[C@H]3CC[C@]12C,CHEMBL205,2.0,2.0,0.859,8715,False
C[C@H](CCC(=O)NCCc1ccc(S(N)(=O)=O)cc1)[C@H]1CC[C@H]2[C@@H]3[C@H](O)C[C@@H]4C[C@H](O)CC[C@]4(C)[C@H]3CC[C@]12C,CHEMBL261,1.0,1.0,0.859,7567,False
C[C@H](CCC(=O)NCCc1ccc(S(N)(=O)=O)cc1)[C@H]1CC[C@H]2[C@@H]3[C@H](O)C[C@@H]4C[C@H](O)CC[C@]4(C)[C@H]3CC[C@]12C,CHEMBL205,2.0,2.0,0.859,8715,False
C[C@H](CCC(=O)NCCc1ccc(S(N)(=O)=O)cc1)[C@H]1CC[C@H]2[C@@H]3[C@H](O)C[C@@H]4C[C@H](O)CC[C@]4(C)[C@H]3C[C@H](O)[C@]12C,CHEMBL261,1.0,1.0,0.867,7567,False
C[C@H](CCC(=O)NCCc1ccc(S(N)(=O)=O)cc1)[C@H]1CC[C@H]2[C@@H]3[C@H](O)C[C@@H]4C[C@H](O)CC[C@]4(C)[C@H]3C[C@H](O)[C@]12C,CHEMBL205,2.0,2.0,0.867,8715,False
C[C@H](CCC(=O)N[C@@H](Cc1ccc(O)cc1)C(=O)O)[C@H]1CC[C@H]2[C@@H]3CC[C@@H]4C[C@H](O)CC[C@]4(C)[C@H]3CC[C@]12C,CHEMBL2068,1.0,1.0,0.75,800,False
C[C@H](CCC(=O)N[C@@H](Cc1ccccc1)C(=O)O)[C@H]1CC[C@H]2[C@@H]3CC[C@@H]4C[C@H](O)CC[C@]4(C)[C@H]3CC[C@]12C,CHEMBL2068,3.0,1.0,0.773,800,False
C[C@H](CCC(=O)N[C@H](Cc1ccc(O)cc1)C(=O)O)[C@H]1CC[C@H]2[C@@H]3CC[C@@H]4C[C@H](O)CC[C@]4(C)[C@H]3CC[C@]12C,CHEMBL2068,1.0,1.0,0.75,800,False
C[C@H](CCC(=O)N[C@H](Cc1ccccc1)C(=O)O)[C@H]1CC[C@H]2[C@@H]3CC[C@@H]4C[C@H](O)CC[C@]4(C)[C@H]3CC[C@]12C,CHEMBL2068,3.0,1.0,0.773,800,False
C[C@H](CCCC(C)(C)O)[C@H]1CC[C@@]2(C)C3=CC[C@H]4C(C)(C)[C@@H](O)CC[C@]4(C)C3=CC[C@]12C,CHEMBL3621022,12.0,1.0,0.585,8,False
C[C@H](CCN1CCC[C@@H](Cc2ccc(F)cc2)C1)NC(=O)Nc1cc(-n2ccnn2)cc(-n2ccnn2)c1,CHEMBL3473,2.0,2.0,0.829,1134,False
C[C@H](CCN1CCC[C@@H](Cc2ccc(F)cc2)C1)NC(=O)Nc1cc(-n2ccnn2)cc(-n2ccnn2)c1,CHEMBL289,1.0,1.0,0.829,3036,False
C[C@H](CC[C@H](O)C(C)(C)O)[C@H]1CC[C@@]2(C)C3=CC[C@H]4C(C)(C)[C@@H](O)CC[C@]4(C)C3=CC[C@]12C,CHEMBL220,1.0,1.0,0.734,6051,False
C[C@H](CO)n1nnnc1-c1cccc(NC(=O)c2cc3c(cn2)CCN(C(=O)NC2CCCC2)C3)n1,CHEMBL5285,1.0,1.0,0.946,1282,False
C[C@H](C[C@@H](O)N1CCC[C@@H](Cc2ccc(F)cc2)C1)NC(=O)Nc1cc(-n2ccnn2)cc(-n2ccnn2)c1,CHEMBL3473,2.0,2.0,0.833,1134,False
C[C@H](C[C@@H](O)N1CCC[C@@H](Cc2ccc(F)cc2)C1)NC(=O)Nc1cc(-n2ccnn2)cc(-n2ccnn2)c1,CHEMBL289,1.0,1.0,0.833,3036,False
C[C@H](C[C@H](O)[C@@H](N)CN1CC(=O)N(c2ccccc2Cl)CC1(C)C)C(=O)N[C@H]1C2CC3CC1C[C@](O)(C3)C2,CHEMBL286,1.0,1.0,0.667,2967,False
C[C@H](N)C(=O)NCC(=O)O,CHEMBL1743125,31.0,2.0,0.571,57,False
C[C@H](N)C(=O)N[C@H]1CC[C@H]2CC[C@@H](C(=O)NC(c3ccccc3)c3ccccc3)N2C1,CHEMBL4198,1.0,1.0,0.696,1854,False
C[C@H](N)CN1CCc2ccc3c(c21)CCCO3,CHEMBL224,1.0,1.0,0.854,6081,False
C[C@H](N)CN1CCc2ccc3c(c21)CCCO3,CHEMBL1833,3.0,3.0,0.854,2154,False
C[C@H](N)CN1CCc2ccc3c(c21)CCCO3,CHEMBL225,2.0,2.0,0.854,3966,False
C[C@H](N)CNc1nc(-c2ccncc2)nc2sc3c(c12)CCN(C(=O)OC(C)(C)C)C3,CHEMBL2598,1.0,1.0,0.8,621,False
C[C@H](NC(=O)C1CNC(=O)C1)c1ccc(C2CN(c3ccc(OCC4CC4)cc3)C2)cc1,CHEMBL4829,1.0,1.0,0.787,4003,False
C[C@H](NC(=O)CCc1ccccc1)C(=O)NCCc1c[nH]c2ccc(OCc3ccccc3)cc12,CHEMBL4462,32.0,13.0,0.512,939,False
C[C@H](NC(=O)OCc1ccc(COC(=O)N[C@@H](C)C(=O)NCc2ccc(CN)cc2)cc1)C(=O)NCc1ccc(CN)cc1,CHEMBL2617,5.0,12.0,0.463,222,False
C[C@H](NC(=O)OCc1ccc(COC(=O)N[C@@H](C)C(=O)NCc2ccc(CN)cc2)cc1)C(=O)NCc1ccc(CN)cc1,CHEMBL1801,34.0,43.0,0.397,983,False
C[C@H](NC(=O)[C@@H]1CCCN1C(=O)[C@@H]1CSCN1C(=O)[C@@H](O)[C@H](N)Cc1ccccc1)C(N)=O,CHEMBL4610,1.0,1.0,0.825,15,False
C[C@H](NC(=O)[C@@H]1CCCN1C(=O)[C@@H]1CSCN1C(=O)[C@@H](O)[C@H](N)Cc1ccccc1)C(N)=O,CHEMBL3782,4.0,4.0,0.825,10,False
C[C@H](NC(=O)[C@@H]1CCCN1C(=O)[C@@H]1CSCN1C(=O)[C@@H](O)[C@H](N)Cc1ccccc1)C(N)=O,CHEMBL4185,3.0,3.0,0.825,14,False
C[C@H](NC(=O)[C@@H]1CCCN1C(=O)[C@@H]1CSCN1C(=O)[C@@H](O)[C@H](N)Cc1ccccc1)C(N)=O,CHEMBL3965,2.0,2.0,0.825,62,False
C[C@H](NC(=O)[C@H](Cc1ccc(NC(=O)Nc2ccccc2)cc1)NC(=O)C(=O)NO)c1ccccc1,CHEMBL321,2.0,2.0,0.783,2771,False
C[C@H](NC(=O)[C@H](Cc1ccc(NC(=O)Nc2ccccc2)cc1)NC(=O)C(=O)NO)c1ccccc1,CHEMBL4588,1.0,1.0,0.783,1310,False
C[C@H](NC(=O)[C@H]1C[C@@H]1c1ccccc1)c1ccc(S(C)(=O)=O)nc1,CHEMBL2492,14.0,21.0,0.37,1545,False
C[C@H](NC(=O)[C@H]1C[C@H](c2ccccc2)CN1)C(=O)NCc1ccc(C(=N)NC(=O)OCc2ccccc2)cc1,CHEMBL4295646,1.0,1.0,0.864,204,False
C[C@H](NC(=O)c1ccc(N2CC(CC#N)(n3cc(-c4ncnc5[nH]ccc45)cn3)C2)cc1F)C1CCCCC1,CHEMBL2971,1.0,1.0,0.937,12637,False
C[C@H](NC(=O)c1ccc2[nH]c(=O)n([C@H](C)C(C)(C)C)c2c1)c1ccc(Cl)cc1,CHEMBL5465363,1.0,1.0,0.772,41,False
C[C@H](NC(=O)c1cn(C)c2ccc(-c3ccc4nc(NC(=O)C5CC5)cn4n3)cc12)c1cccc(F)c1,CHEMBL5464,1.0,1.0,0.792,3943,False
C[C@H](NC(=O)c1nc(C(=O)N2CC(F)(F)C[C@@H]2C)c(-c2cnc(N[C@@H](C3CC3)C(F)(F)F)cc2C(F)F)s1)C(C)(C)O,CHEMBL1741186,1.0,1.0,0.868,10748,False
C[C@H](NC(=O)c1nc(C(=O)N2CCC[C@@H]2C)c(-c2cnc(N[C@@H](C3CC3)C(F)(F)F)cc2C(F)F)s1)C(C)(C)O,CHEMBL1741186,1.0,1.0,0.88,10748,False
C[C@H](NC(=O)c1nc(C(=O)N2CCC[C@@H]2C)c(-c2cnc(N[C@H](C3CC3)C(F)(F)F)cc2C(F)F)s1)C(C)(C)O,CHEMBL1741186,1.0,1.0,0.88,10748,False
C[C@H](Nc1cc(-c2ccn[nH]2)ccn1)c1cc2cc(Cl)ccc2[nH]c1=O,CHEMBL2007625,1.0,1.0,0.705,4299,False
C[C@H](Nc1cc(-c2ccnn2C)ccn1)c1cc2cc(Cl)ccc2[nH]c1=O,CHEMBL2007625,1.0,1.0,0.734,4299,False
C[C@H](Nc1cc(C(F)(F)F)c(-c2sc(C(=O)NCC(C)(C)O)nc2C(=O)N2CC(F)(F)C[C@@H]2C)cn1)C1CC1,CHEMBL1741186,1.0,1.0,0.947,10748,False
C[C@H](Nc1cc(C(F)(F)F)c(-c2sc(C(=O)NCC(C)(C)O)nc2C(=O)N2CCC[C@@H]2C)cn1)C1CC1,CHEMBL1741186,1.0,1.0,0.959,10748,False
C[C@H](Nc1cc(C(F)(F)F)c(-c2sc(C(=O)N[C@@H](C)C(C)(C)O)nc2C(=O)N2CC(F)(F)C[C@@H]2C)cn1)C1CC1,CHEMBL1741186,1.0,1.0,0.79,10748,False
C[C@H](Nc1cc(C(F)(F)F)c(-c2sc(C(=O)N[C@H](C)C(C)(C)O)nc2C(=O)N2CC(F)(F)C[C@@H]2C)cn1)C1CC1,CHEMBL1741186,1.0,1.0,0.79,10748,False
C[C@H](Nc1cc(C(F)F)c(-c2sc(C(=O)NCC(C)(C)O)nc2C(=O)N2CCC[C@@H]2C)cn1)C1CC1,CHEMBL1741186,1.0,1.0,0.959,10748,False
C[C@H](Nc1cc(C(F)F)c(-c2sc(C(=O)N[C@@H](C)C(C)(C)O)nc2C(=O)N2CC(F)(F)C[C@@H]2C)cn1)C1CC1,CHEMBL1741186,1.0,1.0,0.842,10748,False
C[C@H](Nc1cc(C(F)F)c(-c2sc(C(=O)N[C@H](C)C(C)(C)O)nc2C(=O)N2CC(F)(F)C[C@@H]2C)cn1)C1CC1,CHEMBL1741186,1.0,1.0,0.842,10748,False
C[C@H](Nc1ccc(C(N)=O)c2[nH]c3cc(-c4ccc(Cl)nn4)ccc3c12)C(C)(C)C,CHEMBL2971,1.0,1.0,0.691,12637,False
C[C@H](Nc1ccc(C(N)=O)c2[nH]c3cc(-c4ccc(N)nn4)ccc3c12)C(C)(C)C,CHEMBL2971,1.0,1.0,0.727,12637,False
C[C@H](Nc1nc(C(=O)N2CC(NC(=O)C3CCC(F)(F)CC3)C2)c2sccc2n1)c1cncc(F)c1,CHEMBL255,3.0,3.0,0.84,3330,False
C[C@H](Nc1nc(C(=O)N2CC(NC(=O)C3CCC(F)(F)CC3)C2)c2sccc2n1)c1cncc(F)c1,CHEMBL251,1.0,1.0,0.9,6698,False
C[C@H](Nc1nc(C(=O)N2CC(NC(=O)C3CCC(F)(F)CC3)C2)c2sccc2n1)c1cncc(F)c1,CHEMBL256,2.0,2.0,0.875,4904,False
C[C@H](Nc1nc(C(=O)N2CC(NC(=O)C3CCCCC3)C2)c2sccc2n1)c1cncc(F)c1,CHEMBL256,1.0,1.0,0.985,4904,False
C[C@H](Nc1nc(Nc2cn(C)cn2)c2cnn(C)c2n1)c1ncc(F)cn1,CHEMBL2148,1.0,1.0,0.737,7416,False
C[C@H](Nc1nc(Nc2cn(C)cn2)c2cnn(C)c2n1)c1ncc(F)cn1,CHEMBL2971,3.0,3.0,0.737,12637,False
C[C@H](Nc1nc(Nc2cn(C)cn2)c2cnn(C)c2n1)c1ncc(F)cn1,CHEMBL2835,2.0,2.0,0.737,10399,False
C[C@H](Nc1nc2nonc2nc1Nc1ccc(Cl)c(S(=O)(=O)N(C)C)c1O)c1ccccc1,CHEMBL274,1.0,1.0,0.763,2287,False
C[C@H](Nc1nc2nonc2nc1Nc1ccc(Cl)c(S(=O)(=O)N(C)C)c1O)c1ccccc1,CHEMBL4015,2.0,2.0,0.763,2077,False
C[C@H](Nc1nccc(-c2ccnn2C)c1F)c1cc2cc(Cl)ccc2[nH]c1=O,CHEMBL2007625,1.0,1.0,0.769,4299,False
C[C@H](Nc1nccc(-n2cnc3ccccc32)n1)[C@]1(C)CN(C(=O)Nc2cccc3ccccc23)CCN1C,CHEMBL258,1.0,1.0,0.696,2369,False
C[C@H](Nc1ncnc(N)c1-c1cnn(CCO)c1)c1nn2cccc2c(=O)n1-c1ccccc1,CHEMBL3130,1.0,1.0,0.712,7171,False
C[C@H](O)C(=O)Nc1nnc(CCCCc2nnc(NC(=O)Cc3ccccc3)s2)s1,CHEMBL2146302,1.0,1.0,0.795,1424,False
C[C@H](O)CNc1nccc(-n2ccnc2Cc2cccc(NC(=O)Nc3ccc(Cl)c(C(F)(F)F)c3)c2)n1,CHEMBL1906,5.0,5.0,0.421,2781,False
C[C@H](O)CNc1nccc(-n2ccnc2Cc2cccc(NC(=O)Nc3ccc(Cl)c(C(F)(F)F)c3)c2)n1,CHEMBL5145,3.0,4.0,0.438,5743,False
C[C@H](O)CNc1nccc(-n2ccnc2Cc2cccc(NC(=O)Nc3ccc(Cl)c(C(F)(F)F)c3)c2)n1,CHEMBL260,7.0,9.0,0.411,5079,False
C[C@H](Oc1nc(N2CCC(F)(F)C2)c2nnn(Cc3ncccc3Cl)c2n1)C(F)(F)F,CHEMBL253,1.0,1.0,0.783,7881,False
C[C@H]1/C=C\[C@@H](CCCCN)NC(=O)[C@H](CCCCN)NC(=O)[C@@H](CCCN=C(N)N)NC(=O)[C@H](Cc2ccc(O)cc2)NC(=O)[C@@H](NC(=O)[C@H](Cc2ccc3ccccc3c2)NC(=O)[C@H](CCCN=C(N)N)NC(=O)[C@@H](N)CCCN=C(N)N)CSSC[C@@H](C(=O)N[C@@H](CCCN=C(N)N)C(=O)O)NC(=O)C(CCCNC(N)=O)NC(=O)[C@@H](CCCN=C(N)N)NC(=O)[C@H](Cc2ccc(O)cc2)NC1=O,CHEMBL2107,1.0,1.0,0.881,983,False
C[C@H]1/C=C\[C@@H](CCCCN)NC(=O)[C@H](CCCCN)NC(=O)[C@@H](CCCN=C(N)N)NC(=O)[C@H](Cc2ccc(O)cc2)NC(=O)[C@@H](NC(=O)[C@H](Cc2ccc3ccccc3c2)NC(=O)[C@H](CCCN=C(N)N)NC(=O)[C@@H](N)CCCN=C(N)N)CSSC[C@@H](C(=O)N[C@@H](CCCN=C(N)N)C(N)=O)NC(=O)C(CCCNC(N)=O)NC(=O)[C@@H](CCCN=C(N)N)NC(=O)[C@H](Cc2ccc(O)cc2)NC1=O,CHEMBL2107,1.0,1.0,0.832,983,False
C[C@H]1C2Cc3cc4ncnc(NCCc5ccc(-c6ccccc6)cc5)c4cc3[C@@]1(C)CCN2CC1CC1,CHEMBL233,1.0,1.0,0.778,7306,False
C[C@H]1C2Cc3cc4ncnc(NCCc5ccc(-c6ccccc6)cc5)c4cc3[C@@]1(C)CCN2CC1CC1,CHEMBL236,2.0,2.0,0.778,4835,False
C[C@H]1C2Cc3cc4ncnc(NCCc5ccc(-c6ccccc6)cc5)c4cc3[C@@]1(C)CCN2CC1CC1,CHEMBL237,3.0,3.0,0.778,6265,False
C[C@H]1CC(F)(F)CN1C(=O)c1nc(C(=O)NC2CCS(=O)(=O)CC2)sc1-c1cnc(NC2(C)CCC2)cc1C(F)F,CHEMBL1741186,1.0,1.0,0.817,10748,False
C[C@H]1CC(F)(F)CN1C(=O)c1nc(C(=O)NCC(C)(C)O)sc1-c1cnc(NC(C)(C)C2CC2)cc1C(F)(F)F,CHEMBL1741186,1.0,1.0,0.867,10748,False
C[C@H]1CC(F)(F)CN1C(=O)c1nc(C(=O)NCC(C)(C)O)sc1-c1cnc(NC(C)(C)C2CC2)cc1C(F)F,CHEMBL1741186,1.0,1.0,0.868,10748,False
C[C@H]1CC(F)(F)CN1C(=O)c1nc(C(=O)NCC(C)(C)O)sc1-c1cnc(NCC2(C(F)(F)F)CC2)cc1C(F)(F)F,CHEMBL1741186,1.0,1.0,0.948,10748,False
C[C@H]1CC(F)(F)CN1C(=O)c1nc(C(=O)NCC(C)(C)O)sc1-c1cnc(NCC2(C(F)(F)F)CC2)cc1C(F)F,CHEMBL1741186,1.0,1.0,0.949,10748,False
C[C@H]1CC(F)(F)CN1C(=O)c1nc(C(=O)NCC(C)(C)O)sc1-c1cnc(NCC2(C)CC2)cc1C(F)(F)F,CHEMBL1741186,1.0,1.0,0.855,10748,False
C[C@H]1CC(F)(F)CN1C(=O)c1nc(C(=O)N[C@H](C)C(C)(C)O)sc1-c1cnc(N[C@@H](C2CC2)C(F)(F)F)cc1C(F)F,CHEMBL1741186,1.0,1.0,0.868,10748,False
C[C@H]1CCCN1C(=O)c1nc(C(=O)NC2CCS(=O)(=O)CC2)sc1-c1cnc(NC2(C)CCC2)cc1C(F)F,CHEMBL1741186,1.0,1.0,0.823,10748,False
C[C@H]1CCCN1C(=O)c1nc(C(=O)NCC(C)(C)O)sc1-c1cnc(NC(C)(C)C2CC2)cc1C(F)(F)F,CHEMBL1741186,1.0,1.0,0.877,10748,False
C[C@H]1CCCN1C(=O)c1nc(C(=O)NCC(C)(C)O)sc1-c1cnc(NC(C)(C)C2CC2)cc1C(F)F,CHEMBL1741186,1.0,1.0,0.959,10748,False
C[C@H]1CCCN1C(=O)c1nc(C(=O)NCC(C)(C)O)sc1-c1cnc(NC(C2CC2)C(F)(F)F)cc1C(F)F,CHEMBL1741186,1.0,1.0,0.87,10748,False
C[C@H]1CCCN1C(=O)c1nc(C(=O)NCC(C)(C)O)sc1-c1cnc(NCC2(C(F)(F)F)CC2)cc1C(F)(F)F,CHEMBL1741186,1.0,1.0,0.96,10748,False
C[C@H]1CCCN1C(=O)c1nc(C(=O)NCC(C)(C)O)sc1-c1cnc(NCC2(C(F)(F)F)CC2)cc1C(F)F,CHEMBL1741186,1.0,1.0,0.961,10748,False
C[C@H]1CCCN1C(=O)c1nc(C(=O)NCC(C)(C)O)sc1-c1cnc(NCC2(C)CC2)cc1C(F)(F)F,CHEMBL1741186,1.0,1.0,0.853,10748,False
C[C@H]1CCCN1C(=O)c1nc(C(=O)NCC(C)(C)O)sc1-c1cnc(N[C@@H](C2CC2)C(F)(F)F)cc1C(F)F,CHEMBL1741186,1.0,1.0,0.87,10748,False
C[C@H]1CCCN1C(=O)c1nc(C(=O)N[C@H](C)C(C)(C)O)sc1-c1cnc(N[C@@H](C2CC2)C(F)(F)F)cc1C(F)F,CHEMBL1741186,1.0,1.0,0.88,10748,False
C[C@H]1CCCN1C(=O)c1nc(C(=O)N[C@H](C)C(C)(C)O)sc1-c1cnc(N[C@H](C2CC2)C(F)(F)F)cc1C(F)F,CHEMBL1741186,1.0,1.0,0.88,10748,False
C[C@H]1CCN1c1nc(N2C[C@H]3CC[C@H](C(=O)O)[C@H]3C2)c2c(n1)C(F)(F)CC2,CHEMBL1275212,1.0,1.0,0.631,417,False
C[C@H]1CC[C@H](Cn2c(N3CCOC4CCCC43)nc3cc(-c4noc(=O)[nH]4)nc(-c4cncc(Cl)c4)c32)CC1,CHEMBL5023,1.0,1.0,1.0,4821,True
C[C@H]1CC[C@H](Cn2c(N3CCOC[C@H]3c3ccccc3)nc3cc(-c4noc(=O)[nH]4)nc(-c4cnccn4)c32)CC1,CHEMBL5023,1.0,1.0,0.821,4821,False
C[C@H]1CC[C@H]([C@H](NC(=O)c2cccc(-n3ccnc3)c2)C(=O)N2C[C@H](Cl)[C@H]3OCC(=O)[C@H]32)CC1,CHEMBL4072,3.0,3.0,0.642,1368,False
C[C@H]1CC[C@H]([C@H](NC(=O)c2cccc(-n3ccnc3)c2)C(=O)N2C[C@H](Cl)[C@H]3OCC(=O)[C@H]32)CC1,CHEMBL3837,2.0,2.0,0.704,2086,False
C[C@H]1CC[C@H]([C@H](NC(=O)c2cccc(-n3ccnc3)c2)C(=O)N2C[C@H](Cl)[C@H]3OCC(=O)[C@H]32)CC1,CHEMBL2954,1.0,1.0,0.753,2538,False
C[C@H]1CC[C@H]([C@H](NC(=O)c2cccc(-n3ccnc3)c2)C(=O)N2C[C@H](Cl)[C@H]3OCC(=O)[C@H]32)CC1,CHEMBL3272,4.0,4.0,0.642,150,False
C[C@H]1CC[C@H]([C@H](NC(=O)c2cccc(-n3ccnc3)c2)C(=O)N2C[C@H](F)[C@H]3OCC(=O)[C@H]32)CC1,CHEMBL2954,1.0,1.0,0.753,2538,False
C[C@H]1CN(C(=O)C(C)(C)c2ccc(-c3nn[nH]n3)cc2)Cc2onc([C@@](C)(O)C(F)(F)F)c21,CHEMBL4766,1.0,1.0,0.613,803,False
C[C@H]1CN(C(=O)C(C)(C)c2ccc(-c3nn[nH]n3)cc2)Cc2onc([C@@](C)(O)C(F)(F)F)c21,CHEMBL3861,2.0,2.0,0.613,978,False
C[C@H]1CN(C(=O)CCC2(c3ncccn3)NC(=O)NC2=O)CCN1c1cc(F)cc(Cl)c1,CHEMBL2285,2.0,1.0,0.826,977,False
C[C@H]1CN(C(=O)CCC2(c3ncccn3)NC(=O)NC2=O)CCN1c1cc(F)cc(Cl)c1,CHEMBL333,1.0,2.0,0.775,3911,False
C[C@H]1CN(C(=O)CCC2(c3ncccn3)NC(=O)NC2=O)CCN1c1cc(F)cc(F)c1,CHEMBL2285,2.0,1.0,0.815,977,False
C[C@H]1CN(C(=O)CCC2(c3ncccn3)NC(=O)NC2=O)CCN1c1ccc(Cl)c(Cl)c1,CHEMBL2285,3.0,3.0,0.836,977,False
C[C@H]1CN(C(=O)CCC2(c3ncccn3)NC(=O)NC2=O)CCN1c1ccc(Cl)c(Cl)c1,CHEMBL333,1.0,1.0,0.836,3911,False
C[C@H]1CN(C(=O)c2nc(Nc3cc(C4CC4)[nH]n3)c3cc(Cl)ccc3n2)CCN1,CHEMBL4600,4.0,2.0,0.556,447,False
C[C@H]1CN(C(=O)c2nc(Nc3cc(C4CC4)[nH]n3)c3cc(Cl)ccc3n2)CCN1,CHEMBL4482,1.0,1.0,0.803,609,False
C[C@H]1CN(Cc2c(Cl)cccc2C(F)(F)F)C[C@@]1(CC(=O)O)C(=O)NC1CCN(CC2=CCCC2)CC1,CHEMBL4843,1.0,1.0,0.972,84,False
C[C@H]1CN(Cc2c(Cl)cccc2C(F)F)C[C@@]1(CC(=O)O)C(=O)NC1CCN(CC2=CCCC2)CC1,CHEMBL4843,1.0,1.0,0.972,84,False
C[C@H]1CN(c2cc(F)c(-c3ccc(N4CCN(C)CC4)nc3)cc2NC(=O)c2cn(C)c(=O)cc2C(F)(F)F)CCN1C,CHEMBL1075317,1.0,1.0,0.855,1687,False
C[C@H]1CN(c2cc(F)c(-c3cccc(CN(C)C4COC4)c3)cc2NC(=O)c2c[nH]c(=O)cc2C(F)(F)F)CCN1C,CHEMBL1075317,1.0,1.0,0.773,1687,False
C[C@H]1CN(c2cccc3cc(C#N)ccc23)CCN1CC[C@H]1OCc2cc(C(N)=O)ccc21,CHEMBL1983,1.0,1.0,0.875,1314,False
C[C@H]1CN(c2cccc3cc(C#N)ccc23)CCN1CC[C@H]1OCc2cc(C(N)=O)ccc21,CHEMBL228,2.0,2.0,0.875,5328,False
C[C@H]1CN(c2cccc3cc(C#N)ccc23)CCN1CC[C@H]1OCc2cc(C(N)=O)ccc21,CHEMBL1898,3.0,3.0,0.875,1151,False
C[C@H]1CN(c2cccc3cc(F)ccc23)CCN1CC[C@H]1OCc2cc(C(N)=O)ccc21,CHEMBL1983,2.0,2.0,1.0,1314,True
C[C@H]1CN(c2cccc3cc(F)ccc23)CCN1CC[C@H]1OCc2cc(C(N)=O)ccc21,CHEMBL228,1.0,1.0,1.0,5328,True
C[C@H]1CN(c2cccc3cc(F)ccc23)CCN1CC[C@H]1OCc2cc(C(N)=O)ccc21,CHEMBL214,4.0,4.0,1.0,5809,True
C[C@H]1CNCCN1C(=O)c1nc(Nc2cc(C3CC3)[nH]n2)c2cc(Cl)ccc2n1,CHEMBL4600,4.0,2.0,0.548,447,False
C[C@H]1CNCCN1C(=O)c1nc(Nc2cc(C3CC3)[nH]n2)c2cc(Cl)ccc2n1,CHEMBL4482,1.0,1.0,0.806,609,False
C[C@H]1CNc2c(cnc3sc4c(=O)n(-c5ccc(Cl)cc5)cnc4c23)O1,CHEMBL3772,1.0,1.0,0.538,799,False
C[C@H]1COc2cnc3sc4c(=O)n(-c5ccc(Cl)cc5)cnc4c3c2N1,CHEMBL3772,1.0,1.0,0.562,799,False
C[C@H]1[C@H](c2nccs2)OC(=O)N1c1cc(-c2cnc(N)nc2C(F)(F)F)nc(N2CCOCC2)n1,CHEMBL4005,1.0,1.0,1.0,7718,True
C[C@H]1[C@H](c2nccs2)OC(=O)N1c1cc(-c2cnc(N)nc2C(F)(F)F)nc(N2CCOCC2)n1,CHEMBL3145,2.0,2.0,1.0,2776,True
C[C@H]1[C@H](c2nccs2)OC(=O)N1c1cc(-c2cnc(N)nc2C(F)(F)F)nc(N2CCOCC2)n1,CHEMBL2842,3.0,3.0,1.0,4921,True
C[C@](O)(c1ccc(-c2nc([C@@H]3CC[C@H]4CCC(=O)N4C3)n3ccnc(N)c23)cc1)c1cc(C(F)(F)F)ccn1,CHEMBL5251,1.0,1.0,0.89,9782,False
C[C@](O)(c1ccc(-c2nc([C@@H]3CC[C@H]4CCC(=O)N4C3)n3ccnc(N)c23)cc1)c1cccc(C(F)(F)F)n1,CHEMBL5251,1.0,1.0,0.843,9782,False
C[C@]1(C(=O)NC23CC4CC(CC(C4)C2)C3)CCC[C@]2(C)c3cc(O)ccc3CC[C@@H]12,CHEMBL2808,1.0,1.0,0.754,1202,False
C[C@]1(C(=O)NC23CC4CC(CC(C4)C2)C3)CCC[C@]2(C)c3cc(O)ccc3CC[C@@H]12,CHEMBL4093,2.0,2.0,0.754,1355,False
C[C@]1(C(=O)[C@H](Cc2ccccc2)NC(=O)[C@@H]2COCCCCCC(=O)N3CCC[C@H]3C(=O)N2)CO1,CHEMBL1944495,3.0,3.0,0.808,138,False
C[C@]1(C(=O)[C@H](Cc2ccccc2)NC(=O)[C@@H]2COCCCCCC(=O)N3C[C@H](F)C[C@H]3C(=O)N2)CO1,CHEMBL1944495,1.0,1.0,0.787,138,False
C[C@]1(NC(=O)c2ccc3c(-c4cccc(C#N)c4)nn(-c4ccc(F)cn4)c3c2)CCS(=O)(=O)C1,CHEMBL5853,1.0,1.0,0.816,1031,False
C[C@]1(NC(=O)c2ccc3c(-c4ccccc4Cl)nn(-c4ccc(Cl)cn4)c3c2)CCS(=O)(=O)C1,CHEMBL5853,1.0,1.0,0.77,1031,False
C[C@]1(NC(=O)c2ccc3c(-c4ccccc4Cl)nn(-c4ccc(F)cn4)c3c2)CCS(=O)(=O)C1,CHEMBL5853,1.0,1.0,0.833,1031,False
C[C@]1(NC(=O)c2ccc3c(-c4ccccc4Cl)nn(-c4ccccn4)c3c2)CCS(=O)(=O)C1,CHEMBL5853,1.0,1.0,0.792,1031,False
C[N+]1(C)[C@@H]2CC[C@H]1C[C@H](OC(=O)N(CC1CCCCC1)c1ccsc1)C2,CHEMBL216,2.0,2.0,0.714,2735,False
C[N+]1(C)[C@@H]2CC[C@H]1C[C@H](OC(=O)N(CC1CCCCC1)c1ccsc1)C2,CHEMBL211,3.0,3.0,0.714,2278,False
C[N+]1(C)[C@@H]2CC[C@H]1C[C@H](OC(=O)N(CC1CCCCC1)c1ccsc1)C2,CHEMBL245,1.0,1.0,0.714,2649,False
C[N+]1(CC(=O)OCCCc2ccccc2)CCCCC1,CHEMBL1741179,3.0,3.0,0.767,469,False
C[N+]1(CC(=O)OCCCc2ccccc2)CCCCC1,CHEMBL1741217,2.0,2.0,0.767,921,False
C[S+]([O-])C1(CO[C@]2(c3ccc(Cl)cc3)c3c(F)cc(C(C)(C)O)cc3C(=O)N2Cc2ccc(Cl)cn2)CC1,CHEMBL5023,1.0,1.0,0.679,4821,False
C[S+]([O-])c1nc(-c2ccc(F)cc2)c(-c2ccnc(NC3CCCCC3)c2)[nH]1,CHEMBL260,1.0,1.0,0.828,5079,False
C[S@+]([O-])c1nc(-c2ccc(F)cc2)c(-c2ccnc(NC3CCCCC3)c2)[nH]1,CHEMBL260,1.0,1.0,0.828,5079,False
C[S@@+]([O-])c1nc(-c2ccc(F)cc2)c(-c2ccnc(NC3CCCCC3)c2)[nH]1,CHEMBL260,1.0,1.0,0.828,5079,False
C[n+]1ccc(-c2c3nc(c(-c4cc[n+](C)cc4)c4ccc([nH]4)c(-c4cc[n+](C)cc4)c4ccc([nH]4)c(-c4cc[n+](C)cc4)c4nc2C=C4)C=C3)cc1,CHEMBL2916,1.0,1.0,0.966,673,False
Cc1[nH]c(-c2cc(N)ccc2Cl)c2c1C(=O)CCCC2,CHEMBL1163125,1.0,1.0,0.652,9315,False
Cc1[nH]c(-c2cc(N)ccc2Cl)c2c1C(=O)CCCC2,CHEMBL5747,2.0,2.0,0.415,2875,False
Cc1[nH]c(-c2cc(N)ccc2Cl)c2c1C(=O)CCCC2,CHEMBL3085622,189.0,50.0,0.279,57,False
Cc1[nH]c(-c2cc(N)ccc2Cl)c2c1C(=O)CCCC2,CHEMBL3108640,20.0,13.0,0.324,353,False
Cc1[nH]c(-c2cc(N)ccc2Cl)c2c1C(=O)CCCC2,CHEMBL1795185,4.0,4.0,0.415,264,False
Cc1[nH]c(-c2cc(N)ccc2Cl)c2c1C(=O)CCCC2,CHEMBL3108639,1231.0,542.0,0.206,173,False
Cc1[nH]c(-c2cccc(N)c2)c2c1C(=O)CCCC2,CHEMBL1163125,1.0,1.0,0.667,9315,False
Cc1[nH]c(-c2cccc(N)c2)c2c1C(=O)CCCC2,CHEMBL5747,3.0,3.0,0.406,2875,False
Cc1[nH]c(/C=C2/C(=O)Nc3ccc(F)cc32)c(C)c1C(=O)NC[C@H](O)CN1CCOCC1,CHEMBL5404,206.0,206.0,1.0,99,True
Cc1[nH]c(/C=C2/C(=O)Nc3ccc(F)cc32)c(C)c1C(=O)NC[C@H](O)CN1CCOCC1,CHEMBL5388,233.0,233.0,1.0,19,True
Cc1[nH]c(/C=C2/C(=O)Nc3ccc(F)cc32)c(C)c1C(=O)NC[C@H](O)CN1CCOCC1,CHEMBL6000,210.0,210.0,1.0,70,True
Cc1[nH]c(/C=C2\C(=O)Nc3ccc(F)cc32)c(C)c1C(=O)NCc1ccncc1,CHEMBL1913,2.0,5.0,0.697,1991,False
Cc1[nH]c(/C=C2\C(=O)Nc3ccc(F)cc32)c(C)c1C(=O)NCc1ccncc1,CHEMBL3650,3.0,6.0,0.697,4143,False
Cc1[nH]nc(N)c1-c1nc2ccc(S(=O)(=O)NCCc3cnc[nH]3)cc2s1,CHEMBL5247,1.0,1.0,0.727,180,False
Cc1c(-c2[nH]c3ccc(C4CC(N(CC5(C)COC5)CC5(C)COC5)C4)nc3c2C(C)C)cn2ncnc2c1C,CHEMBL5936,1.0,1.0,0.877,5391,False
Cc1c(-c2[nH]c3ccc(C4CC(N(CC5(C)COC5)CC5(C)COC5)C4)nc3c2C(C)C)cn2ncnc2c1C,CHEMBL5805,2.0,2.0,0.877,4084,False
Cc1c(-c2[nH]c3ccc(C4CC(N(CC5(C)COC5)CC5(C)COC5)C4)nc3c2C(C)C)cn2ncnc2c1C,CHEMBL5804,3.0,3.0,0.877,3644,False
Cc1c(-c2[nH]c3ccc(C4CCC(N5CCC(F)C5)CC4)nc3c2C(C)C)cn2ncnc2c1C,CHEMBL5936,1.0,1.0,0.836,5391,False
Cc1c(-c2[nH]c3ccc(C4CCC(N5CCC(F)C5)CC4)nc3c2C(C)C)cn2ncnc2c1C,CHEMBL5805,2.0,2.0,0.836,4084,False
Cc1c(-c2[nH]c3ccc(C4CCC(N5CCC(F)C5)CC4)nc3c2C(C)C)cn2ncnc2c1C,CHEMBL5804,3.0,3.0,0.836,3644,False
Cc1c(-c2[nH]c3ccc(C4CCC(N5CCCC5)CC4)nc3c2C(C)C)cn2ncnc2c1C,CHEMBL5936,2.0,2.0,0.967,5391,False
Cc1c(-c2[nH]c3ccc(C4CCC(N5CCCC5)CC4)nc3c2C(C)C)cn2ncnc2c1C,CHEMBL5805,1.0,1.0,0.967,4084,False
Cc1c(-c2[nH]c3ccc(C4CCC(N5CCCC5)CC4)nc3c2C(C)C)cn2ncnc2c1C,CHEMBL5804,3.0,3.0,0.967,3644,False
Cc1c(-c2[nH]c3ccc(C4CCC(N5CCC[C@@H]5CO)CC4)nc3c2C(C)C)cn2ncnc2c1C,CHEMBL5936,2.0,2.0,0.753,5391,False
Cc1c(-c2[nH]c3ccc(C4CCC(N5CCC[C@@H]5CO)CC4)nc3c2C(C)C)cn2ncnc2c1C,CHEMBL5805,1.0,1.0,0.753,4084,False
Cc1c(-c2[nH]c3ccc(C4CCC(N5CCC[C@@H]5CO)CC4)nc3c2C(C)C)cn2ncnc2c1C,CHEMBL5804,3.0,3.0,0.753,3644,False
Cc1c(-c2[nH]c3ccc(C4CCC(N5CCC[C@H]5CO)CC4)nc3c2C(C)C)cn2ncnc2c1C,CHEMBL5936,2.0,2.0,0.753,5391,False
Cc1c(-c2[nH]c3ccc(C4CCC(N5CCC[C@H]5CO)CC4)nc3c2C(C)C)cn2ncnc2c1C,CHEMBL5805,1.0,1.0,0.753,4084,False
Cc1c(-c2[nH]c3ccc(C4CCC(N5CCC[C@H]5CO)CC4)nc3c2C(C)C)cn2ncnc2c1C,CHEMBL5804,3.0,3.0,0.753,3644,False
Cc1c(-c2[nH]c3ccc(C4CCN(C(=O)CN(C)C)CC4)nc3c2C(C)C)cn(C)c(=O)c1Cl,CHEMBL5936,1.0,1.0,0.693,5391,False
Cc1c(-c2[nH]c3ccc(C4CCN(C(=O)CN(C)C)CC4)nc3c2C(C)C)cn(C)c(=O)c1Cl,CHEMBL5805,2.0,2.0,0.693,4084,False
Cc1c(-c2[nH]c3ccc(C4CCN(C(=O)CN(C)C)CC4)nc3c2C(C)C)cn(C)c(=O)c1Cl,CHEMBL5804,3.0,3.0,0.693,3644,False
Cc1c(-c2[nH]c3ccc(C4CCN(CC(=O)N(C)C)CC4)nc3c2C(C)C)cn(C)c(=O)c1C,CHEMBL5936,1.0,1.0,0.733,5391,False
Cc1c(-c2[nH]c3ccc(C4CCN(CC(=O)N(C)C)CC4)nc3c2C(C)C)cn(C)c(=O)c1C,CHEMBL5805,2.0,2.0,0.733,4084,False
Cc1c(-c2[nH]c3ccc(C4CCN(CC(=O)N(C)C)CC4)nc3c2C(C)C)cn(C)c(=O)c1C,CHEMBL5804,3.0,3.0,0.733,3644,False
Cc1c(-c2[nH]c3ccc(C4CCN(CC(=O)N(C)C)CC4)nc3c2C(C)C)cn(C)c(=O)c1Cl,CHEMBL5936,2.0,2.0,0.684,5391,False
Cc1c(-c2[nH]c3ccc(C4CCN(CC(=O)N(C)C)CC4)nc3c2C(C)C)cn(C)c(=O)c1Cl,CHEMBL5805,1.0,1.0,0.684,4084,False
Cc1c(-c2[nH]c3ccc(C4CCN(CC(=O)N(C)C)CC4)nc3c2C(C)C)cn(C)c(=O)c1Cl,CHEMBL5804,3.0,3.0,0.684,3644,False
Cc1c(-c2[nH]c3ccc(C4CCN(CC(C)(C)O)CC4)nc3c2C(C)C)cn(C)c(=O)c1C,CHEMBL5936,1.0,1.0,0.712,5391,False
Cc1c(-c2[nH]c3ccc(C4CCN(CC(C)(C)O)CC4)nc3c2C(C)C)cn(C)c(=O)c1C,CHEMBL5805,2.0,2.0,0.712,4084,False
Cc1c(-c2[nH]c3ccc(C4CCN(CC(C)(C)O)CC4)nc3c2C(C)C)cn(C)c(=O)c1C,CHEMBL5804,3.0,3.0,0.712,3644,False
Cc1c(-c2[nH]c3ccc(C4CCN(CC(C)(C)O)CC4)nc3c2C(C)C)cn(C)c(=O)c1Cl,CHEMBL5936,2.0,2.0,0.703,5391,False
Cc1c(-c2[nH]c3ccc(C4CCN(CC(C)(C)O)CC4)nc3c2C(C)C)cn(C)c(=O)c1Cl,CHEMBL5805,1.0,1.0,0.703,4084,False
Cc1c(-c2[nH]c3ccc(C4CCN(CC(C)(C)O)CC4)nc3c2C(C)C)cn(C)c(=O)c1Cl,CHEMBL5804,3.0,3.0,0.703,3644,False
Cc1c(-c2[nH]c3ccc(C4CCN(CC(C)C)CC4)nc3c2C(C)C)cn(C)c(=O)c1Cl,CHEMBL5936,2.0,2.0,0.754,5391,False
Cc1c(-c2[nH]c3ccc(C4CCN(CC(C)C)CC4)nc3c2C(C)C)cn(C)c(=O)c1Cl,CHEMBL5805,1.0,1.0,0.754,4084,False
Cc1c(-c2[nH]c3ccc(C4CCN(CC(C)C)CC4)nc3c2C(C)C)cn(C)c(=O)c1Cl,CHEMBL5804,3.0,3.0,0.754,3644,False
Cc1c(-c2[nH]c3ccc(C4CCNCC4)nc3c2C(C)C)cn(C)c(=O)c1C,CHEMBL5936,2.0,2.0,0.734,5391,False
Cc1c(-c2[nH]c3ccc(C4CCNCC4)nc3c2C(C)C)cn(C)c(=O)c1C,CHEMBL5805,1.0,1.0,0.734,4084,False
Cc1c(-c2[nH]c3ccc(C4CCNCC4)nc3c2C(C)C)cn(C)c(=O)c1C,CHEMBL5804,3.0,3.0,0.734,3644,False
Cc1c(-c2[nH]c3ccc(N4CCC(N(C)CC5(C)COC5)CC4)nc3c2C(C)C)cn2ncnc2c1C,CHEMBL5936,1.0,1.0,0.784,5391,False
Cc1c(-c2[nH]c3ccc(N4CCC(N(C)CC5(C)COC5)CC4)nc3c2C(C)C)cn2ncnc2c1C,CHEMBL5805,2.0,2.0,0.784,4084,False
Cc1c(-c2[nH]c3ccc(N4CCC(N(C)CC5(C)COC5)CC4)nc3c2C(C)C)cn2ncnc2c1C,CHEMBL5804,3.0,3.0,0.784,3644,False
Cc1c(-c2ccc(OCCCC(F)(F)F)nc2)c2cc(F)ccc2n1CC(=O)O,CHEMBL5071,1.0,1.0,0.631,3272,False
Cc1c(Br)ccc2c1ncn2CCC[C@H]1NCCC[C@@H]1O,CHEMBL2638,1.0,1.0,0.719,89,False
Cc1c(C#N)cc(F)cc1[C@@H](C)Nc1nnc(C)c2cnc(N3CCC(C)(N(C)C)CC3)cc12,CHEMBL2079846,1.0,1.0,0.846,999,False
Cc1c(C#N)cccc1[C@@H](C)Nc1nnc(C)c2cnc(N3CCC(C)(N(C)C)CC3)cc12,CHEMBL2079846,1.0,1.0,0.846,999,False
Cc1c(C#N)cccc1[C@@H](C)Nc1nnc(C)c2cnc(N3CCC(C)(O)CC3)cc12,CHEMBL2079846,1.0,1.0,0.844,999,False
Cc1c(C#N)cccc1[C@@H](C)Nc1nnc(C)c2cnc(N3CCC(F)(F)CC3)cc12,CHEMBL2079846,1.0,1.0,0.81,999,False
Cc1c(C#N)cccc1[C@@H](C)Nc1nnc(C)c2cnc(N3CCC(N(C)C)CC3)cc12,CHEMBL2079846,1.0,1.0,0.908,999,False
Cc1c(C#N)nc2ccc(/C=C/c3nc(-c4ccccc4)cn3C)nn12,CHEMBL4409,1.0,1.0,0.61,5483,False
Cc1c(C(=O)Nc2ccc(F)c(Cl)c2)noc1C(C)C,CHEMBL1293232,2.0,1.0,0.547,38,False
Cc1c(C(=O)Nc2cccnc2)sc2nc[nH]c(=O)c12,CHEMBL3616354,2.0,1.0,0.648,122,False
Cc1c(C(N)=O)sc2ncnc(Nc3cccnc3OCC3(CC#N)CC3)c12,CHEMBL4204,1.0,1.0,0.687,1710,False
Cc1c(C(N)=O)sc2ncnc(Nc3cccnc3OCC3CC3(F)F)c12,CHEMBL4204,1.0,1.0,0.712,1710,False
Cc1c(C)c2ccc(OCC3CCN(Cc4ccc(C#N)cc4)CC3)cc2oc1=O,CHEMBL1951,2.0,2.0,0.8,3112,False
Cc1c(C)c2ccc(OCC3CCN(Cc4ccc(C#N)cc4)CC3)cc2oc1=O,CHEMBL2039,1.0,1.0,0.8,4794,False
Cc1c(C)c2ccc(OCC3CCN(Cc4ccc(CCO)cc4)CC3)cc2oc1=O,CHEMBL1951,3.0,4.0,0.688,3112,False
Cc1c(C)c2ccc(OCC3CCN(Cc4ccc(CCO)cc4)CC3)cc2oc1=O,CHEMBL2039,1.0,1.0,0.729,4794,False
Cc1c(C)c2ccc(OCC3CCN(Cc4ccc(CO)cc4)CC3)cc2oc1=O,CHEMBL1951,1.0,1.0,0.797,3112,False
Cc1c(C)c2ccc(OCC3CCN(Cc4ccc(CO)cc4)CC3)cc2oc1=O,CHEMBL2039,2.0,2.0,0.797,4794,False
Cc1c(C)c2ccc(OCC3CCN(Cc4ccc(Cl)cc4)CC3)cc2oc1=O,CHEMBL2039,2.0,2.0,0.793,4794,False
Cc1c(C)c2ccc(OCC3CCN(Cc4cccc(C(F)(F)F)c4)CC3)cc2oc1=O,CHEMBL1951,3.0,3.0,0.643,3112,False
Cc1c(C)c2ccc(OCC3CCN(Cc4cccc(C(F)(F)F)c4)CC3)cc2oc1=O,CHEMBL2039,1.0,1.0,0.657,4794,False
Cc1c(C)c2ccc(OCC3CCN(Cc4cccc(C(F)(F)F)c4)CC3)cc2oc1=O,CHEMBL220,2.0,2.0,0.643,6051,False
Cc1c(C)c2ccc(OCC3CCN(Cc4cccc(CO)c4)CC3)cc2oc1=O,CHEMBL1951,1.0,1.0,0.806,3112,False
Cc1c(C)c2ccc(OCC3CCN(Cc4cccc(CO)c4)CC3)cc2oc1=O,CHEMBL2039,2.0,2.0,0.806,4794,False
Cc1c(C)c2ccc(OCC3CCN(Cc4cccc(CO)c4)CC3)cc2oc1=O,CHEMBL220,3.0,3.0,0.689,6051,False
Cc1c(C)c2ccc(OCC3CCN(Cc4cccc(CO[N+](=O)[O-])c4)CC3)cc2oc1=O,CHEMBL1951,3.0,3.0,0.616,3112,False
Cc1c(C)c2ccc(OCC3CCN(Cc4cccc(CO[N+](=O)[O-])c4)CC3)cc2oc1=O,CHEMBL2039,1.0,1.0,0.701,4794,False
Cc1c(C)c2ccc(OCC3CCN(Cc4cccc(CO[N+](=O)[O-])c4)CC3)cc2oc1=O,CHEMBL220,2.0,2.0,0.691,6051,False
Cc1c(C)c2ccc(OCC3CCN(Cc4cccc(Cl)c4)CC3)cc2oc1=O,CHEMBL1951,1.0,1.0,0.806,3112,False
Cc1c(C)c2ccc(OCC3CCN(Cc4cccc(Cl)c4)CC3)cc2oc1=O,CHEMBL2039,2.0,2.0,0.806,4794,False
Cc1c(C)c2ccc(OCC3CCN(Cc4cccc(F)c4)CC3)cc2oc1=O,CHEMBL1951,1.0,1.0,0.806,3112,False
Cc1c(C)c2ccc(OCC3CCN(Cc4cccc(F)c4)CC3)cc2oc1=O,CHEMBL2039,3.0,3.0,0.806,4794,False
Cc1c(C)c2ccc(OCC3CCN(Cc4cccc(F)c4)CC3)cc2oc1=O,CHEMBL220,2.0,2.0,0.806,6051,False
Cc1c(C)c2ccc(OCC3CCN(Cc4cccc(OCCCO)c4)CC3)cc2oc1=O,CHEMBL1951,3.0,4.0,0.657,3112,False
Cc1c(C)c2ccc(OCC3CCN(Cc4cccc(OCCCO)c4)CC3)cc2oc1=O,CHEMBL2039,2.0,2.0,0.726,4794,False
Cc1c(C)c2ccc(OCC3CCN(Cc4cccc(OCCCO)c4)CC3)cc2oc1=O,CHEMBL220,1.0,1.0,0.726,6051,False
Cc1c(C)c2ccc(OCC3CCN(Cc4cccc(OCCCO)c4)CC3)cc2oc1=O,CHEMBL1914,4.0,5.0,0.6,3653,False
Cc1c(C)c2ccc(OCC3CCN(Cc4cccc(OCCCO[N+](=O)[O-])c4)CC3)cc2oc1=O,CHEMBL1951,3.0,4.0,0.571,3112,False
Cc1c(C)c2ccc(OCC3CCN(Cc4cccc(OCCCO[N+](=O)[O-])c4)CC3)cc2oc1=O,CHEMBL2039,1.0,1.0,0.761,4794,False
Cc1c(C)c2ccc(OCC3CCN(Cc4cccc(OCCCO[N+](=O)[O-])c4)CC3)cc2oc1=O,CHEMBL220,2.0,2.0,0.761,6051,False
Cc1c(C)c2ccc(OCC3CCN(Cc4cccc(OCCCO[N+](=O)[O-])c4)CC3)cc2oc1=O,CHEMBL1914,4.0,5.0,0.56,3653,False
Cc1c(C)c2ccc(OCC3CCN(Cc4ccccc4)CC3)cc2oc1=O,CHEMBL1951,2.0,2.0,0.789,3112,False
Cc1c(C)c2ccc(OCC3CCN(Cc4ccccc4)CC3)cc2oc1=O,CHEMBL2039,3.0,3.0,0.789,4794,False
Cc1c(C)c2ccc(OCC3CCN(Cc4ccccc4)CC3)cc2oc1=O,CHEMBL220,1.0,1.0,0.789,6051,False
Cc1c(C)n(Cc2ccc(-c3ccccc3)cc2)c2ccc(C(=O)N[C@@H](C)c3cccc4c3OCO4)cc12,CHEMBL235,1.0,1.0,0.735,4321,False
Cc1c(C)n(Cc2ccc(-c3ccccc3C(=O)O)cc2)c2ccc(C(=O)NCC3COc4ccccc4O3)cc12,CHEMBL235,1.0,1.0,0.766,4321,False
Cc1c(C)n(Cc2ccc(-c3ccccc3C(=O)O)cc2)c2ccc(C(=O)N[C@@H](C)C3COc4ccccc4O3)cc12,CHEMBL235,1.0,1.0,0.714,4321,False
Cc1c(C)n(Cc2ccc(-c3ccccc3C(=O)O)cc2)c2ccc(C(=O)N[C@H](C)C3COc4ccccc4O3)cc12,CHEMBL235,1.0,1.0,0.714,4321,False
Cc1c(C2(c3ccc(C(F)(F)F)nc3)CC2)c[nH]c1C(=O)NC(C)c1c[nH]cn1,CHEMBL340,6.0,6.0,0.468,5556,False
Cc1c(CC(=O)O)cc2ccc(Cl)cc2c1-c1ccc(S(=O)(=O)N2CCCCC2)cc1,CHEMBL5071,1.0,1.0,0.981,3272,False
Cc1c(CC(=O)O)cc2ccc(F)cc2c1-c1ccc(S(=O)(=O)N2CCCCC2)cc1,CHEMBL5071,1.0,1.0,0.981,3272,False
Cc1c(CCOc2ccc(C(=O)O)cc2)c2cc(N3CCOCC3)ccc2n1C(c1ccccc1)c1ccccc1,CHEMBL3816,1.0,1.0,0.701,305,False
Cc1c(CN2CCOCC2)cc(-c2ccc(C(C)C)cc2)n1C1CCCOC1,CHEMBL240,1.0,1.0,0.846,10985,False
Cc1c(CNc2ccc(C(=O)Nc3cc(-c4ccccc4)ccc3N)cc2)cnn1C,CHEMBL325,1.0,1.0,0.787,8231,False
Cc1c(CNc2ccc(C(=O)Nc3cc(-c4ccccc4)ccc3N)cc2)cnn1C,CHEMBL1829,2.0,2.0,0.603,2582,False
Cc1c(Cc2ccccc2)nnc(N2CCN(c3cnc(C(=O)N4CCC(CCO)CC4)cn3)[C@H](C)C2)c1C,CHEMBL5971,1.0,1.0,0.792,680,False
Cc1c(Cl)ccc2[nH]c([C@]3(C)CCCN3C(=O)c3c(F)cccc3-c3ncccn3)nc12,CHEMBL5113,2.0,2.0,0.836,7217,False
Cc1c(Cl)ccc2[nH]c([C@]3(C)CCCN3C(=O)c3c(F)cccc3-c3ncccn3)nc12,CHEMBL4792,1.0,1.0,0.836,7613,False
Cc1c(Cl)ccc2[nH]c([C@]3(C)CCCN3C(=O)c3cc(F)ccc3-c3ncccn3)nc12,CHEMBL5113,1.0,1.0,0.838,7217,False
Cc1c(Cl)ccc2[nH]c([C@]3(C)CCCN3C(=O)c3cc(F)ccc3-c3ncccn3)nc12,CHEMBL4792,2.0,2.0,0.838,7613,False
Cc1c(Cl)nc(C2CC2)nc1N1CCCCC1,CHEMBL4409,1.0,1.0,0.968,5483,False
Cc1c(Cn2c3ccccc3n3c(=O)cc(N4CCOCC4)nc23)cccc1C(F)(F)F,CHEMBL3145,1.0,1.0,0.803,2776,False
Cc1c(Cn2c3ccccc3n3c(=O)cc(N4CCOCC4)nc23)cccc1C(F)(F)F,CHEMBL3130,3.0,3.0,0.803,7171,False
Cc1c(Cn2c3ccccc3n3c(=O)cc(N4CCOCC4)nc23)cccc1C(F)(F)F,CHEMBL3267,2.0,2.0,0.803,3907,False
Cc1c(Cn2ncc(N3CCNCC3)c(Cl)c2=O)cccc1NC(=O)c1ccc(-c2cccc(C(N)=O)c2)cc1,CHEMBL5850,4.0,1.0,0.759,148,False
Cc1c(Cn2ncc(N3CCNCC3)c(Cl)c2=O)cccc1NC(=O)c1ccc(-c2cccc(N(C)C)c2)cc1,CHEMBL5850,4.0,1.0,0.765,148,False
Cc1c(Cn2ncc(N3CCNCC3)c(Cl)c2=O)cccc1NC(=O)c1ccc(-c2ccccc2)cc1,CHEMBL1898,179.0,297.0,0.287,1151,False
Cc1c(Cn2ncc(N3CCNCC3)c(Cl)c2=O)cccc1NC(=O)c1ccc(-c2ccccc2)cc1,CHEMBL1983,180.0,298.0,0.287,1314,False
Cc1c(Cn2ncc(N3CCNCC3)c(Cl)c2=O)cccc1NC(=O)c1ccc(-c2ccccc2)cc1,CHEMBL224,2.0,3.0,0.808,6081,False
Cc1c(Cn2ncc(N3CCNCC3)c(Cl)c2=O)cccc1NC(=O)c1ccc(-c2ccccc2)cc1,CHEMBL1833,3.0,4.0,0.808,2154,False
Cc1c(Cn2ncc(N3CCNCC3)c(Cl)c2=O)cccc1NC(=O)c1ccc(-c2ccccc2)cc1,CHEMBL225,1.0,2.0,0.808,3966,False
Cc1c(Cn2ncc(N3CCNCC3)c(Cl)c2=O)cccc1NC(=O)c1ccc(-c2ccccc2)cc1,CHEMBL3371,44.0,62.0,0.329,4324,False
Cc1c(Cn2ncc(N3CCNCC3)c(Cl)c2=O)cccc1NC(=O)c1ccc(-c2ccccc2)cc1,CHEMBL232,249.0,451.0,0.275,1455,False
Cc1c(Cn2ncc(N3CCNCC3)c(Cl)c2=O)cccc1NC(=O)c1ccc(-c2ccccc2)cc1,CHEMBL217,15.0,19.0,0.368,9217,False
Cc1c(Cn2ncc(N3CCNCC3)c(Cl)c2=O)cccc1NC(=O)c1ccc(-c2ccccc2)cc1,CHEMBL234,17.0,21.0,0.368,6166,False
Cc1c(Cn2ncc(N3CCNCC3)c(Cl)c2=O)cccc1NC(=O)c1ccc(-c2ccccc2)cc1,CHEMBL5850,4.0,1.0,0.831,148,False
Cc1c(Cn2ncc(N3CCNCC3)cc2=O)cccc1NC(=O)c1ccc(-c2ccccc2)cc1,CHEMBL224,1.0,1.0,0.803,6081,False
Cc1c(Cn2ncc(N3CCNCC3)cc2=O)cccc1NC(=O)c1ccc(-c2ccccc2)cc1,CHEMBL1833,2.0,2.0,0.803,2154,False
Cc1c(Cn2ncc(N3CCNCC3)cc2=O)cccc1NC(=O)c1ccc(-c2ccccc2)cc1,CHEMBL225,4.0,4.0,0.585,3966,False
Cc1c(Cn2ncc(N3CCNCC3)cc2=O)cccc1NC(=O)c1ccc(-c2ccccc2)cc1,CHEMBL5850,3.0,3.0,0.803,148,False
Cc1c(F)c(C)c(F)c(C(=O)Nc2cc([N+](=O)[O-])ccc2N2CCN(C)CC2)c1F,CHEMBL1075317,1.0,1.0,0.607,1687,False
Cc1c(F)c(N)cc(C(=O)Nc2cc(C#CCN)ccc2N2CCN(C)CC2)c1Cl,CHEMBL1075317,1.0,1.0,0.775,1687,False
Cc1c(F)c(N)cc(C(=O)Nc2cc(C#CCNC(=O)C(N)C(C)C)ccc2N2CCN(C)CC2)c1Cl,CHEMBL1075317,1.0,1.0,0.753,1687,False
Cc1c(F)c(N)cc(C(=O)Nc2cc(C#CCNC(=O)CCCCO)ccc2N2CCN(C)CC2)c1Cl,CHEMBL1075317,1.0,1.0,0.744,1687,False
Cc1c(F)c([N+](=O)[O-])cc(C(=O)Nc2cc([N+](=O)[O-])ccc2N2CCN(C)CC2)c1Cl,CHEMBL1075317,1.0,1.0,0.867,1687,False
Cc1c(F)ccc(C(=O)Nc2cc(C(=O)OC(C)C)ccc2N2CCN(C)CC2)c1Cl,CHEMBL1075317,1.0,1.0,0.754,1687,False
Cc1c(F)ccc(C(=O)Nc2cc([N+](=O)[O-])ccc2N2CCN(C)CC2)c1Cl,CHEMBL1075317,1.0,1.0,0.864,1687,False
Cc1c(F)ccc2ncn(CCC[C@H]3NCCC[C@@H]3O)c12,CHEMBL2638,1.0,1.0,0.645,89,False
Cc1c(NC(=O)c2ccc(C(C)(C)C)cc2)cccc1-c1cn(C)c(=O)c(Nc2ccc(C(=O)NCCCCNC(=S)Nc3ccc(-c4c5ccc(=O)cc-5oc5cc(O)ccc45)c(C(=O)O)c3)cc2)n1,CHEMBL5251,1.0,1.0,0.98,9782,False
Cc1c(NC(=O)c2cccc(C#N)c2)cnc2c1c(C1CCN(C(=O)C3CCCCC3)CC1)cn2C,CHEMBL1741186,1.0,1.0,0.985,10748,False
Cc1c(NC[C@H]2CC[C@H](NC(=O)c3cc(C(F)(F)F)ccc3Cl)CC2)n[nH]c1-c1ccccc1,CHEMBL1800,1.0,1.0,0.776,1931,False
Cc1c(N[C@H]2CC[C@H](N)CC2)nc2ccnn2c1Nc1ccc(OCc2ccccc2)cc1,CHEMBL2208,1.0,1.0,0.831,1083,False
Cc1c(Nc2c(C#N)cncc2CCc2ccccc2)ccc2[nH]ccc12,CHEMBL3920,2.0,2.0,0.69,1045,False
Cc1c(Nc2c(C#N)cncc2CCc2ccccc2)ccc2[nH]ccc12,CHEMBL2996,1.0,1.0,0.69,966,False
Cc1c(Nc2c(F)c(F)cc(NS(=O)(=O)CCCF)c2Cl)ccc2ncn(C)c(=O)c12,CHEMBL5145,1.0,1.0,0.776,5743,False
Cc1c(Nc2c(F)c(F)cc(NS(=O)(=O)CCCF)c2F)ccc2ncn(C)c(=O)c12,CHEMBL5145,1.0,1.0,0.742,5743,False
Cc1c(Nc2c(F)ccc(NS(=O)(=O)CC(C)C)c2Cl)ccc2ncn(C)c(=O)c12,CHEMBL5145,1.0,1.0,0.754,5743,False
Cc1c(Nc2c(F)ccc(NS(=O)(=O)CCCF)c2Cl)ccc2ncn(C)c(=O)c12,CHEMBL240,85.0,160.0,0.24,10985,False
Cc1c(Nc2c(F)ccc(NS(=O)(=O)CCCF)c2Cl)ccc2ncn(C)c(=O)c12,CHEMBL5145,1.0,1.0,0.812,5743,False
Cc1c(Nc2c(F)ccc(NS(=O)(=O)CCCF)c2F)ccc2ncn(C)c(=O)c12,CHEMBL5145,1.0,1.0,0.794,5743,False
Cc1c(Nc2cc(F)cc(NS(=O)(=O)CCCF)c2Cl)ccc2ncn(C)c(=O)c12,CHEMBL5145,1.0,1.0,0.706,5743,False
Cc1c(Nc2cccc(NS(=O)(=O)CCCF)c2Cl)ccc2ncn(C)c(=O)c12,CHEMBL5145,1.0,1.0,0.738,5743,False
Cc1c(Nc2ncc(Cl)c(-c3cnc4ccccn34)n2)cnn1C1CCNCC1,CHEMBL1957,2.0,2.0,0.639,2522,False
Cc1c(Nc2ncc(Cl)c(-c3cnc4ccccn34)n2)cnn1C1CCNCC1,CHEMBL301,6.0,4.0,0.526,2596,False
Cc1c(OCCCCOc2ccccn2)ccc(C(=O)CC(C)C)c1O,CHEMBL5137,1.0,1.0,0.727,1873,False
Cc1c([C@@H](C)Nc2n[nH]c(=O)c3ccc(N4CCNCC4)cc23)cccc1C(F)(F)F,CHEMBL2079846,1.0,1.0,0.738,999,False
Cc1c([C@@H](C)Nc2nn(C)c(=O)c3ccc(N4CCNCC4)cc23)cccc1C(F)(F)F,CHEMBL2079846,1.0,1.0,0.727,999,False
Cc1c([C@@H](C)Nc2nnc(C)c3ccc(C4=CCN(C(=O)OC(C)(C)C)CC4)cc23)cccc1C(F)(F)F,CHEMBL2079846,1.0,1.0,0.6,999,False
Cc1c([C@@H](C)Nc2nnc(C)c3cnc(N4CCC(C)(N(C)C)CC4)cc23)cccc1C(F)(F)F,CHEMBL2079846,1.0,1.0,0.846,999,False
Cc1c([C@@H](C)Nc2nnc(C)c3cnc(N4CCC(C)(O)CC4)cc23)cccc1C(F)(F)F,CHEMBL2079846,1.0,1.0,0.844,999,False
Cc1c([C@@H](C)Nc2nnc(C)c3cnc(N4CCC(N(C)C)CC4)cc23)cccc1C(F)(F)F,CHEMBL2079846,1.0,1.0,0.844,999,False
Cc1c([C@@H](C)Nc2nncc3ccc(N4CCn5ncnc5C4)cc23)cccc1C(F)(F)F,CHEMBL2079846,1.0,1.0,0.778,999,False
Cc1c2c(n3c1CCCNCC(C)(C)CNc1cc-3ccc1C(N)=O)CC(C)(C)CC2=O,CHEMBL3880,1.0,1.0,0.836,1708,False
Cc1c2c(nn1C)C[N+](C)(C)CCCCn1c(C(=O)O)c(CCCOc3cccc4ccccc34)c3ccc(F)c-2c31,CHEMBL4361,1.0,1.0,0.771,3411,False
Cc1c[nH]c(=O)c(Nc2ncc3[nH]c(=O)n([C@@H]4CCOc5c(F)cccc54)c3n2)c1,CHEMBL2148,2.0,2.0,0.556,7416,False
Cc1c[nH]c(=O)c(Nc2ncc3[nH]c(=O)n([C@@H]4CCOc5c(F)cccc54)c3n2)c1,CHEMBL2971,1.0,1.0,0.556,12637,False
Cc1c[nH]c(=O)c(Nc2ncc3[nH]c(=O)n([C@@H]4CCOc5c(F)cccc54)c3n2)c1,CHEMBL2835,39.0,79.0,0.542,10399,False
Cc1cc(-c2[nH]c3ccc(-c4ccc(N5CCN(C(C)C)CC5)nc4)cc3c2C(C)C)cc(C)n1,CHEMBL5936,1.0,1.0,0.836,5391,False
Cc1cc(-c2[nH]c3ccc(-c4ccc(N5CCN(C(C)C)CC5)nc4)cc3c2C(C)C)cc(C)n1,CHEMBL5805,2.0,2.0,0.836,4084,False
Cc1cc(-c2[nH]c3ccc(-c4ccc(N5CCN(C(C)C)CC5)nc4)cc3c2C(C)C)cc(C)n1,CHEMBL5804,3.0,3.0,0.836,3644,False
Cc1cc(-c2[nH]c3ccc(-c4ccc(N5CCN(C(C)C)CC5)nc4)cc3c2C(C)C)ccn1,CHEMBL5805,1.0,1.0,0.842,4084,False
Cc1cc(-c2[nH]c3ccc(-c4ccc(N5CCN(C(C)C)CC5)nc4)cc3c2C(C)C)ccn1,CHEMBL5804,3.0,3.0,0.842,3644,False
Cc1cc(-c2[nH]c3ccc(-c4ccc(N5CCN(C)CC5)nc4)cc3c2C(C)C)cc(C)n1,CHEMBL5936,2.0,2.0,0.852,5391,False
Cc1cc(-c2[nH]c3ccc(-c4ccc(N5CCN(C)CC5)nc4)cc3c2C(C)C)cc(C)n1,CHEMBL5805,1.0,1.0,0.852,4084,False
Cc1cc(-c2[nH]c3ccc(-c4ccc(N5CCN(C)CC5)nc4)cc3c2C(C)C)cc(C)n1,CHEMBL5804,3.0,3.0,0.852,3644,False
Cc1cc(-c2[nH]c3ccc(-c4ccc(N5CCN(C)CC5)nc4)cc3c2C(C)C)ccn1,CHEMBL5936,1.0,1.0,0.839,5391,False
Cc1cc(-c2[nH]c3ccc(-c4ccc(N5CCN(C)CC5)nc4)cc3c2C(C)C)ccn1,CHEMBL5805,2.0,2.0,0.839,4084,False
Cc1cc(-c2[nH]c3ccc(-c4ccc(N5CCN(C)CC5)nc4)cc3c2C(C)C)ccn1,CHEMBL5804,3.0,3.0,0.839,3644,False
Cc1cc(-c2[nH]c3ccc(-c4ccc(N5CCN(CCO)CC5)nc4)cc3c2C(C)C)cc(C)n1,CHEMBL5936,2.0,2.0,0.767,5391,False
Cc1cc(-c2[nH]c3ccc(-c4ccc(N5CCN(CCO)CC5)nc4)cc3c2C(C)C)cc(C)n1,CHEMBL5805,1.0,1.0,0.767,4084,False
Cc1cc(-c2[nH]c3ccc(-c4ccc(N5CCN(CCO)CC5)nc4)cc3c2C(C)C)cc(C)n1,CHEMBL5804,3.0,3.0,0.767,3644,False
Cc1cc(-c2[nH]c3ccc(-c4ccc(N5CCNCC5)nc4)cc3c2C(C)C)cc(C)n1,CHEMBL5936,2.0,2.0,0.852,5391,False
Cc1cc(-c2[nH]c3ccc(-c4ccc(N5CCNCC5)nc4)cc3c2C(C)C)cc(C)n1,CHEMBL5805,1.0,1.0,0.852,4084,False
Cc1cc(-c2[nH]c3ccc(-c4ccc(N5CCNCC5)nc4)cc3c2C(C)C)cc(C)n1,CHEMBL5804,3.0,3.0,0.852,3644,False
Cc1cc(-c2[nH]c3ccc(-c4ccc(N5CCNCC5)nc4)cc3c2C(C)C)ccn1,CHEMBL5936,2.0,2.0,0.839,5391,False
Cc1cc(-c2[nH]c3ccc(-c4ccc(N5CCNCC5)nc4)cc3c2C(C)C)ccn1,CHEMBL5805,1.0,1.0,0.839,4084,False
Cc1cc(-c2[nH]c3ccc(-c4ccc(N5CCNCC5)nc4)cc3c2C(C)C)ccn1,CHEMBL5804,3.0,3.0,0.839,3644,False
Cc1cc(-c2[nH]c3ccc(C4CCN(C(=O)C5CC(=O)N(C(C)(C)C)C5)CC4)cc3c2C(C)C)ccn1,CHEMBL5936,1.0,1.0,0.773,5391,False
Cc1cc(-c2[nH]c3ccc(C4CCN(C(=O)C5CC(=O)N(C(C)(C)C)C5)CC4)cc3c2C(C)C)ccn1,CHEMBL5805,2.0,2.0,0.773,4084,False
Cc1cc(-c2[nH]c3ccc(C4CCN(C(=O)C5CC(=O)N(C(C)(C)C)C5)CC4)cc3c2C(C)C)ccn1,CHEMBL5804,3.0,3.0,0.771,3644,False
Cc1cc(-c2[nH]c3ccc(C4CCN(C(=O)C5CC(=O)N(C)C5)CC4)cc3c2C(C)C)c(F)cn1,CHEMBL5936,1.0,1.0,0.849,5391,False
Cc1cc(-c2[nH]c3ccc(C4CCN(C(=O)C5CC(=O)N(C)C5)CC4)cc3c2C(C)C)c(F)cn1,CHEMBL5805,2.0,2.0,0.849,4084,False
Cc1cc(-c2[nH]c3ccc(C4CCN(C(=O)C5CC(=O)N(C)C5)CC4)cc3c2C(C)C)cc(F)n1,CHEMBL5936,1.0,1.0,0.91,5391,False
Cc1cc(-c2[nH]c3ccc(C4CCN(C(=O)C5CC(=O)N(C)C5)CC4)cc3c2C(C)C)cc(F)n1,CHEMBL5805,2.0,2.0,0.91,4084,False
Cc1cc(-c2[nH]c3ccc(C4CCN(C(=O)C5CC(=O)N(C)C5)CC4)cc3c2C(C)C)cc(F)n1,CHEMBL5804,3.0,3.0,0.91,3644,False
Cc1cc(-c2[nH]c3ccc(C4CCN(C(=O)C5CC(=O)N(C)C5)CC4)cc3c2C(C)C)ccn1,CHEMBL5936,1.0,1.0,0.884,5391,False
Cc1cc(-c2[nH]c3ccc(C4CCN(C(=O)C5CC(=O)N(C)C5)CC4)cc3c2C(C)C)ccn1,CHEMBL5805,2.0,2.0,0.884,4084,False
Cc1cc(-c2[nH]c3ccc(C4CCN(C(=O)C5CC(=O)N(C)C5)CC4)cc3c2CC(F)F)cc(C)n1,CHEMBL5936,1.0,1.0,0.775,5391,False
Cc1cc(-c2[nH]c3ccc(C4CCN(C(=O)C5CC(=O)N(C)C5)CC4)cc3c2CC(F)F)cc(C)n1,CHEMBL5805,2.0,2.0,0.775,4084,False
Cc1cc(-c2[nH]c3ccc(C4CCN(C(=O)C5CC(=O)N(C)C5)CC4)cc3c2CC(F)F)cc(C)n1,CHEMBL5804,3.0,3.0,0.775,3644,False
Cc1cc(-c2[nH]c3ccc(C4CCN(C(=O)C5CNC(=O)C5)CC4)cc3c2C(C)C)ccn1,CHEMBL5936,2.0,2.0,0.831,5391,False
Cc1cc(-c2[nH]c3ccc(C4CCN(C(=O)C5CNC(=O)C5)CC4)cc3c2C(C)C)ccn1,CHEMBL5805,1.0,1.0,0.831,4084,False
Cc1cc(-c2[nH]c3ccc(C4CCN(C(=O)C5CNC(=O)C5)CC4)cc3c2C(C)C)ccn1,CHEMBL5804,3.0,3.0,0.831,3644,False
Cc1cc(-c2[nH]c3ccc(C4CCN(C(=O)CCN(C)C5COC5)CC4)cc3c2C(C)C)cc(C)n1,CHEMBL5936,1.0,1.0,0.857,5391,False
Cc1cc(-c2[nH]c3ccc(C4CCN(C(=O)CCN(C)C5COC5)CC4)cc3c2C(C)C)cc(C)n1,CHEMBL5805,2.0,2.0,0.857,4084,False
Cc1cc(-c2[nH]c3ccc(C4CCN(C(=O)CCN(C)C5COC5)CC4)cc3c2C(C)C)cc(C)n1,CHEMBL5804,3.0,3.0,0.857,3644,False
Cc1cc(-c2[nH]c3ccc(C4CCN(C(=O)CN(C)C)CC4)nc3c2C(C)C)cn(C)c1=O,CHEMBL5936,2.0,2.0,0.784,5391,False
Cc1cc(-c2[nH]c3ccc(C4CCN(C(=O)CN(C)C)CC4)nc3c2C(C)C)cn(C)c1=O,CHEMBL5805,1.0,1.0,0.784,4084,False
Cc1cc(-c2[nH]c3ccc(C4CCN(C(=O)CN(C)C)CC4)nc3c2C(C)C)cn(C)c1=O,CHEMBL5804,3.0,3.0,0.733,3644,False
Cc1cc(-c2[nH]c3ccc(C4CCN(CC(=O)N(C)C)CC4)nc3c2C(C)C)cn(C)c1=O,CHEMBL5936,1.0,1.0,0.737,5391,False
Cc1cc(-c2[nH]c3ccc(C4CCN(CC(=O)N(C)C)CC4)nc3c2C(C)C)cn(C)c1=O,CHEMBL5805,2.0,2.0,0.737,4084,False
Cc1cc(-c2[nH]c3ccc(C4CCN(CC(=O)N(C)C)CC4)nc3c2C(C)C)cn(C)c1=O,CHEMBL5804,3.0,3.0,0.737,3644,False
Cc1cc(-c2[nH]c3ccc(C4CCN(Cc5ccn(C)n5)CC4)cc3c2C(C)C)c(C)cn1,CHEMBL5936,2.0,2.0,0.771,5391,False
Cc1cc(-c2[nH]c3ccc(C4CCN(Cc5ccn(C)n5)CC4)cc3c2C(C)C)c(C)cn1,CHEMBL5805,1.0,1.0,0.771,4084,False
Cc1cc(-c2[nH]c3ccc(C4CCN(Cc5ccn(C)n5)CC4)cc3c2C(C)C)c(C)cn1,CHEMBL5804,3.0,3.0,0.771,3644,False
Cc1cc(-c2[nH]c3ccc(C4CCN(Cc5ccn(C)n5)CC4)cc3c2C(C)C)c(F)cn1,CHEMBL5936,2.0,2.0,0.778,5391,False
Cc1cc(-c2[nH]c3ccc(C4CCN(Cc5ccn(C)n5)CC4)cc3c2C(C)C)c(F)cn1,CHEMBL5805,1.0,1.0,0.778,4084,False
Cc1cc(-c2[nH]c3ccc(C4CCN(Cc5ccn(C)n5)CC4)cc3c2C(C)C)c(F)cn1,CHEMBL5804,3.0,3.0,0.764,3644,False
Cc1cc(-c2[nH]c3ccc(C4CCN(Cc5ccn(C)n5)CC4)cc3c2C(C)C)cc(C)n1,CHEMBL5936,2.0,2.0,0.773,5391,False
Cc1cc(-c2[nH]c3ccc(C4CCN(Cc5ccn(C)n5)CC4)cc3c2C(C)C)cc(C)n1,CHEMBL5805,1.0,1.0,0.773,4084,False
Cc1cc(-c2[nH]c3ccc(C4CCN(Cc5ccn(C)n5)CC4)cc3c2C(C)C)cc(C)n1,CHEMBL5804,3.0,3.0,0.773,3644,False
Cc1cc(-c2[nH]c3ccc(C4CCN(Cc5nnn[nH]5)CC4)cc3c2C(C)C)cn2ncnc12,CHEMBL5936,1.0,1.0,0.789,5391,False
Cc1cc(-c2[nH]c3ccc(C4CCN(Cc5nnn[nH]5)CC4)cc3c2C(C)C)cn2ncnc12,CHEMBL5805,2.0,2.0,0.789,4084,False
Cc1cc(-c2[nH]c3ccc(C4CCN(Cc5nnn[nH]5)CC4)cc3c2C(C)C)cn2ncnc12,CHEMBL5804,3.0,3.0,0.789,3644,False
Cc1cc(-c2[nH]c3ccc(C4CCNCC4)nc3c2C(C)C)cn(C)c1=O,CHEMBL5936,2.0,3.0,0.727,5391,False
Cc1cc(-c2[nH]c3ccc(C4CCNCC4)nc3c2C(C)C)cn(C)c1=O,CHEMBL5805,1.0,1.0,0.738,4084,False
Cc1cc(-c2[nH]c3ccc(C4CCNCC4)nc3c2C(C)C)cn(C)c1=O,CHEMBL5804,3.0,2.0,0.738,3644,False
Cc1cc(-c2cc(Cl)ccc2OCCn2c(C)nc3cc(C(F)(F)F)c(N4CC5(CN(C)C5)C4)c(C#N)c3c2=O)c2sc(C)c(C(=O)O)c2n1,CHEMBL3351214,1.0,1.0,0.872,1737,False
Cc1cc(-c2cc(Cl)ccc2OCCn2c(C)nc3cn(C)c(=O)c(C#N)c3c2=O)c2scc(C(=O)O)c2n1,CHEMBL3351214,1.0,1.0,0.825,1737,False
Cc1cc(-c2cc3c(c(NCc4ccccc4)c2)NC(=O)CC3)cn(C)c1=O,CHEMBL1163125,1.0,1.0,0.768,9315,False
Cc1cc(-c2ccc(N(Cc3cccnc3)C(=O)c3ccc(O)cc3O)cc2)nnc1Cl,CHEMBL4766,1.0,1.0,0.817,803,False
Cc1cc(-c2ccc3c(c2)CCN(CCCSc2nnc(-c4ccc(C(F)(F)F)cc4)n2C)CC3)n(C)n1,CHEMBL234,1.0,1.0,0.7,6166,False
Cc1cc(-c2ccc3c(c2)CCN(CCCSc2nnc(-c4ccc(C(F)(F)F)cc4)n2C)CC3)n(C)n1,CHEMBL217,2.0,2.0,0.7,9217,False
Cc1cc(-c2ccc3c(c2)CCN(CCCSc2nnc(-c4ccc(C(F)(F)F)cc4)n2C)CC3)n(C)n1,CHEMBL240,3.0,3.0,0.7,10985,False
Cc1cc(-c2ccc3c(c2)CCN(CCCSc2nnc(-c4ccc(F)c(F)c4)n2C)CC3)n(C)n1,CHEMBL234,2.0,2.0,0.9,6166,False
Cc1cc(-c2ccc3c(c2)CCN(CCCSc2nnc(-c4ccc(F)c(F)c4)n2C)CC3)n(C)n1,CHEMBL240,1.0,1.0,0.9,10985,False
Cc1cc(-c2cccc(C(=O)N[C@H]3CC[C@H](CCN4CCc5ccc(OS(C)(=O)=O)cc5CC4)CC3)c2)on1,CHEMBL234,1.0,1.0,0.795,6166,False
Cc1cc(-c2cccc(C(=O)N[C@H]3CC[C@H](CCN4CCc5ccc(OS(C)(=O)=O)cc5CC4)CC3)c2)on1,CHEMBL217,2.0,2.0,0.795,9217,False
Cc1cc(-c2cccc(C(=O)N[C@H]3CC[C@H](CCN4CCc5ccc(S(C)(=O)=O)cc5CC4)CC3)c2)on1,CHEMBL234,3.0,3.0,0.789,6166,False
Cc1cc(-c2cccc(C(=O)N[C@H]3CC[C@H](CCN4CCc5ccc(S(C)(=O)=O)cc5CC4)CC3)c2)on1,CHEMBL217,1.0,1.0,0.789,9217,False
Cc1cc(-c2cccc3c2N[C@H](C)CC(=O)N3)ccn1,CHEMBL5747,1.0,1.0,0.694,2875,False
Cc1cc(-c2cccc3c2N[C@H](C)CC(=O)N3)ccn1,CHEMBL1163125,2.0,2.0,0.694,9315,False
Cc1cc(-c2ccn3nc(N)c(C(=O)N[C@H]4CNC(=O)C4)c3n2)cc2c1C(=O)N([C@@H](C)C1CC1)C2,CHEMBL3267,3.0,3.0,0.84,3907,False
Cc1cc(-c2ccn3nc(N)c(C(=O)N[C@H]4CNC(=O)C4)c3n2)cc2c1C(=O)N([C@@H](C)C1CC1)C2,CHEMBL4005,2.0,2.0,0.84,7718,False
Cc1cc(-c2ccn3nc(N)c(C(=O)N[C@H]4CNC(=O)C4)c3n2)cc2c1C(=O)N([C@@H](C)C1CC1)C2,CHEMBL3130,1.0,1.0,0.84,7171,False
Cc1cc(-c2ccnc(N[C@@H](C)c3cc4cc(Cl)ccc4[nH]c3=O)c2)n(C)n1,CHEMBL2007625,1.0,1.0,0.723,4299,False
Cc1cc(-c2ccnc(N[C@@H](C)c3cc4cc(Cl)ccc4[nH]c3=O)c2F)n(C)n1,CHEMBL2007625,1.0,1.0,0.746,4299,False
Cc1cc(-c2cn(C)c3ncnc(N)c23)ccc1NC(=O)c1cn(CC2CCOCC2)cc(-c2ccc(F)cc2)c1=O,CHEMBL4895,1.0,1.0,0.711,2888,False
Cc1cc(-c2cn(C)c3ncnc(N)c23)ccc1NC(=O)c1cn(CC2CCOCC2)cc(-c2ccc(F)cc2)c1=O,CHEMBL3717,2.0,2.0,0.711,4639,False
Cc1cc(-c2cnc3ccn(Cc4ccncc4)c3c2)ccc1F,CHEMBL1904,1.0,1.0,0.784,2018,False
Cc1cc(-c2n[nH]c3cc(NC(=O)N[C@@H]4CCOc5cc(C#N)ccc54)ncc23)ccn1,CHEMBL4040,1.0,1.0,0.797,5246,False
Cc1cc(-c2n[nH]c3cc(NC(=O)N[C@@H]4CCOc5cc(F)ccc54)ncc23)ccn1,CHEMBL4040,1.0,1.0,1.0,5246,True
Cc1cc(-c2nc(-c3ccc(OCC4CC4)c(Cl)c3)n3c2CCOCC3)cc(C)n1,CHEMBL5137,1.0,1.0,0.797,1873,False
Cc1cc(-c2nc3cccnn3c2-c2ccnc(NC(=O)c3cc[n+]([O-])c(C)c3)c2)ccc1F,CHEMBL260,1.0,1.0,0.806,5079,False
Cc1cc(-c2nc3sc4c(c3c(=O)[nH]2)CCN(C)C4)cc(C)c1OCC(=O)OCc1c(-c2ccccc2)no[n+]1[O-],CHEMBL1163125,1.0,1.0,0.874,9315,False
Cc1cc(-c2nc3sc4c(c3c(=O)[nH]2)CCN(C)C4)cc(C)c1OCC(=O)OCc1c(-c2ccccc2)no[n+]1[O-],CHEMBL1293289,8.0,8.0,0.543,905,False
Cc1cc(-c2nccn2Cc2ncccn2)cn(C)c1=O,CHEMBL1163125,1.0,1.0,0.733,9315,False
Cc1cc(-n2ncc3cc(NC(=O)N[C@H]4CCN(C)C4)ncc32)ccn1,CHEMBL4040,1.0,1.0,1.0,5246,True
Cc1cc(/C=C2\C(=O)Nc3ccc(F)cc32)c2ccccc(OCCN3CCOCC3)c1-2,CHEMBL1974,1.0,1.0,0.922,4344,False
Cc1cc(=O)[nH]c(-n2ncc(C(=O)N3CCc4cn[nH]c4C3)c2C)n1,CHEMBL3988583,1.0,1.0,0.86,1097,False
Cc1cc(=O)[nH]c(C)c1C(=O)N1C[C@H]2CN(CC[C@H](NC(=O)C3CCCC3)c3ccccc3)C[C@H]2C1,CHEMBL274,1.0,1.0,0.758,2287,False
Cc1cc(=O)oc2cc(OCC3CCN(Cc4ccc(CO)cc4)CC3)ccc12,CHEMBL1951,2.0,2.0,0.621,3112,False
Cc1cc(=O)oc2cc(OCC3CCN(Cc4ccc(CO)cc4)CC3)ccc12,CHEMBL2039,1.0,1.0,0.621,4794,False
Cc1cc(=O)oc2cc(OCC3CCN(Cc4cccc(CO)c4)CC3)ccc12,CHEMBL1951,2.0,2.0,0.638,3112,False
Cc1cc(=O)oc2cc(OCC3CCN(Cc4cccc(CO)c4)CC3)ccc12,CHEMBL2039,1.0,1.0,0.638,4794,False
Cc1cc(Br)cc(C(=O)NO)c1N(Cc1ccccc1)S(=O)(=O)c1ccc(-c2ccc(OCc3ccccc3)cc2)cc1,CHEMBL321,2.0,2.0,0.828,2771,False
Cc1cc(Br)cc(C(=O)NO)c1N(Cc1ccccc1)S(=O)(=O)c1ccc(-c2ccc(OCc3ccccc3)cc2)cc1,CHEMBL280,1.0,1.0,0.828,2826,False
Cc1cc(Br)cc(C(=O)NO)c1N(Cc1ccccc1)S(=O)(=O)c1ccc(-c2ccc(OCc3ccccc3)cc2)cc1,CHEMBL3706,3.0,3.0,0.828,1918,False
Cc1cc(C#N)ccc1-c1cnn(-c2ccc(C(=O)NCCCOCC3CC3)cn2)c1O,CHEMBL5697,1.0,1.0,0.824,1921,False
Cc1cc(C#N)ccc1-c1cnn(-c2ccc(C(=O)N[C@H](C)C3CC3)cn2)c1O,CHEMBL5697,1.0,1.0,0.892,1921,False
Cc1cc(C#N)cnc1C(=O)Nc1ccc(F)c([C@@]2(C)N=C(N)C(C)(C)[S@@]3(=O)=NCC[C@@H]23)c1,CHEMBL4822,1.0,1.0,0.75,9994,False
Cc1cc(C#N)cnc1C(=O)Nc1ccc(F)c([C@]2(C)C[S@](=O)(=NCC(F)(F)F)N(C)C(N)=N2)c1,CHEMBL4822,1.0,1.0,1.0,9994,True
Cc1cc(C#N)cnc1C(=O)Nc1ccc2[nH]nc(-c3cnoc3)c2c1,CHEMBL1075104,1.0,1.0,0.79,3454,False
Cc1cc(C(=O)NC2(C(=O)N[C@H](C)c3ccc(-c4cc(Cl)cc(F)c4-c4nnn(C)n4)cc3F)COC2)on1,CHEMBL4308,1.0,1.0,0.805,787,False
Cc1cc(C(=O)NCC[N+]2(C)CCCCC2)cc(-c2ccc(Oc3ccc(F)cc3)cc2)n1,CHEMBL4296,1.0,1.0,0.981,7797,False
Cc1cc(C(=O)NCc2ccc(CN)cc2)c(C)n1Cc1csc(-c2ccccc2)c1,CHEMBL2000,1.0,1.0,0.831,3740,False
Cc1cc(C(=O)NCc2ccc(CN)cc2)c(C)n1Cc1csc(-c2ccccc2)c1,CHEMBL2319,2.0,2.0,0.831,668,False
Cc1cc(C(=O)NS(=O)(=O)C2CC2)c(F)cc1-c1cnc(OC2CCC2)c(Cl)c1,CHEMBL4296,1.0,1.0,0.966,7797,False
Cc1cc(C(=O)N[C@H](C(=O)N(C)Cc2ccccc2)c2ccccc2)ccc1NC(=O)c1ccccc1-c1ccc(C(F)(F)F)cc1,CHEMBL2569,1.0,1.0,0.729,162,False
Cc1cc(C(=O)N[C@H](C(=O)NCc2ccccc2)c2ccccc2)ccc1NC(=O)c1ccccc1-c1ccc(C(F)(F)F)cc1,CHEMBL2569,1.0,1.0,0.821,162,False
Cc1cc(C(=O)Nc2cc(C(=O)Nc3cc(-n4ccnc4C)cc(C(F)(F)F)c3)ccc2C)no1,CHEMBL1844,2.0,2.0,0.818,2620,False
Cc1cc(C(=O)Nc2cc([N+](=O)[O-])ccc2N2CCN(C)CC2)cc(C)c1F,CHEMBL1075317,1.0,1.0,0.633,1687,False
Cc1cc(C(=O)Nc2cc([N+](=O)[O-])ccc2N2CCN(C)CC2)ccc1F,CHEMBL1075317,1.0,1.0,0.705,1687,False
Cc1cc(C(=O)Nc2cccc3c2CCCC3)nn1-c1cccc(C(F)(F)F)c1,CHEMBL4561,1.0,1.0,0.737,1180,False
Cc1cc(C(=O)O)nc(N2CC[C@@H](COc3ccccc3C(F)(F)F)C2)n1,CHEMBL3100,1.0,1.0,1.0,311,True
Cc1cc(C(=O)O)nc(N2CC[C@@H](COc3ccccc3C(F)(F)F)C2)n1,CHEMBL3194,2.0,2.0,1.0,269,True
Cc1cc(C(C(=O)N2C[C@H](O[Si](C)(C)C(C)(C)C)C[C@H]2C2=NOC(C)(c3ccc(Br)cc3)N2)C(C)C)on1,CHEMBL3108660,1.0,1.0,0.598,388,False
Cc1cc(C(C)(C)O)cc(Nc2cc3ccc(-c4cc(F)ccc4C)cc3cn2)n1,CHEMBL1862,1.0,1.0,0.61,3101,False
Cc1cc(C(F)(F)F)cc(O)c1-c1ccc(NC[C@H]2CC(F)(F)CN2)nn1,CHEMBL1909490,1.0,1.0,1.0,292,True
Cc1cc(C(F)(F)F)cc(O)c1-c1ccc(NC[C@H]2CCCN2)nn1,CHEMBL1909490,1.0,1.0,0.943,292,False
Cc1cc(C(N)=O)c(-c2cccc(OC(=O)N3CCC(CCCc4ccccc4)CC3)c2)o1,CHEMBL2243,1.0,1.0,0.783,1975,False
Cc1cc(C(N)=O)c(-c2cccc(OC(=O)N3CCC(CCCc4ccccc4)CC3)c2)o1,CHEMBL4191,2.0,2.0,0.783,2112,False
Cc1cc(C(O)Cc2ccccc2)c2cn[nH]c2c1,CHEMBL4685,1.0,1.0,0.721,3604,False
Cc1cc(C)c(-n2c(Cl)cn3c(CN(C)CCc4ccncc4)c(C(F)(F)F)nc23)c(C)c1,CHEMBL1800,1.0,1.0,0.847,1931,False
Cc1cc(C)c(-n2nnc3c(-c4ccccc4C(F)(F)F)nc(C)nc32)c(C)c1,CHEMBL1800,1.0,1.0,0.607,1931,False
Cc1cc(C)c(C(=O)c2nc(C(=O)O)cc3cc(O)c(O)cc23)c(C)c1,CHEMBL3997,1.0,1.0,0.574,39,False
Cc1cc(C)c(CNC(=O)c2cc(-c3ccc(CN4CCOCC4)cc3)cc(N(C)C3CCCCC3)c2C)c(=O)[nH]1,CHEMBL2189110,1.0,1.0,0.986,1122,False
Cc1cc(C)c(CNC(=O)c2cc(-c3ccc(CN4CCOCC4)cc3)cc(N(C)[C@H]3CC[C@@H](N)CC3)c2C)c(=O)[nH]1,CHEMBL2189110,1.0,1.0,0.904,1122,False
Cc1cc(C)c(CNC(=O)c2cc(-c3ccc(CN4CCOCC4)cc3)cc(N(C)[C@H]3CC[C@H](N)CC3)c2C)c(=O)[nH]1,CHEMBL2189110,1.0,1.0,0.904,1122,False
Cc1cc(C)c(CNC(=O)c2cc(C3=CC(C)(C)NC(C)(C)C3)cc(N(C)C3CCCC3)c2C)c(=O)[nH]1,CHEMBL2189110,1.0,1.0,0.671,1122,False
Cc1cc(C)c(CSc2nc(C3CCCCC3)c(C#N)c(=O)[nH]2)c(C)c1,CHEMBL2029198,2.0,1.0,0.719,102,False
Cc1cc(C)c(NS(=O)(=O)c2cc(S(=O)(=O)Nc3c(C)cc(C)cc3C)c3cc(O)ccc3c2)c(C)c1,CHEMBL5658,170.0,346.0,0.25,1840,False
Cc1cc(C)c(S(=O)(=O)C[C@H]2C[C@@H](N(C)c3ncnc4[nH]ccc34)C2)cn1,CHEMBL2971,2.0,2.0,0.754,12637,False
Cc1cc(C)c(S(=O)(=O)C[C@H]2C[C@@H](N(C)c3ncnc4[nH]ccc34)C2)cn1,CHEMBL2148,4.0,4.0,0.754,7416,False
Cc1cc(C)c(S(=O)(=O)C[C@H]2C[C@@H](N(C)c3ncnc4[nH]ccc34)C2)cn1,CHEMBL3553,3.0,3.0,0.754,6084,False
Cc1cc(C)c2cc1C(=O)NCCNC(=O)CCCSc1cc-2nc(N)n1,CHEMBL3880,1.0,1.0,0.86,1708,False
Cc1cc(C)cc(C(=O)Nc2cc([N+](=O)[O-])ccc2N2CCN(C)CC2)c1,CHEMBL1075317,1.0,1.0,0.667,1687,False
Cc1cc(C)cc(CSc2nc(C3CCCCC3)c(C#N)c(=O)[nH]2)c1,CHEMBL2029198,3.0,1.0,0.702,102,False
Cc1cc(C)cc(Nc2nccc(-c3cnn4ncccc34)n2)c1,CHEMBL301,5.0,4.0,0.655,2596,False
Cc1cc(C)cc(Nc2nccc(-c3cnn4ncccc34)n2)c1,CHEMBL331,2.0,2.0,0.655,1424,False
Cc1cc(C)cc(Nc2nccc(-c3cnn4ncccc34)n2)c1,CHEMBL262,3.0,3.0,0.655,5430,False
Cc1cc(C)cc([C@@H]2c3cc(C)ccc3NC(=O)CN2C(=O)c2ccc(Br)s2)c1,CHEMBL1275221,1.0,1.0,1.0,182,True
Cc1cc(C)nc(N2CC[C@@H]3CN(C(=O)c4cc(F)ccc4-n4nccn4)[C@H]3C2)n1,CHEMBL4792,1.0,1.0,0.71,7613,False
Cc1cc(C)nc(N2CC[C@@H]3CN(C(=O)c4cc(F)ccc4-n4nccn4)[C@H]3C2)n1,CHEMBL5113,2.0,2.0,0.71,7217,False
Cc1cc(CCN2CCN(C)CC2)ccc1Nc1nccc(-c2c[nH]c3ncccc23)n1,CHEMBL2041,1.0,1.0,0.734,4396,False
Cc1cc(CN2CC(C(=O)O)C2)cc(C)c1OCc1cc(-c2ccccc2)c(C(F)(F)F)s1,CHEMBL4333,2.0,2.0,0.667,3408,False
Cc1cc(CN2CC(C(=O)O)C2)cc(C)c1OCc1cc(-c2ccccc2)c(C(F)(F)F)s1,CHEMBL3892,3.0,3.0,0.667,1557,False
Cc1cc(CN2CC(C(=O)O)C2)cc(C)c1OCc1cc(-c2ccccc2)c(C(F)(F)F)s1,CHEMBL3230,4.0,4.0,0.667,578,False
Cc1cc(CN2CC(C(=O)O)C2)cc(C)c1OCc1cc(-c2ccccc2)c(C(F)(F)F)s1,CHEMBL2274,1.0,1.0,0.667,522,False
Cc1cc(CN2CC(C(=O)O)C2)ccc1OCc1cc(-c2ccccc2)c(C(F)(F)F)s1,CHEMBL4333,1.0,1.0,0.672,3408,False
Cc1cc(CN2CC(C(=O)O)C2)ccc1OCc1cc(-c2ccccc2)c(C(F)(F)F)s1,CHEMBL3892,3.0,3.0,0.672,1557,False
Cc1cc(CN2CC(C(=O)O)C2)ccc1OCc1cc(-c2ccccc2)c(C(F)(F)F)s1,CHEMBL3230,4.0,4.0,0.672,578,False
Cc1cc(CN2CC(C(=O)O)C2)ccc1OCc1cc(-c2ccccc2)c(C(F)(F)F)s1,CHEMBL2274,2.0,2.0,0.672,522,False
Cc1cc(CN2CCN(c3ncc(F)cn3)CC2)cc2[nH]c(=O)c3c(c12)NCCC3,CHEMBL3105,1.0,1.0,0.797,4466,False
Cc1cc(CN2CCN(c3ncc(F)cn3)CC2C)cc2[nH]c(=O)c3c(c12)NCCC3,CHEMBL3105,1.0,1.0,0.826,4466,False
Cc1cc(CNC(=O)[C@@H]2C[C@@H](O)CN2C(=O)CC(C)(C)C)ccc1-c1cncs1,CHEMBL3108660,1.0,1.0,0.592,388,False
Cc1cc(CNCC2(F)CCN(C(=O)c3ccc(F)c(Cl)c3)CC2)nc(N(C)C)c1,CHEMBL214,1.0,1.0,0.71,5809,False
Cc1cc(CO)cc(Nc2cc3ccc(-c4cc(F)ccc4C)cc3cn2)n1,CHEMBL1862,1.0,1.0,0.596,3101,False
Cc1cc(COc2cc(C(=O)N3C[C@H]4CCCN[C@H]4C3)nn2-c2ccc(C#N)cc2)on1,CHEMBL6136,1.0,1.0,1.0,3886,True
Cc1cc(COc2ccc(S(=O)(=O)CC3(CC(=O)NO)CCCN(C(C)C)C3)cc2)c2ccccc2n1,CHEMBL3706,2.0,2.0,0.929,1918,False
Cc1cc(COc2ccc(S(=O)(=O)CC3(CC(=O)NO)CCCN(C)C3)cc2)c2ccccc2n1,CHEMBL3706,1.0,1.0,0.925,1918,False
Cc1cc(COc2ccc(S(=O)(=O)CC3(CC(=O)NO)CCCN(C)C3)cc2)c2ccccc2n1,CHEMBL280,2.0,2.0,0.841,2826,False
Cc1cc(COc2ccc(S(=O)(=O)CC3(CC(=O)NO)CCCN(CC(C)C)C3)cc2)c2ccccc2n1,CHEMBL3706,2.0,2.0,0.931,1918,False
Cc1cc(COc2ccc(S(=O)(=O)CC3(CC(=O)NO)CCCNC3)cc2)c2ccccc2n1,CHEMBL3706,2.0,2.0,0.91,1918,False
Cc1cc(COc2ccc(S(=O)(=O)CC3CN(C(C)C)CCC3C(=O)NO)cc2)c2ccccc2n1,CHEMBL3706,1.0,1.0,0.747,1918,False
Cc1cc(COc2ccc(S(=O)(=O)CC3CN(C)CCC3C(=O)NO)cc2)c2ccccc2n1,CHEMBL3706,1.0,1.0,0.882,1918,False
Cc1cc(COc2ccc(S(=O)(=O)CC3CNCCC3C(=O)NO)cc2)c2ccccc2n1,CHEMBL3706,1.0,1.0,0.881,1918,False
Cc1cc(Cl)cc(C)c1OCc1noc(C(C)C)c1COc1ccc(/C=C/c2cccc(C(=O)O)c2)c(Cl)c1,CHEMBL2047,1.0,1.0,0.814,3259,False
Cc1cc(Cl)ccc1OCC(=O)N[C@@H](Cc1ccccc1)c1nc2ccccc2[nH]1,CHEMBL1795098,897.0,7.0,0.429,1001,False
Cc1cc(Cl)ccc1Sc1ccc2c(-c3c(Cl)cccc3Cl)c(=O)ncn2n1,CHEMBL260,1.0,1.0,0.388,5079,False
Cc1cc(Cl)nnc1-c1ccc(N(Cc2cccnc2)C(=O)c2ccc(O)cc2O)cc1,CHEMBL4766,1.0,1.0,0.817,803,False
Cc1cc(F)c(-c2cc(C(F)(F)F)c3c(N)ncnn23)cc1C(=O)NC1CN(C(=O)C2CC(F)(F)C2)C[C@@H]1F,CHEMBL5464,1.0,1.0,0.905,3943,False
Cc1cc(F)c(NC(=O)NCCC(C)(C)C)cc1Nc1ccc2ncn(C)c(=O)c2c1F,CHEMBL1906,1.0,1.0,0.476,2781,False
Cc1cc(F)cc(-c2cnc3ccc(-c4cc(F)cc(C#N)c4O)cc3c2N2CC(CN3CCCCC3)C2)c1,CHEMBL1804,1.0,1.0,0.861,935,False
Cc1cc(F)cc(C)c1Oc1ccc(C(C)(C)O)cc1-c1cn(C)c(=O)c2cc(-c3cnc(-c4ccccc4)[nH]3)oc12,CHEMBL1163125,1.0,1.0,0.775,9315,False
Cc1cc(F)cc(C)c1Oc1ccc(C(C)(C)O)cc1-c1cn(C)c(=O)c2cc(-c3cnc(-c4ccccc4)[nH]3)oc12,CHEMBL1795186,4.0,4.0,0.738,972,False
Cc1cc(F)cc(C)c1Oc1ccc(C(C)(C)O)cc1-c1cn(C)c(=O)cc1NCC(=O)N[C@H]1CC[C@H](N)CC1,CHEMBL1163125,1.0,1.0,0.928,9315,False
Cc1cc(F)cc(C)c1Oc1ccc(C(C)(C)O)cc1-c1cn(C)c(=O)cc1NCC(=O)N[C@H]1CC[C@H](O)CC1,CHEMBL1163125,1.0,1.0,0.941,9315,False
Cc1cc(F)ccc1-c1ncnc2c1cnn2CCN1CCCCC1,CHEMBL287,1.0,1.0,0.679,3166,False
Cc1cc(F)ccc1NCc1cc(C(=O)O)cc(-c2ccc(O)cc2)n1,CHEMBL4005,2.0,2.0,0.808,7718,False
Cc1cc(F)ccc1NCc1cc(C(=O)O)cc(-c2ccc(O)cc2)n1,CHEMBL3267,1.0,1.0,0.808,3907,False
Cc1cc(F)ccc1NCc1cc(C(=O)O)cc(-c2cccc(O)c2)n1,CHEMBL4005,2.0,2.0,0.732,7718,False
Cc1cc(F)ccc1NCc1cc(C(=O)O)cc(-c2cccc(O)c2)n1,CHEMBL3267,1.0,1.0,0.732,3907,False
Cc1cc(N)nc(-c2cc3nc(OC[C@@H]4CCCN4C)nc4c3c(c2Cl)OC[C@@H]2CN(C(=O)C[C@H]3CCC35CNC5)CCN42)c1C(F)(F)F,CHEMBL2189121,1.0,1.0,0.829,2721,False
Cc1cc(N)nc(C)c1CNC(=O)c1cc(Cc2ccccc2)no1,CHEMBL2000,1.0,1.0,0.714,3740,False
Cc1cc(N)nc(C)c1CNC(=O)c1ccnc(Cc2cnc3[nH]c(Cl)cc3c2)c1,CHEMBL2000,1.0,1.0,0.658,3740,False
Cc1cc(N)nc(C)c1CNC(=O)c1ccnc(Cc2cnc3[nH]c(Cl)cc3c2)c1,CHEMBL5749,2.0,2.0,0.658,3184,False
Cc1cc(N)nc(C)c1CNC(=O)c1cnn(Cc2ccc(OCc3ccccc3)cc2)c1,CHEMBL2000,1.0,1.0,0.951,3740,False
Cc1cc(N)nc(C)c1CNC(=O)c1cnn(Cc2ccc3ncc(Cl)cc3c2)c1C#N,CHEMBL2000,1.0,1.0,0.753,3740,False
Cc1cc(N2CCCCC2)c2cccc(OCc3c(Cl)ccc(N(C)C(=O)CNC(=O)/C=C/c4ccc(N5CCCC5=O)cc4)c3Cl)c2n1,CHEMBL3157,1.0,1.0,0.903,527,False
Cc1cc(N2CCOCC2)nc2ccc(NC(=O)COc3ccc(C(F)(F)F)cc3)cc12,CHEMBL344,1.0,1.0,0.855,3656,False
Cc1cc(N2CCOCC2)nc2ccc(NC(=O)COc3ccc(Cl)cc3Cl)cc12,CHEMBL344,1.0,1.0,0.841,3656,False
Cc1cc(N2CCOCC2)nc2ccc(NC(=O)COc3ccc(OC(F)(F)F)cc3)cc12,CHEMBL344,1.0,1.0,0.841,3656,False
Cc1cc(N2CCOc3ccc(O[C@H]4CCN(C(=O)C5CCCCC5)C4)cc32)cnc1S(C)(=O)=O,CHEMBL4005,2.0,2.0,0.925,7718,False
Cc1cc(N2CCOc3ccc(O[C@H]4CCN(C(=O)C5CCCCC5)C4)cc32)cnc1S(C)(=O)=O,CHEMBL3130,1.0,1.0,0.925,7171,False
Cc1cc(N2CCOc3ccc(O[C@H]4CCN(C(=O)C5CCOC5)C4)cc32)cnc1S(C)(=O)=O,CHEMBL4005,2.0,2.0,0.928,7718,False
Cc1cc(N2CCOc3ccc(O[C@H]4CCN(C(=O)C5CCOC5)C4)cc32)cnc1S(C)(=O)=O,CHEMBL3130,1.0,1.0,0.928,7171,False
Cc1cc(N2CCOc3ccc(O[C@H]4CCN(C(=O)[C@H]5CC[C@@H](O)CC5)C4)cc32)cnc1S(C)(=O)=O,CHEMBL4005,2.0,2.0,0.94,7718,False
Cc1cc(N2CCOc3ccc(O[C@H]4CCN(C(=O)[C@H]5CC[C@@H](O)CC5)C4)cc32)cnc1S(C)(=O)=O,CHEMBL3130,1.0,1.0,0.94,7171,False
Cc1cc(N2CCOc3ccc(O[C@H]4CCN(C(=O)[C@H]5CC[C@H](O)CC5)C4)cc32)cnc1S(C)(=O)=O,CHEMBL4005,2.0,2.0,0.94,7718,False
Cc1cc(N2CCOc3ccc(O[C@H]4CCN(C(=O)[C@H]5CC[C@H](O)CC5)C4)cc32)cnc1S(C)(=O)=O,CHEMBL3130,1.0,1.0,0.94,7171,False
Cc1cc(N=S(C)(C)=O)cc2ncnc(Nc3ccc(F)cc3OCC3CCO3)c12,CHEMBL4204,1.0,1.0,0.908,1710,False
Cc1cc(N=S(C)(C)=O)cc2ncnc(Nc3ccc(F)cc3O[C@H](C)C(=O)NCC3CCCO3)c12,CHEMBL4204,1.0,1.0,0.788,1710,False
Cc1cc(NC(=O)CSc2sc3c(O)cc(O)nc3c2C#N)ccc1Br,CHEMBL1795098,6.0,1.0,0.662,1001,False
Cc1cc(NC(=O)NCCN2CCC(O)(Cc3ccccc3)CC2)c2ccccc2n1,CHEMBL3764,1.0,1.0,0.766,627,False
Cc1cc(NC(=O)NCCN2CCC(O)(Cc3ccccc3)CC2)c2ccccc2n1,CHEMBL1867,27.0,33.0,0.377,1052,False
Cc1cc(NC(=O)NCCN2CCC(O)(Cc3ccccc3)CC2)c2ccccc2n1,CHEMBL217,15.0,17.0,0.405,9217,False
Cc1cc(NC(=O)NCCN2CCC(O)(Cc3ccccc3)CC2)c2ccccc2n1,CHEMBL224,14.0,16.0,0.405,6081,False
Cc1cc(NC(=O)NCCN2CCC(O)(Cc3ccccc3)CC2)c2ccccc2n1,CHEMBL225,12.0,14.0,0.405,3966,False
Cc1cc(NC(=O)NCCN2CCC(O)(Cc3ccccc3)CC2)c2ccccc2n1,CHEMBL287,83.0,115.0,0.329,3166,False
Cc1cc(NC(=O)NCCN2CCC(O)(Cc3ccccc3)CC2)c2ccccc2n1,CHEMBL222,23.0,25.0,0.384,3692,False
Cc1cc(NC(=O)NCCN2CCC(O)(Cc3ccccc3)CC2)c2ccccc2n1,CHEMBL228,22.0,24.0,0.384,5328,False
Cc1cc(NC(=O)NCCN2CCC(O)(Cc3ccccc3)CC2)c2ccccc2n1,CHEMBL4105907,200.0,159.0,0.316,832,False
Cc1cc(NC(=O)Nc2cccc3ccccc23)n(-c2ccccc2)n1,CHEMBL2815,1.0,1.0,0.738,4872,False
Cc1cc(NC(=O)OC(C)(C)C)nc(C)c1CNC(=O)c1cnn(Cc2ccc3ncc(Cl)cc3c2)c1,CHEMBL2000,2.0,2.0,0.566,3740,False
Cc1cc(NC(=O)c2ccc(S(=O)(=O)NC3(C)COC3)cc2N2CCC3(CC2)CC3)nc(N2CCO[C@H](C)C2)c1,CHEMBL4523403,1.0,1.0,0.8,876,False
Cc1cc(NC(=O)c2cccc3oc(=O)[nH]c23)ccn1,CHEMBL3227,1.0,1.0,0.714,2955,False
Cc1cc(NS(=O)(=O)c2ccc(NC(=O)c3ccc(C(=O)C(=O)c4ccccc4)cc3)cc2)nc(C)n1,CHEMBL4235,35.0,61.0,0.404,3366,False
Cc1cc(NS(=O)(=O)c2ccccc2)c(Nc2ccc(I)cc2F)n(C)c1=O,CHEMBL3587,1.0,1.0,0.493,1086,False
Cc1cc(Nc2cc(-c3ccc4cc(C#N)cnn34)ncc2C(=O)NC[C@@H](F)C(C)(C)O)ccc1C#N,CHEMBL1825,2.0,2.0,0.821,1873,False
Cc1cc(Nc2cc(-c3ccc4cc(C#N)cnn34)ncc2C(=O)NC[C@@H](F)C(C)(C)O)ccc1C#N,CHEMBL3778,1.0,1.0,0.821,7453,False
Cc1cc(Nc2cc(-c3ccc4cc(C#N)cnn34)ncc2C(=O)NC[C@@H](F)C(C)(C)O)ccc1C(N)=O,CHEMBL1825,2.0,2.0,0.835,1873,False
Cc1cc(Nc2cc(C(F)(F)F)ccn2)nc(-c2ccc(NC3CCN(C(=O)CCOc4ccccc4)CC3)nc2)c1,CHEMBL2599,1.0,1.0,0.865,5285,False
Cc1cc(Nc2cc(C)[nH]n2)nc([C@@H]2CC[C@@H](C(=O)NCc3ccc(-n4cccn4)nc3)[C@@H](C)C2)n1,CHEMBL2041,1.0,1.0,0.818,4396,False
Cc1cc(Nc2cc(C)[nH]n2)nc([C@@H]2CC[C@@H](C(=O)N[C@@H](C)c3ccc(-n4cc(F)cn4)nc3)C(C)(C)C2)n1,CHEMBL2041,1.0,1.0,0.81,4396,False
Cc1cc(Nc2cc(C)[nH]n2)nc([C@@H]2CC[C@@H](C(=O)N[C@@H](C)c3ccc(-n4cc(F)cn4)nc3)[C@@H](C)C2)n1,CHEMBL2041,1.0,1.0,0.821,4396,False
Cc1cc(Nc2cc(C)[nH]n2)nc([C@H]2CC[C@H](C(=O)NCc3ccc(-n4cc(F)cn4)nc3)CC2)n1,CHEMBL2041,1.0,1.0,0.779,4396,False
Cc1cc(Nc2cc(C)[nH]n2)nc([C@H]2CC[C@H](C(=O)NCc3ccc(-n4nc(C)cc4C)nc3)CC2)n1,CHEMBL2041,1.0,1.0,0.75,4396,False
Cc1cc(Nc2cc3ncccc3c(N[C@@H]3C[C@H]4CC[C@@H](C3)N4Cc3ccc(O)cc3)n2)n[nH]1,CHEMBL2835,4.0,4.0,0.851,10399,False
Cc1cc(Nc2cc3ncccc3c(N[C@@H]3C[C@H]4CC[C@@H](C3)N4Cc3ccc(O)cc3)n2)n[nH]1,CHEMBL2971,3.0,3.0,0.851,12637,False
Cc1cc(Nc2cc3ncccc3c(N[C@@H]3C[C@H]4CC[C@@H](C3)N4Cc3ccc(O)cc3)n2)n[nH]1,CHEMBL2148,2.0,2.0,0.939,7416,False
Cc1cc(Nc2cc3ncccc3c(N[C@@H]3C[C@H]4CC[C@@H](C3)N4Cc3ccc(O)cc3)n2)n[nH]1,CHEMBL3553,1.0,1.0,0.939,6084,False
Cc1cc(Nc2cc3ncccc3c(N[C@@H]3C[C@H]4CC[C@@H](C3)N4Cc3cccc(O)c3)n2)n[nH]1,CHEMBL2971,4.0,4.0,0.803,12637,False
Cc1cc(Nc2cc3ncccc3c(N[C@@H]3C[C@H]4CC[C@@H](C3)N4Cc3cccc(O)c3)n2)n[nH]1,CHEMBL2148,1.0,1.0,0.941,7416,False
Cc1cc(Nc2cc3ncccc3c(N[C@@H]3C[C@H]4CC[C@@H](C3)N4Cc3cccc(O)c3)n2)n[nH]1,CHEMBL3553,2.0,2.0,0.941,6084,False
Cc1cc(Nc2nc(C(=O)N3CCCC3)cn3c(-c4cn[nH]c4)cnc23)sn1,CHEMBL4722,3.0,3.0,0.662,3456,False
Cc1cc(Nc2nc(C(=O)N3CCCC3)cn3c(-c4cn[nH]c4)cnc23)sn1,CHEMBL2185,2.0,2.0,0.684,2659,False
Cc1cc(Nc2nc(NC3CCC3)c3c(ccn3-c3cnn(C)c3)n2)sn1,CHEMBL3778,1.0,1.0,0.965,7453,False
Cc1cc(Nc2nc(N[C@@H]3CCCC[C@@H]3N)nnc2C(N)=O)cc2cn(C(F)F)nc12,CHEMBL2599,1.0,1.0,0.797,5285,False
Cc1cc(Nc2nc(Nc3ccccc3S(=O)(=O)C(C)C)c3ccccc3n2)c(OC(C)C)cc1C1CCN(C)CC1,CHEMBL1981,4.0,4.0,0.8,947,False
Cc1cc(Nc2nccc(C(F)(F)F)n2)cc(-c2ccc(OCc3cn(C)cn3)c(C(=O)O)c2)c1,CHEMBL2599,1.0,1.0,0.761,5285,False
Cc1cc(Nc2ncnc3cc(O)c(NC(=O)/C=C/[C@H]4CCCN4C)cc23)ccc1Oc1ccc2nccn2c1,CHEMBL1824,2.0,2.0,0.851,2604,False
Cc1cc(Nc2ncnc3cc(O)c(NC(=O)/C=C/[C@H]4CCCN4C)cc23)ccc1Oc1ccc2nccn2c1,CHEMBL203,1.0,1.0,0.851,11022,False
Cc1cc(Nc2nn([C@@]3(CC#N)CCCC[C@H]3F)c3cc[nH]c(=O)c23)ccc1C(=O)N1CCOCC1,CHEMBL2835,1.0,1.0,0.864,10399,False
Cc1cc(Nc2nn([C@@]3(CC#N)CCCC[C@H]3F)c3cc[nH]c(=O)c23)ccc1C(=O)N1CCOCC1,CHEMBL2971,2.0,2.0,0.864,12637,False
Cc1cc(Nc2nn([C@H]3CCCC[C@@H]3C#N)c3cc[nH]c(=O)c23)ccc1C(=O)N1CCOCC1,CHEMBL2835,2.0,2.0,0.886,10399,False
Cc1cc(Nc2nn([C@H]3CCCC[C@@H]3C#N)c3cc[nH]c(=O)c23)ccc1C(=O)N1CCOCC1,CHEMBL2971,1.0,1.0,0.886,12637,False
Cc1cc(O)c(C23CC4CC(CC(C4)C2)C3)cc1-c1ncc(-c2ccc(C(=O)O)cc2)s1,CHEMBL2055,4.0,5.0,0.468,273,False
Cc1cc(O)c(C23CC4CC(CC(C4)C2)C3)cc1-c1ncc(-c2ccc(C(=O)O)cc2)s1,CHEMBL1991,1.0,1.0,0.522,1140,False
Cc1cc(O)ccc1Nc1cc(Nc2ccc3ncsc3c2)ncc1C(=O)NC[C@@H](F)C(C)(C)O,CHEMBL3778,1.0,1.0,0.786,7453,False
Cc1cc(OCCCc2c(C(=O)NS(=O)(=O)c3ccc(C(=O)NCc4ccncc4)o3)[nH]c3c(-c4c(C)nn(C)c4C)c(Cl)ccc23)cc(C)c1Cl,CHEMBL4361,1.0,1.0,0.898,3411,False
Cc1cc(OCCCc2c(C)n(CCC(=O)O)c3c(-c4c(C)nn(CCc5ccccn5)c4C)cccc23)cc(C)c1Cl,CHEMBL4361,1.0,1.0,0.803,3411,False
Cc1cc(OCCCc2c3n(c4c(-c5c(C)nn(C)c5C)c(Cl)ccc24)[C@H](C)CN(c2cn(C)c4ccc(C(=O)NNc5ccccc5)cc24)C3=O)cc(C)c1Cl,CHEMBL4361,1.0,1.0,0.845,3411,False
Cc1cc(OCc2ccc(Cl)cc2)cc(N2C(=O)c3ccccc3C2=O)c1,CHEMBL3227,1.0,1.0,0.481,2955,False
Cc1cc(OCc2ccc(F)cc2)cc(N2C(=O)c3ccccc3C2=O)c1,CHEMBL3227,25.0,13.0,0.4,2955,False
Cc1cc(OCc2cccc(C#N)c2)cc(N2C(=O)c3ccccc3C2=O)c1,CHEMBL3227,5.0,5.0,0.452,2955,False
Cc1cc(OCc2cccc(Cl)c2)cc(N2C(=O)c3ccccc3C2=O)c1,CHEMBL3227,1.0,1.0,0.646,2955,False
Cc1cc(OCc2ccccc2)cc(N2C(=O)c3ccccc3C2=O)c1,CHEMBL3227,5.0,2.0,0.46,2955,False
Cc1cc(OCc2ccccn2)c2cccc(OCc3c(Cl)ccc(N(C)C(=O)CNC(=O)/C=C/c4ccc(NC(=O)c5ccncc5)cc4)c3Cl)c2n1,CHEMBL3157,1.0,1.0,0.955,527,False
Cc1cc(Oc2cc(NC(=O)C3CC3)ncn2)ccc1NC(=O)Nc1cc(C2CCN(C)CC2)cc(C(F)(F)F)c1,CHEMBL279,1.0,1.0,0.816,10551,False
Cc1cc(Oc2ccc(NC(=O)Nc3cccc(C(F)(F)F)c3)cc2)c2ccccc2n1,CHEMBL260,1.0,1.0,0.639,5079,False
Cc1cc(Oc2ccc(NC(=O)Nc3cccc(C(F)(F)F)c3)cc2)c2ccccc2n1,CHEMBL5145,2.0,2.0,0.639,5743,False
Cc1cc(Oc2ccccc2)ncc1N1C(=O)Nc2c(C(=O)N[C@@H]3CCC[C@@H]3N)sc3nccc1c23,CHEMBL5251,1.0,1.0,0.973,9782,False
Cc1cc(Oc2ccccc2)ncc1N1C(=O)Nc2c(C(=O)N[C@@H]3CCC[C@@H]3NC(=O)CCCl)sc3nccc1c23,CHEMBL5251,1.0,1.0,0.841,9782,False
Cc1cc(Oc2ccccc2)ncc1N1C(=O)Nc2c(C(=O)N[C@@H]3CCC[C@H]3N)sc3nccc1c23,CHEMBL5251,1.0,1.0,0.973,9782,False
Cc1cc(Oc2ccccc2)ncc1N1C(=O)Nc2c(C(=O)N[C@@H]3CC[C@H](N)C3)sc3nccc1c23,CHEMBL5251,1.0,1.0,0.831,9782,False
Cc1cc(Oc2ccccc2)ncc1N1C(=O)Nc2c(C(=O)N[C@H]3CC[C@@H](N)C3)sc3nccc1c23,CHEMBL5251,1.0,1.0,0.831,9782,False
Cc1cc(Oc2ncccc2C2COC2)ccc1-c1c(C)n[nH]c(=O)c1C,CHEMBL2056,1.0,1.0,0.842,1513,False
Cc1cc(S(=O)(=O)Nc2cscn2)c(F)cc1N(C)[C@H]1CCN(CCc2ccccc2)C1,CHEMBL5202,1.0,1.0,0.855,1096,False
Cc1cc(S(=O)(=O)Nc2cscn2)c(F)cc1N(C)[C@H]1CCN(CCc2ccccc2)C1,CHEMBL1845,2.0,2.0,0.855,784,False
Cc1cc(S[C@H](Cc2ccccc2)c2ccc(-c3ccc(C(F)(F)F)cc3)cc2)ccc1OCC(=O)O,CHEMBL3979,1.0,1.0,1.0,1864,True
Cc1cc([C@@H](C(=O)N2C[C@H](O)C[C@H]2C2=NOC(C)(c3ccc(Br)cc3)N2)C(C)C)on1,CHEMBL3108660,1.0,1.0,0.77,388,False
Cc1cc([C@@H](C(=O)N2C[C@H](O)C[C@H]2C2=NOC(c3ccc(Br)cc3)(C(F)(F)F)N2)C(C)C)on1,CHEMBL3108660,1.0,1.0,0.686,388,False
Cc1cc([C@@H](C(=O)N2C[C@H](O)C[C@H]2C2=NO[C@](C)(c3ccc(Br)cc3)N2)C(C)C)on1,CHEMBL3108660,1.0,1.0,0.77,388,False
Cc1cc([C@H](C(=O)N2C[C@H](O)C[C@H]2C2=NOC(C)(c3ccccc3)N2)C(C)C)on1,CHEMBL3108660,1.0,1.0,0.767,388,False
Cc1cc([C@H](C(=O)N2C[C@H](O)C[C@H]2C2=NOC(c3ccc(Br)cc3)(C(F)(F)F)N2)C(C)C)on1,CHEMBL3108660,1.0,1.0,0.686,388,False
Cc1cc([C@H](C(=O)N2C[C@H](O)C[C@H]2C2=NO[C@@](C)(c3ccc(Br)cc3)N2)C(C)C)on1,CHEMBL3108660,1.0,1.0,0.77,388,False
Cc1cc([C@H](C(=O)N2C[C@H](O)C[C@H]2C2=NO[C@@](c3ccccc3)(C(F)(F)F)N2)C(C)C)on1,CHEMBL3108660,1.0,1.0,0.706,388,False
Cc1cc([C@H](C(=O)N2C[C@H](O)C[C@H]2C2=NO[C@](C)(c3ccc(Br)cc3)N2)C(C)C)on1,CHEMBL3108660,1.0,1.0,0.77,388,False
Cc1cc([C@H](C(=O)N2C[C@H](O)C[C@H]2C2=NO[C@](c3ccccc3)(C(F)(F)F)N2)C(C)C)on1,CHEMBL3108660,1.0,1.0,0.706,388,False
Cc1cc2c(-c3cccc4[nH]ncc34)cnc(NC3CCNCC3)c2[nH]c1=O,CHEMBL2150837,6.0,2.0,0.71,231,False
Cc1cc2c(-c3cccc4[nH]ncc34)cnc(NC3CCNCC3)c2[nH]c1=O,CHEMBL1163125,1.0,1.0,0.71,9315,False
Cc1cc2c(Nc3ccc4nc(N)sc4c3)c(C#N)cnc2cc1OCCN1CCCCC1,CHEMBL267,1.0,1.0,0.817,3981,False
Cc1cc2c(cc1C#N)c(-c1cncc(N)c1)c(C)n2CCCO,CHEMBL6136,1.0,1.0,0.607,3886,False
Cc1cc2c(cc1C#N)c(-c1cncc(N)c1C(F)F)cn2CCCO,CHEMBL6136,1.0,1.0,0.635,3886,False
Cc1cc2c(cc1C#N)c(-c1cncc(N)c1C)cn2CCCO,CHEMBL6136,1.0,1.0,0.69,3886,False
Cc1cc2c(cc1C#N)c(-c1cncc(N)c1Cl)c(C)n2CCCO,CHEMBL6136,1.0,1.0,0.656,3886,False
Cc1cc2c(cc1C#N)c(-c1cncc(N)c1Cl)c(C)n2CCCS(C)(=O)=O,CHEMBL6136,1.0,1.0,0.535,3886,False
Cc1cc2c(cc1Cc1ccc(C(=O)NCC3CCC(CNc4ncc(C#N)c(N)n4)CC3)o1)C(C)(C)CCC2(C)C,CHEMBL1855,1.0,1.0,0.676,1565,False
Cc1cc2c(cc1Cc1ccc(C(=O)NCC3CCC(CNc4nccc(Cl)n4)CC3)o1)C(C)(C)CCC2(C)C,CHEMBL1855,1.0,1.0,0.814,1565,False
Cc1cc2c(cc1Cc1ccc(C(=O)NCC3CCC(CNc4ncccn4)CC3)o1)C(C)(C)CCC2(C)C,CHEMBL1855,1.0,1.0,0.875,1565,False
Cc1cc2c(cc1Cl)C1(CCN(C(=O)[C@@H]3CN(C(C)(C)C)C[C@H]3c3ccc(F)cc3F)CC1)C[C@@H]2C(C)(C)C(=O)NC1CC1,CHEMBL259,1.0,1.0,1.0,3249,True
Cc1cc2c(cc1Cl)C1(CCN(C(=O)[C@@H]3CN(C4CCOCC4)C[C@H]3c3ccc(F)cc3F)CC1)O[C@@H]2C(C)(C)N1CCOCC1,CHEMBL259,1.0,1.0,0.948,3249,False
Cc1cc2c(cc1F)ncn2CCC[C@H]1NCCC[C@@H]1O,CHEMBL2638,1.0,1.0,0.655,89,False
Cc1cc2c(cc1Nc1nc(-c3cccnc3)cs1)nc(-c1ccc(CN3CCN(C)CC3)cc1)n2C,CHEMBL1936,1.0,1.0,0.836,3154,False
Cc1cc2c(nc1C(=O)Nc1ccc(F)c([C@]3(C)CO[C@@](C)(C(F)(F)F)C(N)=N3)n1)CCN2CC(F)F,CHEMBL2525,1.0,1.0,0.667,2213,False
Cc1cc2ccc(OCC3CCN(Cc4ccc(CO)cc4)CC3)cc2oc1=O,CHEMBL2039,1.0,1.0,0.606,4794,False
Cc1cc2ccc(OCC3CCN(Cc4cccc(CO)c4)CC3)cc2oc1=O,CHEMBL1951,1.0,1.0,0.614,3112,False
Cc1cc2ccc(OCC3CCN(Cc4cccc(CO)c4)CC3)cc2oc1=O,CHEMBL2039,2.0,2.0,0.614,4794,False
Cc1cc2ccc1[C@@H](C)COC(=O)Nc1ccc(C3(C(=O)O)CCOCC3)c(c1)CN(C)C(=O)[C@@H]2Nc1ccc2c(N)ncc(F)c2c1,CHEMBL244,1.0,1.0,0.933,5906,False
Cc1cc2ccc1[C@@H](C)COC(=O)Nc1ccc(C3(C(=O)O)CCOCC3)c(c1)CN(C)C(=O)[C@@H]2Nc1ccc2c(N)ncc(F)c2c1,CHEMBL2319,2.0,2.0,0.933,668,False
Cc1cc2ccc1[C@@H](C)COC(=O)Nc1ccc(C3(C(=O)O)CCOCC3)c(c1)CN(C)C(=O)[C@@H]2Nc1ccc2c(N)ncc(F)c2c1,CHEMBL4444,4.0,4.0,0.933,154,False
Cc1cc2nc(-c3cccc(CN4CCN(C)CC4)c3)[nH]c2cc1Nc1nc(-c2cccnc2)cs1,CHEMBL1936,1.0,1.0,0.871,3154,False
Cc1cc2nc(C3CC3)n(-c3ccc4c(N)nc(N)nc4c3)c2cc1C,CHEMBL202,1.0,1.0,0.727,1231,False
Cc1cc2nc(CCNC(=O)c3ccc(-n4cncn4)cc3Cl)[nH]c2cc1C,CHEMBL2016,1.0,1.0,0.746,931,False
Cc1cc2nc(CN3CCOCC3)[nH]c2cc1Nc1nc(-c2cccnc2)cs1,CHEMBL1936,1.0,1.0,0.696,3154,False
Cc1cc2ncc(CN3CCN(c4ccc(C(=O)NC5CC5)nc4)[C@@H]4C[C@@H]43)cc2[nH]c1=O,CHEMBL3105,1.0,1.0,0.838,4466,False
Cc1ccc(-c2c(C)noc2C)cc1S(=O)(=O)N1CCNCC1,CHEMBL1163125,2.0,2.0,0.804,9315,False
Cc1ccc(-c2c(C)noc2C)cc1S(=O)(=O)N1CCNCC1,CHEMBL1795186,3.0,3.0,0.804,972,False
Cc1ccc(-c2c(C)noc2C)cc1S(=O)(=O)N1CCNCC1,CHEMBL1293289,1.0,1.0,0.804,905,False
Cc1ccc(-c2c(N)ncnc2N2CCC(c3nc(-c4ccc(F)c(C(F)(F)F)c4)cn3C)CC2)cn1,CHEMBL4501,1.0,1.0,0.866,1918,False
Cc1ccc(-c2c(N)ncnc2N2CCC(c3nc(-c4ccc(F)c(C(F)(F)F)c4)cn3C)CC2)cn1,CHEMBL4282,2.0,2.0,0.851,3688,False
Cc1ccc(-c2c[nH]c3cc(F)ccc23)cn1,CHEMBL2140,2.0,1.0,0.604,983,False
Cc1ccc(-c2cc(-c3ccc4c(c3)OCO4)n3c(n2)nc2ccccc23)cc1,CHEMBL1974,1.0,1.0,0.589,4344,False
Cc1ccc(-c2cc(Br)ccc2OCc2ccc(F)cc2F)n1-c1cccc(-c2nc3ccccc3[nH]2)c1,CHEMBL1811,1.0,1.0,0.708,771,False
Cc1ccc(-c2cc(C(F)(F)F)ccc2[C@H]2CCOc3cc(S(=O)(=O)Nc4ccncn4)ccc32)cn1,CHEMBL4296,1.0,1.0,0.806,7797,False
Cc1ccc(-c2cc(C(F)(F)F)ccc2[C@H]2CCOc3cc(S(=O)(=O)Nc4ccncn4)ccc32)cn1,CHEMBL1980,2.0,2.0,0.763,1446,False
Cc1ccc(-c2cc(C(N)=O)c3[nH]c4cc(N5CCOCC5)ccc4c3c2)cn1,CHEMBL2971,1.0,1.0,0.712,12637,False
Cc1ccc(-c2cc(C(N)=O)c3[nH]c4cc(N5CCOCC5)ccc4c3c2)cn1,CHEMBL2835,4.0,4.0,0.712,10399,False
Cc1ccc(-c2cc(C(N)=O)c3[nH]c4cc(N5CCOCC5)ccc4c3c2)cn1,CHEMBL2148,3.0,3.0,0.712,7416,False
Cc1ccc(-c2cc(C(N)=O)c3[nH]c4cc(N5CCOCC5)ccc4c3c2)cn1,CHEMBL3553,2.0,2.0,0.712,6084,False
Cc1ccc(-c2cc3c(-c4ccccn4)ccc(C(N)=O)c3[nH]2)cc1,CHEMBL5251,1.0,1.0,0.692,9782,False
Cc1ccc(-c2ccn(-c3ccc4c5c(n(C)c4c3)CC3CCC5N3)c(=O)c2)cn1,CHEMBL344,1.0,1.0,0.758,3656,False
Cc1ccc(-c2nc(C)c(Cl)c(OCCCN3CCCCC3)n2)cc1,CHEMBL240,1.0,1.0,0.809,10985,False
Cc1ccc(-c2nc(N)nc3c2C(=O)N(C)C3=Cc2ccc(F)cc2C(F)(F)F)o1,CHEMBL251,1.0,1.0,0.6,6698,False
Cc1ccc(-c2nc(N)nc3c2C(=O)N(C)C3=Cc2ccc(F)cc2F)o1,CHEMBL251,1.0,1.0,0.576,6698,False
Cc1ccc(-c2nc(N)nc3c2C(=O)N(C)C3=Cc2ccccc2C(F)(F)F)o1,CHEMBL251,1.0,1.0,0.582,6698,False
Cc1ccc(-c2nc(N)nc3c2C(=O)N(C)C3=Cc2ccccc2F)o1,CHEMBL251,1.0,1.0,0.562,6698,False
Cc1ccc(-c2nc(N)nc3c2C(=O)N(C)C3=Cc2ccccc2OC(F)(F)F)o1,CHEMBL251,1.0,1.0,0.6,6698,False
Cc1ccc(-c2ncccn2)c(C(=O)N2CCC[C@@]2(C)c2nc3c(C)c(Cl)ccc3[nH]2)c1,CHEMBL5113,2.0,2.0,0.833,7217,False
Cc1ccc(-c2ncccn2)c(C(=O)N2CCC[C@@]2(C)c2nc3c(C)c(Cl)ccc3[nH]2)c1,CHEMBL4792,1.0,1.0,0.833,7613,False
Cc1ccc(-c2ncccn2)c(C(=O)N2CCC[C@@]2(C)c2nc3cc(Br)cc(C)c3[nH]2)c1,CHEMBL5113,1.0,1.0,0.735,7217,False
Cc1ccc(-c2ncccn2)c(C(=O)N2CCC[C@@]2(C)c2nc3cc(Br)cc(C)c3[nH]2)c1,CHEMBL4792,2.0,2.0,0.735,7613,False
Cc1ccc(-c2ncccn2)c(C(=O)N2CCC[C@@]2(C)c2nc3cc(C(F)(F)F)c(Cl)cc3[nH]2)c1,CHEMBL5113,1.0,1.0,0.814,7217,False
Cc1ccc(-c2ncccn2)c(C(=O)N2CCC[C@@]2(C)c2nc3cc(C(F)(F)F)c(Cl)cc3[nH]2)c1,CHEMBL4792,2.0,2.0,0.814,7613,False
Cc1ccc(-c2ncccn2)c(C(=O)N2CCC[C@@]2(C)c2nc3cc(C)c(C)cc3[nH]2)c1,CHEMBL5113,1.0,1.0,0.79,7217,False
Cc1ccc(-c2ncccn2)c(C(=O)N2CCC[C@@]2(C)c2nc3cc(C)c(C)cc3[nH]2)c1,CHEMBL4792,2.0,2.0,0.79,7613,False
Cc1ccc(-c2ncccn2)c(C(=O)N2CCC[C@@]2(C)c2nc3cc(F)c(Br)cc3[nH]2)c1,CHEMBL5113,1.0,1.0,0.732,7217,False
Cc1ccc(-c2ncccn2)c(C(=O)N2CCC[C@@]2(C)c2nc3cc(F)c(Br)cc3[nH]2)c1,CHEMBL4792,2.0,2.0,0.732,7613,False
Cc1ccc(-c2ncccn2)c(C(=O)N2CCC[C@@]2(C)c2nc3cc(OC(F)(F)F)ccc3[nH]2)c1,CHEMBL5113,2.0,2.0,0.847,7217,False
Cc1ccc(-c2ncccn2)c(C(=O)N2CCC[C@@]2(C)c2nc3cc(OC(F)(F)F)ccc3[nH]2)c1,CHEMBL4792,1.0,1.0,0.847,7613,False
Cc1ccc(-c2ncccn2)c(C(=O)N2CCC[C@@]2(C)c2nc3ccc(F)c(F)c3[nH]2)c1,CHEMBL5113,2.0,2.0,0.616,7217,False
Cc1ccc(-c2ncccn2)c(C(=O)N2CCC[C@@]2(C)c2nc3ccc(F)c(F)c3[nH]2)c1,CHEMBL4792,1.0,1.0,0.616,7613,False
Cc1ccc(-c2ncccn2)c(C(=O)N2CCC[C@@]2(C)c2nc3cccc(C)c3[nH]2)c1,CHEMBL5113,2.0,2.0,0.647,7217,False
Cc1ccc(-c2ncccn2)c(C(=O)N2CCC[C@@]2(C)c2nc3cccc(C)c3[nH]2)c1,CHEMBL4792,1.0,1.0,0.647,7613,False
Cc1ccc(-c2nnc(NS(=O)(=O)[C@H](C)Cc3ncc(F)cn3)n2C2CCOCC2)o1,CHEMBL1628481,1.0,1.0,0.9,3358,False
Cc1ccc(-n2c(C)cc(/C=N/Nc3ccc([N+](=O)[O-])cn3)c2C)cc1,CHEMBL5857,82.0,68.0,0.368,717,False
Cc1ccc(-n2cnc3c(sc4ncc5c(c43)NCCO5)c2=O)cc1,CHEMBL3772,1.0,1.0,0.59,799,False
Cc1ccc(-n2cnc3c(sc4ncc5c(c43)NCCO5)c2=O)cc1,CHEMBL3227,2.0,2.0,0.548,2955,False
Cc1ccc(-n2cnc3c(sc4ncc5c(c43)NC[C@@H](C)O5)c2=O)cc1,CHEMBL3772,1.0,1.0,0.571,799,False
Cc1ccc(-n2cnc3c(sc4ncc5c(c43)NC[C@@H](C)O5)c2=O)cc1,CHEMBL3227,2.0,2.0,0.531,2955,False
Cc1ccc(-n2nc(-c3ccccc3Cl)c3ccc(C(=O)NC4(C)CCS(=O)(=O)C4)cc32)nc1,CHEMBL5853,1.0,1.0,0.76,1031,False
Cc1ccc(-n2nc(C(C)(C)C)cc2NC(=O)Nc2ccc(Oc3ccnc(Nc4ccc5c(c4)CC(=O)N5)n3)c3ccccc23)cc1,CHEMBL260,2.0,2.0,0.906,5079,False
Cc1ccc(-n2nc(C(C)(C)C)cc2NC(=O)Nc2ccc(Oc3ccnc(Nc4ccc5c(c4)CC(=O)N5)n3)c3ccccc23)cc1,CHEMBL267,3.0,3.0,0.906,3981,False
Cc1ccc(-n2nc(C(C)(C)C)cc2NC(=O)Nc2ccc(Oc3ccnc(Nc4ccc5c(c4)CC(=O)N5)n3)c3ccccc23)cc1,CHEMBL2599,1.0,1.0,0.906,5285,False
Cc1ccc(-n2nc(C(C)(C)C)cc2NC(=O)Nc2ccc(Oc3ccnc(Nc4ccc5c(c4)CC(=O)N5)n3)c3ccccc23)cc1,CHEMBL2850,4.0,4.0,0.806,1613,False
Cc1ccc(-n2nc(C(C)(C)C)cc2NC(=O)Nc2ccc(Oc3ccnc(Nc4ccc5c(c4)CC(=O)N5C)n3)c3ccccc23)cc1,CHEMBL260,1.0,1.0,0.793,5079,False
Cc1ccc(-n2nc(C(C)(C)C)cc2NC(=O)Nc2ccc(Oc3ccnc(Nc4ccc5c(c4)CC(=O)N5C)n3)c3ccccc23)cc1,CHEMBL267,5.0,5.0,0.762,3981,False
Cc1ccc(-n2nc(C(C)(C)C)cc2NC(=O)Nc2ccc(Oc3ccnc(Nc4ccc5c(c4)CC(=O)N5C)n3)c3ccccc23)cc1,CHEMBL2599,2.0,2.0,0.762,5285,False
Cc1ccc(-n2nc(C(C)(C)C)cc2NC(=O)Nc2ccc(Oc3ccnc(Nc4ccc5c(c4)CC(=O)N5C)n3)c3ccccc23)cc1,CHEMBL2850,4.0,4.0,0.762,1613,False
Cc1ccc(-n2nc(C(C)(C)C)cc2NC(=O)Nc2cccc3ccccc23)cc1,CHEMBL260,1.0,1.0,0.692,5079,False
Cc1ccc(-n2nc(C(C)(C)C)cc2NC(=O)Nc2cccc3ccccc23)cc1,CHEMBL5122,16.0,19.0,0.577,348,False
Cc1ccc(-n2nc(C(C)(C)C)cc2NC(=O)Nc2cccc3ccccc23)cc1C(=O)N(C)CCN,CHEMBL260,1.0,1.0,0.744,5079,False
Cc1ccc(-n2nc(C(C)(C)C)cc2NC(=O)Nc2cccc3ccccc23)cc1C(=O)N(CCCN)C(C)C,CHEMBL260,1.0,1.0,0.753,5079,False
Cc1ccc(-n2nc(C(C)(C)C)cc2NC(=O)Nc2cccc3ccccc23)cc1C(=O)NCC#N,CHEMBL260,1.0,1.0,0.775,5079,False
Cc1ccc(-n2nc(C(C)(C)C)cc2NC(=O)Nc2cccc3ccccc23)cc1C(=O)NCC(CC(C)C)C(N)=O,CHEMBL260,1.0,1.0,0.696,5079,False
Cc1ccc(-n2nc(C(C)(C)C)cc2NC(=O)Nc2cccc3ccccc23)cc1C(=O)NCCCO,CHEMBL260,1.0,1.0,0.808,5079,False
Cc1ccc(-n2nc(C(C)(C)C)cc2NC(=O)Nc2cccc3ccccc23)cc1C(=O)NC[C@@H](CO)C(C)C,CHEMBL260,1.0,1.0,0.724,5079,False
Cc1ccc(-n2nccn2)c(C(=O)N2CC3CC2CN(c2ncc4ccccc4n2)C3)c1,CHEMBL5113,1.0,1.0,0.71,7217,False
Cc1ccc(-n2nccn2)c(C(=O)N2CC3CC2CN(c2ncc4ccccc4n2)C3)c1,CHEMBL4792,2.0,2.0,0.71,7613,False
Cc1ccc(C(=O)C[C@@H](Nc2ccc([N+](=O)[O-])cc2)c2cccc(F)c2)cc1,CHEMBL208,2.0,2.0,1.0,1947,True
Cc1ccc(C(=O)C[C@@H](Nc2ccc([N+](=O)[O-])cc2)c2cccc(F)c2)cc1,CHEMBL1871,1.0,1.0,1.0,2952,True
Cc1ccc(C(=O)N2CCC(F)(CNCc3cccc(N(C)C)n3)CC2)cc1Cl,CHEMBL214,1.0,1.0,0.638,5809,False
Cc1ccc(C(=O)NO)cc1NCCc1ccccc1,CHEMBL3192,1.0,1.0,0.854,3069,False
Cc1ccc(C(=O)Nc2n[nH]c3c2CN(C(=O)N2C[C@@H](C)N(C4CCOCC4)C[C@@H]2C)C3(C)C)nc1,CHEMBL3045,1.0,1.0,0.787,728,False
Cc1ccc(C(C(=O)NCC2CCCO2)N(C(=O)c2snc(C(N)=O)c2N)c2ccc3c(c2)OCCO3)cc1,CHEMBL6089,1.0,1.0,0.659,328,False
Cc1ccc(C(CO)NC(=O)c2ccc(NC(=O)N3Cc4ccc(C#N)cc4C3)cc2)cc1,CHEMBL1744525,1.0,1.0,0.733,4583,False
Cc1ccc(C)c(-c2ncnc3c2cnn3CCN2CCCCC2)c1,CHEMBL287,1.0,1.0,0.736,3166,False
Cc1ccc(C)c(CSc2nc(C3CCCCC3)c(C#N)c(=O)[nH]2)c1,CHEMBL2029198,1.0,1.0,0.98,102,False
Cc1ccc(C)c(N/N=C(\c2ccc(C(=O)O)cc2)c2cc3c(cc2C)C(C)(C)CCC3(C)C)c1,CHEMBL5398,14.0,12.0,0.536,61,False
Cc1ccc(C)c(NC(=O)CSc2sc3c(O)cc(O)nc3c2C#N)c1,CHEMBL1795098,5.0,1.0,0.683,1001,False
Cc1ccc(CC(=O)Nc2cncc(C(=O)c3cn(C(C)(C)CO)c4nc(N)ncc34)c2)nc1,CHEMBL2815,1.0,1.0,0.743,4872,False
Cc1ccc(CC(=O)Nc2nnc(CCCCc3nnc(N)s3)s2)cc1,CHEMBL2146302,1.0,1.0,0.75,1424,False
Cc1ccc(CC2(O)CCN(C[C@@H](O)Cc3ccc(O)cc3)CC2)cc1,CHEMBL229,22.0,27.0,0.315,1882,False
Cc1ccc(CC2(O)CCN(C[C@H](O)Cc3ccc(O)cc3)CC2)cc1,CHEMBL229,22.0,27.0,0.315,1882,False
Cc1ccc(CCCOC(=O)C[N+]2(C)CCCCC2)cc1,CHEMBL1741179,11.0,3.0,0.604,469,False
Cc1ccc(CCCOC(=O)C[N+]2(C)CCCCC2)cc1,CHEMBL1741217,4.0,2.0,0.604,921,False
Cc1ccc(CCN2CCn3c(nc4ccccc43)C2)cc1,CHEMBL5137,1.0,1.0,0.696,1873,False
Cc1ccc(CN(C)CC2(F)CCN(C(=O)c3ccc(F)c(Cl)c3)CC2)nc1,CHEMBL214,1.0,1.0,0.612,5809,False
Cc1ccc(CN2C(=S)N(c3ccc(C(C)(C)C)cc3)C(=O)C2(C)C)cc1C,CHEMBL3622,9.0,3.0,0.478,1617,False
Cc1ccc(CN2C(=S)N(c3ccc(C(C)(C)C)cc3)C(=O)C2(C)C)cc1C,CHEMBL1741208,4.0,1.0,0.478,657,False
Cc1ccc(CNC(=O)C2CN(c3ncnn4cc(C5=CCN(C(=O)N6CCCC6)CC5)cc34)C2)cc1,CHEMBL1936,1.0,1.0,0.845,3154,False
Cc1ccc(CNC2CC2c2ccc(C(=O)NCc3ccccc3)cc2)cc1,CHEMBL1951,1.0,1.0,0.722,3112,False
Cc1ccc(CNCC2(F)CCN(C(=O)c3ccc(Cl)c(Cl)c3)CC2)nc1,CHEMBL214,1.0,1.0,0.754,5809,False
Cc1ccc(CNCC2(F)CCN(C(=O)c3ccc(F)c(Cl)c3)CC2)nc1,CHEMBL214,1.0,1.0,0.8,5809,False
Cc1ccc(CNCC2(F)CCN(C(=O)c3ccc(F)c(Cl)c3)CC2)nc1,CHEMBL217,3.0,3.0,0.627,9217,False
Cc1ccc(CNCC2(F)CCN(C(=O)c3ccc(F)c(Cl)c3)CC2)nc1,CHEMBL234,4.0,4.0,0.627,6166,False
Cc1ccc(CNCC2(F)CCN(C(=O)c3ccc(F)c(Cl)c3)CC2)nc1,CHEMBL219,2.0,2.0,0.627,2981,False
Cc1ccc(CNCC2(F)CCN(C(=O)c3ccc(F)c(Cl)c3)CC2)nc1N(C)C,CHEMBL214,1.0,1.0,0.712,5809,False
Cc1ccc(CNCC2(F)CCN(C(=O)c3ccccc3)CC2)nc1,CHEMBL214,1.0,1.0,0.789,5809,False
Cc1ccc(CNCC2(O)CCN(C(=O)c3ccc(F)c(Cl)c3)CC2)nc1,CHEMBL214,1.0,1.0,0.712,5809,False
Cc1ccc(CS(=O)(=O)c2ncc(Cl)c(C(=O)Nc3nnc(C(C)C)s3)n2)cc1,CHEMBL6089,15.0,6.0,0.522,328,False
Cc1ccc(CSc2nc(C3CCCCC3)c(C#N)c(=O)[nH]2)c(C)c1,CHEMBL2029198,1.0,1.0,0.836,102,False
Cc1ccc(CSc2nc(C3CCCCC3)c(C#N)c(=O)[nH]2)cc1,CHEMBL2029198,3.0,1.0,0.732,102,False
Cc1ccc(C[C@@H](N)C(=O)N2CCN(c3ncnc4ccccc34)CC2)cc1,CHEMBL4282,1.0,1.0,0.815,3688,False
Cc1ccc(C[C@@H](N)C(=O)N2CCN(c3ncnc4ccccc34)CC2)cc1,CHEMBL2431,3.0,3.0,0.815,1139,False
Cc1ccc(C[C@@H](N)C(=O)N2CCN(c3ncnc4ccccc34)CC2)cc1,CHEMBL4816,2.0,2.0,0.815,468,False
Cc1ccc(Cc2cc([C@@H]3O[C@H](CO)[C@@H](O)[C@H](O)[C@H]3O)c3c(c2Cl)OCCC3)cc1,CHEMBL3884,1.0,1.0,0.893,1463,False
Cc1ccc(Cc2cc([C@@H]3O[C@H](CO)[C@@H](O)[C@H](O)[C@H]3O)c3c(c2Cl)OCCC3)cc1,CHEMBL4979,2.0,2.0,0.862,1285,False
Cc1ccc(Cl)c(-c2ncnc3c2cnn3CCN2CCCCC2)c1,CHEMBL287,1.0,1.0,0.649,3166,False
Cc1ccc(Cl)cc1NC(=O)CSc1sc2c(O)cc(O)nc2c1C#N,CHEMBL1795098,5.0,1.0,0.662,1001,False
Cc1ccc(Cn2c(-c3ccc(C)cc3)nn(C(=O)Nc3ccc(Cl)cc3)c2=O)cc1,CHEMBL218,1.0,1.0,0.686,5877,False
Cc1ccc(Cn2ncc(N3CCNCC3)c(Cl)c2=O)cc1NC(=O)c1ccc(-c2ccccc2)cc1,CHEMBL1898,136.0,208.0,0.314,1151,False
Cc1ccc(Cn2ncc(N3CCNCC3)c(Cl)c2=O)cc1NC(=O)c1ccc(-c2ccccc2)cc1,CHEMBL1983,135.0,207.0,0.314,1314,False
Cc1ccc(Cn2ncc(N3CCNCC3)c(Cl)c2=O)cc1NC(=O)c1ccc(-c2ccccc2)cc1,CHEMBL224,2.0,3.0,0.602,6081,False
Cc1ccc(Cn2ncc(N3CCNCC3)c(Cl)c2=O)cc1NC(=O)c1ccc(-c2ccccc2)cc1,CHEMBL1833,3.0,4.0,0.602,2154,False
Cc1ccc(Cn2ncc(N3CCNCC3)c(Cl)c2=O)cc1NC(=O)c1ccc(-c2ccccc2)cc1,CHEMBL225,1.0,2.0,0.602,3966,False
Cc1ccc(Cn2ncc(N3CCNCC3)c(Cl)c2=O)cc1NC(=O)c1ccc(-c2ccccc2)cc1,CHEMBL3371,134.0,206.0,0.314,4324,False
Cc1ccc(Cn2ncc(N3CCNCC3)c(Cl)c2=O)cc1NC(=O)c1ccc(-c2ccccc2)cc1,CHEMBL232,278.0,437.0,0.284,1455,False
Cc1ccc(Cn2ncc(N3CCNCC3)c(Cl)c2=O)cc1NC(=O)c1ccc(-c2ccccc2)cc1,CHEMBL210,114.0,168.0,0.321,2135,False
Cc1ccc(Cn2ncc(N3CCNCC3)c(Cl)c2=O)cc1NC(=O)c1ccc(-c2ccccc2)cc1,CHEMBL217,86.0,134.0,0.333,9217,False
Cc1ccc(Cn2ncc(N3CCNCC3)c(Cl)c2=O)cc1NC(=O)c1ccc(-c2ccccc2)cc1,CHEMBL234,81.0,129.0,0.333,6166,False
Cc1ccc(Cn2ncc(N3CCNCC3)c(Cl)c2=O)cc1NC(=O)c1ccc(-c2ccccc2)cc1,CHEMBL5850,5.0,1.0,0.617,148,False
Cc1ccc(F)cc1-c1ccc2cc(Nc3cc(CO)ccn3)ncc2c1,CHEMBL1862,1.0,1.0,0.741,3101,False
Cc1ccc(F)cc1N1CC(C)(C)N(C[C@H](N)[C@@H](O)C[C@H](C(=O)N[C@H]2C3CC4CC2C[C@](O)(C4)C3)C(C)C)CC1=O,CHEMBL286,1.0,1.0,0.633,2967,False
Cc1ccc(N(C)C(=O)OC(C)(C)C)c(F)c1-c1cnc2nc(NC(=O)C3C[C@@H]3F)sc2c1,CHEMBL1862,1.0,1.0,0.803,3101,False
Cc1ccc(N(C)C)nc1CNCC1(F)CCN(C(=O)c2ccc(F)c(Cl)c2)CC1,CHEMBL214,1.0,1.0,0.735,5809,False
Cc1ccc(N2CC(C(=O)Nc3ccc(-c4n[nH]c(=O)c5ccccc45)cc3)CC2=O)cc1,CHEMBL3231,2.0,2.0,0.705,2738,False
Cc1ccc(N2CC(C(=O)Nc3ccc(-c4n[nH]c(=O)c5ccccc45)cc3)CC2=O)cc1,CHEMBL2973,1.0,1.0,0.705,5292,False
Cc1ccc(N2C[C@H](C(=O)NCc3n[nH]c(=O)c4ccccc34)CC2=O)cc1C,CHEMBL4191,7.0,9.0,0.398,2112,False
Cc1ccc(NC(=O)N2CC[C@@H](CC(F)(F)F)C2)cc1-c1cc(N2CCOCC2)nc(NC2CCC(F)(F)C2)n1,CHEMBL1906,1.0,1.0,0.738,2781,False
Cc1ccc(NC(=O)N2CC[C@@H](CC(F)(F)F)C2)cc1-c1cc(N2CCOCC2)nc(NC2CCC(O)C2)n1,CHEMBL1906,1.0,1.0,0.735,2781,False
Cc1ccc(NC(=O)Nc2cc(Cl)cc(C(F)(F)F)c2)cc1-c1nc2c(cnn2Cc2ccccc2)[nH]1,CHEMBL1906,1.0,1.0,0.819,2781,False
Cc1ccc(NC(=O)c2cc(C(C)C)on2)cc1,CHEMBL1293232,2.0,1.0,0.619,38,False
Cc1ccc(NC(=O)c2cccc(C(F)(F)F)c2)cc1N1Cc2cnc(Nc3cnn(C)c3)nc2N(C)C1=O,CHEMBL4599,2.0,2.0,0.851,799,False
Cc1ccc(NC(=O)c2cccc(C(F)(F)F)c2)cc1N1Cc2cnc(Nc3cnn(C)c3)nc2N(C)C1=O,CHEMBL5330,6.0,3.0,0.851,608,False
Cc1ccc(NC(=O)c2cccc(C(F)(F)F)c2)cc1NC(=O)c1ccc2nccnc2c1,CHEMBL5145,1.0,1.0,0.804,5743,False
Cc1ccc(Nc2nc(N)c([N+](=O)[O-])c(N3CCC(C)CC3)n2)cc1C,CHEMBL1741176,296.0,25.0,0.32,584,False
Cc1ccc(O)c(C(=O)c2cnn(C(=O)COc3ccc(Cl)cc3)c2)c1,CHEMBL1795098,1643.0,151.0,0.292,1001,False
Cc1ccc(O)c(C(=O)c2cnn(C(=O)COc3ccc(Cl)cc3)c2)c1,CHEMBL1615382,1421.0,1210.0,0.235,209,False
Cc1ccc(O)c(C(=O)c2cnn(C(=O)COc3ccc(Cl)cc3)c2)c1,CHEMBL1615387,1296.0,1209.0,0.235,156,False
Cc1ccc(O)c2c3c(nn12)CCC(C)(NC(=O)c1ccc(-n2ccnn2)cc1)C3,CHEMBL2016,1.0,1.0,0.766,931,False
Cc1ccc(O)c2c3c(nn12)CCC(C)(NC(=O)c1ccc(-n2ccnn2)cc1Cl)C3,CHEMBL2016,1.0,1.0,0.817,931,False
Cc1ccc(OC(=O)N(CC(=O)O)Cc2cccc(OCc3nc(-c4ccc(Cl)cc4)sc3C)c2)cc1,CHEMBL239,2.0,2.0,0.797,2834,False
Cc1ccc(OC(=O)N(CC(=O)O)Cc2cccc(OCc3nc(-c4ccc(Cl)cc4)sc3C)c2)cc1,CHEMBL235,1.0,1.0,0.797,4321,False
Cc1ccc(OC(=O)N(CC(=O)O)Cc2cccc(OCc3nc(-c4ccc(Cl)cc4)sc3C)c2)cc1,CHEMBL3397,3.0,3.0,0.797,2945,False
Cc1ccc(OC(=O)N(CC(=O)O)Cc2cccc(OCc3nc(-c4ccc(Cl)cc4)sc3C)c2)cc1,CHEMBL240,4.0,4.0,0.736,10985,False
Cc1ccc(Oc2ccc(CN3CCC(O)=C(C(=O)NCC(=O)O)C3=O)nc2)cc1,CHEMBL5697,1.0,1.0,0.806,1921,False
Cc1ccc(Oc2ccc(CN3CCC(O)=C(C(=O)NCC(=O)[O-])C3=O)nc2)cc1,CHEMBL5697,1.0,1.0,0.687,1921,False
Cc1ccc(Oc2nc3ccc(C)cc3cc2/C=N/NC(=O)Cn2c([N+](=O)[O-])cnc2C)cc1,CHEMBL203,2.0,2.0,0.479,11022,False
Cc1ccc(Oc2nc3ccccc3cc2/C=N/NC(=O)Cn2c([N+](=O)[O-])cnc2C)cc1,CHEMBL203,1.0,1.0,0.466,11022,False
Cc1ccc(S(=O)(=O)C[C@H]2C[C@@H](N(C)c3ncnc4[nH]ccc34)C2)cn1,CHEMBL2835,4.0,4.0,0.768,10399,False
Cc1ccc(S(=O)(=O)C[C@H]2C[C@@H](N(C)c3ncnc4[nH]ccc34)C2)cn1,CHEMBL2971,2.0,2.0,0.772,12637,False
Cc1ccc(S(=O)(=O)C[C@H]2C[C@@H](N(C)c3ncnc4[nH]ccc34)C2)cn1,CHEMBL2148,1.0,1.0,0.772,7416,False
Cc1ccc(S(=O)(=O)C[C@H]2C[C@@H](N(C)c3ncnc4[nH]ccc34)C2)cn1,CHEMBL3553,3.0,3.0,0.772,6084,False
Cc1ccc(S(=O)(=O)N(C)c2nc3ccccc3c(=O)o2)cc1,CHEMBL4611,7.0,2.0,0.66,59,False
Cc1ccc(S(=O)(=O)N(C)c2nc3ccccc3c(=O)o2)cc1,CHEMBL209,1.0,1.0,0.66,1336,False
Cc1ccc(S(=O)(=O)NC(=O)c2ccc(CN3CCC(N[C@@H]4C[C@H]4c4ccccc4)CC3)cc2)cc1,CHEMBL6136,1.0,1.0,0.758,3886,False
Cc1ccc(S(=O)(=O)NC(CS(=O)(=O)c2ccc(Oc3ccccc3)cc2)C(=O)NO)cc1,CHEMBL280,1.0,1.0,0.731,2826,False
Cc1ccc(S(=O)(=O)N[C@@H](CC(=O)NC(C)(C)C)C(=O)NCCNC(=O)Nc2ccccc2)cc1,CHEMBL5620,2.0,2.0,0.78,476,False
Cc1ccc(S(=O)(=O)Nc2cc(Br)ccc2C(=O)N2CCCCC2)c2nsnc12,CHEMBL298,1.0,1.0,0.635,1500,False
Cc1ccc(S(=O)(=O)Nc2ccc(-c3ncnc4cc(-c5ccc(F)cc5)sc34)cc2)cc1,CHEMBL1936,1.0,1.0,0.741,3154,False
Cc1ccc(S(=O)(=O)Oc2ccc(S3(=O)=N[Se]c4cc(OS(=O)(=O)c5ccc(C)cc5)ccc43)cc2)cc1,CHEMBL235,1.0,1.0,0.64,4321,False
Cc1ccc(S(=O)(=O)[C@H]2CC[C@@](CNC(=O)c3ccc(Cl)cc3Cl)(CC3CC3)CC2)nn1,CHEMBL2337,1.0,1.0,0.746,1047,False
Cc1ccc(Sc2ccc3c(-c4c(Cl)cccc4Cl)c(=O)ncn3n2)c(C)c1,CHEMBL260,3.0,4.0,0.319,5079,False
Cc1ccc(Sc2ccc3c(-c4c(Cl)cccc4Cl)c(=O)ncn3n2)cc1,CHEMBL260,1.0,2.0,0.35,5079,False
Cc1ccc(Sc2ccc3c(-c4c(Cl)cccc4Cl)c(=O)ncn3n2)cc1C,CHEMBL260,2.0,2.0,0.355,5079,False
Cc1ccc([C@H]2C[C@@H]2COc2nc(C)ncc2-c2cc(C)c(=O)n(C)n2)nc1,CHEMBL4409,1.0,1.0,0.73,5483,False
Cc1ccc([C@H]2C[C@@H]2COc2nc(C)ncc2-c2nn(C)c(=O)cc2C)nc1,CHEMBL4409,1.0,1.0,0.73,5483,False
Cc1ccc2[nH]c(-c3n[nH]cc3Nc3cc(Cl)nc(C)n3)nc2c1,CHEMBL2185,1.0,1.0,0.662,2659,False
Cc1ccc2[nH]c(-c3n[nH]cc3Nc3cc(Cl)nc(C)n3)nc2c1,CHEMBL4722,2.0,2.0,0.662,3456,False
Cc1ccc2[nH]c(-c3n[nH]cc3Nc3cc(Cl)nc(S(C)(=O)=O)n3)nc2c1,CHEMBL2185,2.0,2.0,0.686,2659,False
Cc1ccc2[nH]c(-c3n[nH]cc3Nc3cc(Cl)nc(S(C)(=O)=O)n3)nc2c1,CHEMBL4722,1.0,1.0,0.686,3456,False
Cc1ccc2c(-c3ccnc(Nc4ccc(C(F)(F)F)cc4)n3)cnn2n1,CHEMBL262,2.0,2.0,0.639,5430,False
Cc1ccc2c(-c3ccnc(Nc4ccc(C(F)(F)F)cc4)n3)cnn2n1,CHEMBL301,3.0,3.0,0.639,2596,False
Cc1ccc2c(-c3ccnc(Nc4cccc(C(F)(F)F)c4)n3)cnn2n1,CHEMBL301,2.0,2.0,0.767,2596,False
Cc1ccc2c(-c3ccnc(Nc4cccc(C(F)(F)F)c4)n3)cnn2n1,CHEMBL331,3.0,3.0,0.625,1424,False
Cc1ccc2c(-c3nnc(SCCC(C)N4CCc5cc6nc(C(F)(F)F)oc6c(Br)c5CC4)n3C)cccc2n1,CHEMBL240,2.0,2.0,0.823,10985,False
Cc1ccc2c(-c3nnc(SCCC(C)N4CCc5cc6nc(C(F)(F)F)oc6c(Br)c5CC4)n3C)cccc2n1,CHEMBL234,1.0,1.0,0.823,6166,False
Cc1ccc2c(-c3nnc(SCCC(C)N4CCc5cc6nc(C(F)(F)F)oc6c(C)c5CC4)n3C)cccc2n1,CHEMBL240,2.0,2.0,0.818,10985,False
Cc1ccc2c(-c3nnc(SCCC(C)N4CCc5cc6nc(C(F)(F)F)oc6c(C)c5CC4)n3C)cccc2n1,CHEMBL234,1.0,1.0,0.818,6166,False
Cc1ccc2c(-c3nnc(SCCC(C)N4CCc5cc6nc(C)oc6c(Br)c5CC4)n3C)cccc2n1,CHEMBL231,4.0,4.0,0.667,1704,False
Cc1ccc2c(-c3nnc(SCCC(C)N4CCc5cc6nc(C)oc6c(Br)c5CC4)n3C)cccc2n1,CHEMBL240,1.0,1.0,0.811,10985,False
Cc1ccc2c(-c3nnc(SCCC(C)N4CCc5cc6nc(C)oc6c(Br)c5CC4)n3C)cccc2n1,CHEMBL234,2.0,2.0,0.811,6166,False
Cc1ccc2c(-c3nnc(SCCC(C)N4CCc5cc6nc(C)oc6c(C)c5CC4)n3C)cccc2n1,CHEMBL240,2.0,2.0,0.806,10985,False
Cc1ccc2c(-c3nnc(SCCC(C)N4CCc5cc6nc(C)oc6c(C)c5CC4)n3C)cccc2n1,CHEMBL234,1.0,1.0,0.806,6166,False
Cc1ccc2c(-c3nnc(SCCCN4CCc5cc6nc(C(C)(C)C)oc6c(Br)c5CC4)n3C)cccc2n1,CHEMBL231,1.0,1.0,0.857,1704,False
Cc1ccc2c(-c3nnc(SCCCN4CCc5cc6nc(C(C)(C)C)oc6c(Br)c5CC4)n3C)cccc2n1,CHEMBL240,3.0,3.0,0.857,10985,False
Cc1ccc2c(-c3nnc(SCCCN4CCc5cc6nc(C(C)(C)C)oc6c(Br)c5CC4)n3C)cccc2n1,CHEMBL234,4.0,4.0,0.857,6166,False
Cc1ccc2c(-c3nnc(SCCCN4CCc5cc6nc(C(C)(C)C)oc6c(C)c5CC4)n3C)cccc2n1,CHEMBL231,1.0,1.0,0.853,1704,False
Cc1ccc2c(-c3nnc(SCCCN4CCc5cc6nc(C(C)(C)C)oc6c(C)c5CC4)n3C)cccc2n1,CHEMBL240,2.0,2.0,0.853,10985,False
Cc1ccc2c(-c3nnc(SCCCN4CCc5cc6nc(C(C)(C)C)oc6c(C)c5CC4)n3C)cccc2n1,CHEMBL234,3.0,3.0,0.853,6166,False
Cc1ccc2c(-c3nnc(SCCCN4CCc5cc6nc(C(C)(C)C)oc6cc5CC4)n3C)cccc2n1,CHEMBL234,1.0,1.0,0.77,6166,False
Cc1ccc2c(-c3nnc(SCCCN4CCc5cc6nc(C(C)(C)C)oc6cc5CC4)n3C)cccc2n1,CHEMBL240,2.0,2.0,0.77,10985,False
Cc1ccc2c(-c3nnc(SCCCN4CCc5cc6nc(C(C)(F)F)oc6cc5CC4)n3C)cccc2n1,CHEMBL234,2.0,2.0,0.766,6166,False
Cc1ccc2c(-c3nnc(SCCCN4CCc5cc6nc(C(C)(F)F)oc6cc5CC4)n3C)cccc2n1,CHEMBL240,1.0,1.0,0.766,10985,False
Cc1ccc2c(-c3nnc(SCCCN4CCc5cc6nc(C(C)C)oc6cc5CC4)n3C)cccc2n1,CHEMBL234,2.0,2.0,0.77,6166,False
Cc1ccc2c(-c3nnc(SCCCN4CCc5cc6nc(C(C)C)oc6cc5CC4)n3C)cccc2n1,CHEMBL240,1.0,1.0,0.77,10985,False
Cc1ccc2c(-c3nnc(SCCCN4CCc5cc6nc(C(F)(F)C(F)(F)F)oc6cc5CC4)n3C)cccc2n1,CHEMBL234,3.0,3.0,0.782,6166,False
Cc1ccc2c(-c3nnc(SCCCN4CCc5cc6nc(C(F)(F)C(F)(F)F)oc6cc5CC4)n3C)cccc2n1,CHEMBL240,2.0,2.0,0.782,10985,False
Cc1ccc2c(-c3nnc(SCCCN4CCc5cc6nc(C(F)(F)F)oc6cc5CC4)n3C)cccc2n1,CHEMBL234,3.0,3.0,0.776,6166,False
Cc1ccc2c(-c3nnc(SCCCN4CCc5cc6nc(C(F)(F)F)oc6cc5CC4)n3C)cccc2n1,CHEMBL240,2.0,2.0,0.776,10985,False
Cc1ccc2c(-c3nnc(SCCCN4CCc5cc6nc(C)oc6c(Br)c5CC4)n3C)cccc2n1,CHEMBL240,1.0,1.0,0.957,10985,False
Cc1ccc2c(-c3nnc(SCCCN4CCc5cc6nc(C)oc6c(Br)c5CC4)n3C)cccc2n1,CHEMBL234,2.0,2.0,0.957,6166,False
Cc1ccc2c(-c3nnc(SCCCN4CCc5cc6nc(C)oc6c(C)c5CC4)n3C)cccc2n1,CHEMBL240,3.0,3.0,0.955,10985,False
Cc1ccc2c(-c3nnc(SCCCN4CCc5cc6nc(C)oc6c(C)c5CC4)n3C)cccc2n1,CHEMBL234,2.0,2.0,0.955,6166,False
Cc1ccc2c(-c3nnc(SCCCN4CCc5cc6nc(C)oc6cc5CC4)n3C)cccc2n1,CHEMBL234,1.0,1.0,0.905,6166,False
Cc1ccc2c(-c3nnc(SCCCN4CCc5cc6nc(CC(F)(F)F)oc6cc5CC4)n3C)cccc2n1,CHEMBL234,1.0,1.0,0.789,6166,False
Cc1ccc2c(-c3nnc(SCCCN4CCc5cc6nc(CC(F)(F)F)oc6cc5CC4)n3C)cccc2n1,CHEMBL240,2.0,2.0,0.789,10985,False
Cc1ccc2c(-c3nnc(SCCCN4CCc5cc6nc(N(C)C)oc6cc5CC4)n3C)cccc2n1,CHEMBL234,1.0,1.0,0.781,6166,False
Cc1ccc2c(-c3nnc(SCCCN4CCc5cc6nc(N(C)C)oc6cc5CC4)n3C)cccc2n1,CHEMBL240,2.0,2.0,0.781,10985,False
Cc1ccc2c(-c3nnc(SCCCN4CCc5cc6ncoc6cc5CC4)n3C)cccc2n1,CHEMBL234,1.0,1.0,0.768,6166,False
Cc1ccc2c(-c3nnc(SCCCN4CCc5cc6ncoc6cc5CC4)n3C)cccc2n1,CHEMBL231,2.0,2.0,0.768,1704,False
Cc1ccc2c(-c3nnc(SCCCN4CCc5cc6ncoc6cc5CC4)n3C)cccc2n1,CHEMBL240,3.0,3.0,0.768,10985,False
Cc1ccc2c(N3CCN(C(=O)[C@H](N)Cc4ccc(Cl)cc4)CC3)ncnc2c1,CHEMBL4282,1.0,1.0,0.677,3688,False
Cc1ccc2c(c1)OCCC2NC(=O)c1ccc(C(F)(F)F)[nH]c1=O,CHEMBL2789,1.0,1.0,0.695,671,False
Cc1ccc2c(c1)c(-c1ccc(CO)nc1)c1n2C[C@@](NC(=O)c2ccc(-n3cnnc3)cc2Cl)(c2ccccc2)CC1,CHEMBL2016,1.0,1.0,0.817,931,False
Cc1ccc2c(c1)c(-c1cccnc1)c1n2C[C@@](NC(=O)c2ccc(-n3cnnc3)cc2Cl)(c2ccccc2)CC1,CHEMBL2016,1.0,1.0,0.87,931,False
Cc1ccc2c(c1)c(-c1cccnc1)c1n2C[C@@](NC(=O)c2ccc(-n3cnnc3C)cc2Cl)(c2ccccc2)CC1,CHEMBL2016,1.0,1.0,0.771,931,False
Cc1ccc2c(c1)c(-c1cncc(C(=O)O)c1)c1n2C[C@@](NC(=O)c2ccc(-n3cnnc3)cc2Cl)(c2ccccc2)CC1,CHEMBL2016,1.0,1.0,0.848,931,False
Cc1ccc2c(c1)c(-c1cncc(C(C)(C)O)c1)c1n2C[C@@](NC(=O)c2ccc(-n3cnnc3)cc2Cl)(c2ccccc2)CC1,CHEMBL2016,1.0,1.0,0.817,931,False
Cc1ccc2c(c1)c(-c1cncc(CO)c1)c1n2C[C@@](NC(=O)c2ccc(-n3cnnc3)cc2Cl)(c2ccccc2)CC1,CHEMBL2016,1.0,1.0,0.827,931,False
Cc1ccc2c(c1)c(-c1cncc(F)c1)c1n2C[C@@](NC(=O)c2ccc(-n3cnnc3)cc2Cl)(c2ccccc2)CC1,CHEMBL2016,1.0,1.0,0.859,931,False
Cc1ccc2c(c1)c(-c1cncc(N)c1)c1n2C[C@@](NC(=O)c2c(Cl)cc(-n3cnnc3)cc2Cl)(c2ccccc2)CC1,CHEMBL2016,2.0,2.0,0.753,931,False
Cc1ccc2c(c1)c(-c1cncc(N)c1)c1n2C[C@@](NC(=O)c2c(Cl)cc(-n3cnnc3)cc2Cl)(c2ccccc2)CC1,CHEMBL244,1.0,1.0,0.753,5906,False
Cc1ccc2c(c1)c(-c1cncc(N)c1)c1n2C[C@@](NC(=O)c2ccc(-n3cnnc3)cc2Cl)(c2ccccc2)CC1,CHEMBL2016,1.0,1.0,0.848,931,False
Cc1ccc2c(c1)c(-c1noc(C)n1)c1n2C[C@@](NC(=O)c2ccc(-n3cnnc3)cc2Cl)(c2ccccc2)CC1,CHEMBL2016,1.0,1.0,0.779,931,False
Cc1ccc2c(ncn2CCC[C@H]2NCCC[C@@H]2O)c1Cl,CHEMBL2638,1.0,1.0,0.655,89,False
Cc1ccc2c3c(nn2c1)CCC(C)(NC(=O)c1c(Cl)cc(-n2cc(CCO)nn2)cc1Cl)C3,CHEMBL2016,1.0,1.0,0.716,931,False
Cc1ccc2cc(C3CC(c4ccco4)=NN3C(=O)/C=C/C(=O)O)c(Cl)nc2c1,CHEMBL4714,3.0,1.0,0.548,320,False
Cc1ccc2cc(C3CC(c4ccco4)=NN3C(=O)CCC(=O)O)c(Cl)nc2c1,CHEMBL4714,1.0,1.0,0.766,320,False
Cc1ccc2cc(Cn3cc(C(=O)NCc4c(C)cc(N)nc4C)cn3)ccc2n1,CHEMBL2000,1.0,1.0,0.79,3740,False
Cc1ccc2cc(Cn3cc(C(=O)NCc4ccc(N)nc4C)cn3)ccc2n1,CHEMBL2000,1.0,1.0,0.705,3740,False
Cc1ccc2nc(Cl)c(C3CC(c4ccco4)=NN3C(=O)CCC(=O)O)cc2c1,CHEMBL4714,1.0,1.0,0.766,320,False
Cc1ccc2nc(NC(=O)CCCc3nc4ccccc4s3)sc2c1,CHEMBL1293249,322.0,110.0,0.406,121,False
Cc1ccc2nc(Oc3ccc(Cl)cc3)c(/C=N/NC(=O)Cn3c([N+](=O)[O-])cnc3C)cc2c1,CHEMBL203,1.0,1.0,0.48,11022,False
Cc1ccc2nc(Oc3ccc(F)cc3)c(/C=N/NC(=O)Cn3c([N+](=O)[O-])cnc3C)cc2c1,CHEMBL203,2.0,2.0,0.48,11022,False
Cc1ccc2nc(Oc3ccccc3)c(/C=N/NC(=O)Cn3c([N+](=O)[O-])cnc3C)cc2c1,CHEMBL203,2.0,2.0,0.459,11022,False
Cc1ccc2ncnc(N3CCN(C(=O)[C@H](N)Cc4ccc(Cl)cc4)CC3)c2c1,CHEMBL4282,1.0,1.0,0.758,3688,False
Cc1ccc2nsnc2c1S(=O)(=O)Nc1cc(Br)ccc1C(=O)N1CCCCC1,CHEMBL298,1.0,1.0,0.694,1500,False
Cc1ccc2oc(=O)c(-c3nc4cnccc4[nH]3)cc2c1,CHEMBL4523345,1897.0,1671.0,0.15,24,False
Cc1cccc(-c2ccc(C(=O)NC/C=C/CN3CCN(c4cccc(Cl)c4Cl)CC3)cc2)n1,CHEMBL217,2.0,2.0,0.734,9217,False
Cc1cccc(-c2ccc(C(=O)NC/C=C/CN3CCN(c4cccc(Cl)c4Cl)CC3)cc2)n1,CHEMBL234,1.0,1.0,0.734,6166,False
Cc1cccc(-c2ccc(C(=O)NC/C=C/CN3CCN(c4cccc(Cl)c4Cl)CC3)cc2)n1,CHEMBL214,4.0,4.0,0.667,5809,False
Cc1cccc(-c2ccc(C(=O)NC/C=C/CN3CCN(c4cccc(Cl)c4Cl)CC3)cc2)n1,CHEMBL224,5.0,5.0,0.667,6081,False
Cc1cccc(-c2ccc(C(=O)NC/C=C/CN3CCN(c4cccc(Cl)c4Cl)CC3)cc2)n1,CHEMBL225,6.0,6.0,0.667,3966,False
Cc1cccc(-c2nc(C(N)=O)cn2-c2ccc3c(c2)OCO3)n1,CHEMBL4439,1.0,1.0,0.667,2681,False
Cc1cccc(-c2nc(CNC(=O)NC(C)C)cn2-c2ccc3c(c2)OCO3)n1,CHEMBL4439,1.0,1.0,0.766,2681,False
Cc1cccc(-c2nc(CO)cn2-c2ccc3c(c2)OCO3)n1,CHEMBL4439,1.0,1.0,0.69,2681,False
Cc1cccc(-c2ncnc3c2cnn3CCN2CCCCC2)c1,CHEMBL287,1.0,1.0,0.75,3166,False
Cc1cccc(-n2ncc3c(NCc4cccs4)ncnc32)c1,CHEMBL2637,4.0,6.0,0.536,1597,False
Cc1cccc(/C=N/c2ccc(C3=NNC(=O)CO3)cc2)c1,CHEMBL2039,1.0,1.0,0.72,4794,False
Cc1cccc(C#Cc2ccc(-c3c(-c4ccncc4)nc4n3CCC4)cc2)n1,CHEMBL4409,2.0,2.0,0.455,5483,False
Cc1cccc(C(=O)NCc2cccc(-c3cn4c(n3)CCC4)c2)c1,CHEMBL1075317,1.0,1.0,0.814,1687,False
Cc1cccc(C(=O)NNC(=O)c2c(O)c3ccccc3n(C)c2=O)c1,CHEMBL1741208,2.0,2.0,0.547,657,False
Cc1cccc(C(=O)Nc2cc([N+](=O)[O-])ccc2N2CCN(C)CC2)c1,CHEMBL1075317,1.0,1.0,0.75,1687,False
Cc1cccc(C(=O)Nc2cc([N+](=O)[O-])ccc2N2CCN(C)CC2)c1Cl,CHEMBL1075317,1.0,1.0,0.717,1687,False
Cc1cccc(C)c1Nc1ncc(-c2ccncc2)n2cncc12,CHEMBL267,2.0,2.0,0.837,3981,False
Cc1cccc(C)c1OCc1noc(C(C)C)c1COc1ccc(/C=C/c2cccc(C(=O)O)c2)c(Cl)c1,CHEMBL2047,1.0,1.0,0.838,3259,False
Cc1cccc(CN2CC[C@H](N(C)c3ccc(S(=O)(=O)Nc4cnns4)cc3Cl)C2)c1,CHEMBL5202,1.0,1.0,0.737,1096,False
Cc1cccc(CSc2nnc(NC(=O)CSc3nc4ccc(N5C(=O)c6ccccc6C5=O)cc4s3)s2)c1,CHEMBL2889,2.0,1.0,0.671,324,False
Cc1cccc(CSc2nnc(NC(=O)CSc3nc4ccc(N5C(=O)c6ccccc6C5=O)cc4s3)s2)c1,CHEMBL2007628,1147.0,96.0,0.314,410,False
Cc1cccc(CSc2nnc(NC(=O)CSc3nc4ccc(N5C(=O)c6ccccc6C5=O)cc4s3)s2)c1,CHEMBL6117,1743.0,1143.0,0.198,33,False
Cc1cccc(CSc2nnc(NC(=O)CSc3nc4ccc(N5C(=O)c6ccccc6C5=O)cc4s3)s2)c1,CHEMBL2635,568.0,49.0,0.343,520,False
Cc1cccc(CSc2nnc(NC(=O)CSc3nc4ccc(N5C(=O)c6ccccc6C5=O)cc4s3)s2)c1,CHEMBL2437,1363.0,1515.0,0.181,19,False
Cc1cccc(Cl)c1CN1C[C@H](C)[C@](CC(=O)O)(C(=O)NC2CCN(CC3=CCCC3)CC2)C1,CHEMBL4843,1.0,1.0,0.97,84,False
Cc1cccc(Cl)c1OCc1noc(C(C)C)c1COc1ccc(/C=C/c2cccc(C(=O)O)c2)c(Cl)c1,CHEMBL2047,1.0,1.0,0.814,3259,False
Cc1cccc(F)c1-c1cnc2nc(NC(=O)[C@@H]3C[C@@H]3F)sc2c1,CHEMBL1862,1.0,1.0,0.759,3101,False
Cc1cccc(N(C)c2nccc(-c3cnn4ncccc34)n2)c1,CHEMBL2292,7.0,7.0,0.681,3800,False
Cc1cccc(N(C)c2nccc(-c3cnn4ncccc34)n2)c1,CHEMBL4224,5.0,5.0,0.681,575,False
Cc1cccc(N(C)c2nccc(-c3cnn4ncccc34)n2)c1,CHEMBL4225,6.0,6.0,0.681,1438,False
Cc1cccc(N(C)c2nccc(-c3cnn4ncccc34)n2)c1,CHEMBL4203,9.0,9.0,0.681,1069,False
Cc1cccc(N(C)c2nccc(-c3cnn4ncccc34)n2)c1,CHEMBL5543,8.0,8.0,0.681,754,False
Cc1cccc(NC(=O)c2cc(C(C)C)on2)c1,CHEMBL1293232,1.0,1.0,0.651,38,False
Cc1cccc(Nc2nc(N)c([N+](=O)[O-])c(N3CC(C)CC(C)C3)n2)c1,CHEMBL1741176,661.0,284.0,0.272,584,False
Cc1cccc(Nc2nc(NCCc3ccc(O)c(Br)c3)ncc2C(N)=O)c1,CHEMBL5401,9.0,5.0,0.535,167,False
Cc1cccc(Nc2nc(NCCc3ccc(O)c(C)c3)ncc2C(N)=O)c1,CHEMBL5401,8.0,5.0,0.551,167,False
Cc1cccc(Nc2nc(NCCc3ccc(O)c(Cl)c3)ncc2C(N)=O)c1,CHEMBL5401,4.0,5.0,0.677,167,False
Cc1cccc(Nc2nc(NCCc3ccc(O)c(F)c3)ncc2C(N)=O)c1,CHEMBL5401,11.0,9.0,0.535,167,False
Cc1cccc(Nc2nc(NCCc3ccc(O)cc3)ncc2C(=O)N(C)C)c1,CHEMBL5401,7.0,5.0,0.493,167,False
Cc1cccc(Nc2nc(NCCc3ccc(O)cc3)ncc2C(=O)NC(C)C)c1,CHEMBL5401,9.0,5.0,0.478,167,False
Cc1cccc(Nc2nc(NCCc3ccc(O)cc3)ncc2C(N)=O)c1,CHEMBL5401,5.0,5.0,0.633,167,False
Cc1cccc(Nc2nc(NCCc3cccc(O)c3)ncc2C(N)=O)c1,CHEMBL5401,12.0,6.0,0.547,167,False
Cc1cccc(Nc2nc3c(=O)[nH]c(C)nc3s2)c1,CHEMBL256,1.0,1.0,0.604,4904,False
Cc1cccc(Nc2nccc(-c3cnn4ncccc34)n2)c1,CHEMBL2292,4.0,4.0,0.667,3800,False
Cc1cccc(S(C)(=O)=O)c1-c1ncc2cnn(Cc3ccc(-c4nc(C(F)(F)F)cn4C)cc3)c2n1,CHEMBL1795087,1.0,1.0,0.671,546,False
Cc1cccc(Sc2ccc3c(-c4c(Cl)cccc4Cl)c(=O)ncn3n2)c1,CHEMBL260,3.0,6.0,0.317,5079,False
Cc1cccc([C@@H](CO)NC(=O)[C@@H](C)N2Cc3ccc(-c4nc(N[C@H]5C[C@H](CO)C5)ncc4Cl)cc3C2=O)c1,CHEMBL4040,1.0,1.0,0.824,5246,False
Cc1cccc2c1OP(=O)(OC[C@H]1C=C[C@@H](n3cnc4c(NC5CC5)nc(N)nc43)C1)OC2,CHEMBL1914,1.0,1.0,0.782,3653,False
Cc1cccc2cc(C3CC(c4ccco4)=NN3C(=O)CCC(=O)O)c(Cl)nc12,CHEMBL4714,1.0,1.0,0.766,320,False
Cc1cccc2ncnc(N3CCN(C(=O)[C@H](N)Cc4ccc(Cl)cc4)CC3)c12,CHEMBL4282,1.0,1.0,0.71,3688,False
Cc1cccc2sc(NC(=O)COc3ccc4cc(/C=C5/SC(=O)NC5=O)ccc4c3)nc12,CHEMBL3524,1.0,1.0,0.681,1200,False
Cc1cccc2sc(NC(=O)COc3ccc4cc(/C=C5/SC(=O)NC5=O)ccc4c3)nc12,CHEMBL3192,2.0,2.0,0.681,3069,False
Cc1ccccc1-c1c(=O)ncn2nc(Sc3ccccc3)ccc12,CHEMBL260,1.0,2.0,0.317,5079,False
Cc1ccccc1-c1ncnc2c1cnn2CCN1CCCCC1,CHEMBL287,1.0,1.0,0.765,3166,False
Cc1ccccc1CN1CC2(CCN(c3cn[nH]c(=O)c3Br)CC2)C1,CHEMBL1250411,1.0,1.0,0.784,182,False
Cc1ccccc1N(C(=O)C1CCCCC1)C1CCN(CCc2ccccc2)CC1,CHEMBL233,1.0,1.0,0.979,7306,False
Cc1ccccc1NC(=O)c1cc(C(C)C)on1,CHEMBL1293232,2.0,1.0,0.614,38,False
Cc1ccccc1Nc1nccc(-c2cnn3ncccc23)n1,CHEMBL262,2.0,2.0,0.596,5430,False
Cc1ccccc1Nc1nccc(-c2cnn3ncccc23)n1,CHEMBL2292,1.0,1.0,0.681,3800,False
Cc1ccccc1Sc1ccc2c(-c3c(Cl)cccc3Cl)c(=O)ncn2n1,CHEMBL260,1.0,2.0,0.415,5079,False
Cc1cccn(-c2ccc(-c3ccc4c(C(=O)NCC5CCN(C)CC5)n[nH]c4c3)c(Cl)c2)c1=O,CHEMBL4600,2.0,2.0,0.899,447,False
Cc1cccn(CC2(c3ccc(F)c(F)c3)NC(=O)NC2=O)c1=O,CHEMBL4588,4.0,5.0,0.68,1310,False
Cc1cccn(CC2(c3ccc(F)c(F)c3)NC(=O)NC2=O)c1=O,CHEMBL3869,3.0,3.0,0.725,834,False
Cc1cccn2c(C(C)(C)NC(=O)[C@@H]3CNCCO3)cnc12,CHEMBL1853,1.0,1.0,0.729,1162,False
Cc1cccnc1-c1ccc(C(=O)NC/C=C/CN2CCN(c3cccc(Cl)c3Cl)CC2)cc1,CHEMBL217,2.0,2.0,0.794,9217,False
Cc1cccnc1-c1ccc(C(=O)NC/C=C/CN2CCN(c3cccc(Cl)c3Cl)CC2)cc1,CHEMBL234,1.0,1.0,0.794,6166,False
Cc1cccnc1-c1ccc(C(=O)NC/C=C/CN2CCN(c3cccc(Cl)c3Cl)CC2)cc1,CHEMBL214,5.0,5.0,0.648,5809,False
Cc1cccnc1-c1ccc(C(=O)NC/C=C/CN2CCN(c3cccc(Cl)c3Cl)CC2)cc1,CHEMBL224,6.0,6.0,0.648,6081,False
Cc1cccnc1-c1ccc(C(=O)NC/C=C/CN2CCN(c3cccc(Cl)c3Cl)CC2)cc1,CHEMBL225,4.0,4.0,0.648,3966,False
Cc1ccn(-c2cc(Cl)ccc2[C@@H](Oc2cnnc(N3CCC4(CC3)CNC(C(=O)O)C4)c2)C(F)(F)F)n1,CHEMBL5689,1.0,1.0,0.827,787,False
Cc1ccn(-c2ccccc2-c2ccc3ncc(C(N)=O)n3c2)n1,CHEMBL4439,1.0,1.0,0.625,2681,False
Cc1ccn2nc([C@H](C)Nc3ncnc(N)c3-c3cnn(CCO)c3)n(-c3ccccc3)c(=O)c12,CHEMBL3130,2.0,2.0,0.74,7171,False
Cc1ccncc1-c1c[nH]c2cc(F)ccc12,CHEMBL2140,27.0,3.0,0.46,983,False
Cc1ccncc1-c1cc2cc(Nc3cccc([C@H]4COCCN4)c3)ncc2c(N)c1F,CHEMBL5749,1.0,1.0,1.0,3184,True
Cc1ccncc1-c1cc2cc(Nc3ccn(C)c(=O)c3)ncc2c(N)n1,CHEMBL5749,1.0,1.0,0.627,3184,False
Cc1ccncc1S(=O)(=O)C[C@H]1C[C@@H](N(C)c2ncnc3[nH]ccc23)C1,CHEMBL2971,3.0,3.0,0.78,12637,False
Cc1ccncc1S(=O)(=O)C[C@H]1C[C@@H](N(C)c2ncnc3[nH]ccc23)C1,CHEMBL2148,1.0,1.0,0.78,7416,False
Cc1ccncc1S(=O)(=O)C[C@H]1C[C@@H](N(C)c2ncnc3[nH]ccc23)C1,CHEMBL3553,2.0,2.0,0.78,6084,False
Cc1ccnnc1-c1ccc(N(Cc2cccnc2)C(=O)c2ccc(O)cc2O)cc1,CHEMBL4766,1.0,1.0,0.828,803,False
Cc1ccsc1C(=O)N1CCC(N2CC(CC#N)(n3cc(-c4ncnc5[nH]ccc45)cn3)C2)CC1,CHEMBL2971,1.0,1.0,0.768,12637,False
Cc1cn(-c2cc(NC(=O)Cc3c(Cl)cccc3Cl)cc(C(F)(F)F)c2)cn1,CHEMBL1961788,12.0,1.0,0.661,47,False
Cc1cn(-c2cc(NC(=O)Cc3ccc(Cl)cc3)cc(C(F)(F)F)c2)cn1,CHEMBL1961788,8.0,1.0,0.672,47,False
Cc1cn(-c2cc(NC(=O)Cc3ccc(Cl)cc3Cl)cc(C(F)(F)F)c2)cn1,CHEMBL1961788,37.0,1.0,0.621,47,False
Cc1cn(-c2cc(NC(=O)Cc3cccc(Cl)c3)cc(C(F)(F)F)c2)cn1,CHEMBL1961788,4.0,1.0,0.694,47,False
Cc1cn(-c2cc(NC(=O)Cc3cccc(Cl)c3Cl)cc(C(F)(F)F)c2)cn1,CHEMBL1961788,14.0,1.0,0.641,47,False
Cc1cn(-c2cc(NC(=O)Cc3ccccc3)cc(C(F)(F)F)c2)cn1,CHEMBL1961788,1.0,1.0,0.818,47,False
Cc1cn(-c2cc(NC(=O)Cc3ccccc3C#N)cc(C(F)(F)F)c2)cn1,CHEMBL1961788,10.0,1.0,0.646,47,False
Cc1cn(-c2cc(NC(=O)Cc3ccccc3C(F)(F)F)cc(C(F)(F)F)c2)cn1,CHEMBL1961788,4.0,1.0,0.689,47,False
Cc1cn(-c2cc(NC(=O)Cc3ccccc3Cl)cc(C(F)(F)F)c2)cn1,CHEMBL1961788,7.0,1.0,0.677,47,False
Cc1cn(-c2ccc(C#N)c(C(F)(F)F)c2)nc1CNC(=O)c1ccc(C#N)cc1,CHEMBL1871,1.0,1.0,0.542,2952,False
Cc1cn(-c2ccc(C#N)c(C(F)(F)F)c2)nc1CNC(=O)c1ccc(F)cc1,CHEMBL1871,1.0,1.0,0.563,2952,False
Cc1cn(-c2ccc(C#N)c(C(F)(F)F)c2)nc1CNC(=O)c1ccc([N+](=O)[O-])cc1,CHEMBL1871,1.0,1.0,0.539,2952,False
Cc1cn(C[C@H]2CN(c3ccc(C4=CCS(=O)(=O)CC4)c(F)c3)C(=O)O2)nn1,CHEMBL1951,1.0,1.0,0.657,3112,False
Cc1cn(Cc2ccccc2COC(c2ccccc2)(c2ccccc2)c2ccccc2)c(=O)[nH]c1=O,CHEMBL2883,1.0,2.0,0.62,71,False
Cc1cnc(C2CCN(c3c(C#N)ccc(COC(=O)NC(=N)N)c3F)CC2)o1,CHEMBL3437,1.0,1.0,0.73,803,False
Cc1cnc(Cl)nc1-c1ccc(N(Cc2ccc(CNC(=O)c3ccccc3)cc2)C(=O)c2ccc(O)cc2O)cc1,CHEMBL4766,2.0,1.0,0.813,803,False
Cc1cnc(NCCc2ccccn2)c(=O)n1CC(=O)NCc1cc(Cl)ccc1OCC(=O)NC1CCCNC1,CHEMBL204,1.0,1.0,0.845,5517,False
Cc1cnc(Nc2nc(-c3ccc4c(c3)N([C@H]3C[C@@H](N5CCCCC5)C3)C(=O)C4(C)C)cc3ncn(C(C)C)c23)cc1C(=O)NC1(CF)CC1,CHEMBL5749,1.0,1.0,0.851,3184,False
Cc1cnc(OCc2cn(-c3ccc(C(F)(F)F)s3)nn2)nc1,CHEMBL2061,1.0,1.0,0.6,1386,False
Cc1cnc([C@@H](C)[C@H](C)S(=O)(=O)Nc2nnc(-c3ccc(C)o3)n2C2CCOCC2)nc1,CHEMBL1628481,1.0,1.0,0.662,3358,False
Cc1cnc2c(-c3ccc(Oc4ncccc4-c4ccncc4)cc3)cn(C)c2c1,CHEMBL4409,1.0,1.0,0.636,5483,False
Cc1cnc2c(C#N)cc(Cn3cc(C(=O)NCc4c(C)cc(N)nc4C)c(C(N)=O)n3)cc2c1,CHEMBL2000,1.0,1.0,0.526,3740,False
Cc1cnc2c(C(C)(C)O)cc(Cn3ncc(C(=O)NCc4c(C)cc(N)nc4C)c3C#N)cc2c1,CHEMBL2000,1.0,1.0,0.483,3740,False
Cc1cnc2ccc(-c3c(-c4ncco4)nc(N)n4nc(C[C@H]5CCCO5)nc34)cn12,CHEMBL251,2.0,2.0,1.0,6698,True
Cc1cnc2ccc(-c3c(-c4ncco4)nc(N)n4nc(C[C@H]5CCCO5)nc34)cn12,CHEMBL226,1.0,1.0,1.0,5123,True
Cc1cncc(-c2c[nH]c3cc(F)ccc23)c1,CHEMBL2140,5.0,1.0,0.522,983,False
Cc1cncc2ncn(Cc3nc([C@H]4C[C@H](c5ccc6ccccc6c5)C4)no3)c(=O)c12,CHEMBL6007,1.0,1.0,0.725,1814,False
Cc1cnn(-c2ccc3c(-c4cnc5cc(-c6cnn(C(C)C)c6)c(C)nn45)ccnc3n2)n1,CHEMBL5903,1.0,1.0,0.714,1119,False
Cc1cnnn1C[C@H]1CN(c2ccc(C3=CCS(=O)(=O)CC3)c(F)c2)C(=O)O1,CHEMBL1951,1.0,1.0,0.648,3112,False
Cc1csc(-c2c(NC(=O)C3=C(C(=O)O)CCC3)sc3c2CCC3)n1,CHEMBL2083,1.0,1.0,0.979,623,False
Cc1csc(-c2c(NC(=O)C3=C(C(=O)O)CCC3)sc3c2CCC3)n1,CHEMBL3674,2.0,2.0,0.979,451,False
Cc1csc(-c2c(NC(=O)C3=C(C(=O)O)CCOC3)sc3c2CCC(F)(F)C3)n1,CHEMBL2083,1.0,1.0,0.934,623,False
Cc1csc(-c2c(NC(=O)C3=C(C(=O)O)CCOC3)sc3c2CCC(F)(F)C3)n1,CHEMBL3674,2.0,2.0,0.934,451,False
Cc1csc(-c2nc(C3CCC(=O)CC3)[nH]c2-c2ccc3ncsc3c2)n1,CHEMBL4439,1.0,1.0,0.855,2681,False
Cc1csc(C(=O)Nc2cc(C#N)ccc2N2CCC(Oc3ccc(F)cc3F)CC2)n1,CHEMBL3714130,1.0,1.0,0.781,784,False
Cc1csc(NC(=O)[C@@H]2CCCCN(C)C(=O)OCCC[C@H](C(=O)NO)[C@@H](CC(C)C)C(=O)N2)n1,CHEMBL3706,1.0,1.0,0.882,1918,False
Cc1cscc1-c1ccc([C@H]2C[C@@H]2N)cn1,CHEMBL6136,1.0,1.0,0.571,3886,False
Cc1n[nH]c(C)c1-c1ccc2nc[nH]c(=O)c2c1,CHEMBL5903,13.0,3.0,0.49,1119,False
Cc1n[nH]c2c(C)cc(C(=O)N3C4CCC3CC3(Cc5cn(C(C)(C)C)nc5C(=O)N3)C4)cc12,CHEMBL3351,2.0,2.0,0.725,555,False
Cc1n[nH]c2c(C)cc(C(=O)N3C4CCC3CC3(Cc5cn(C(C)(C)C)nc5C(=O)N3)C4)cc12,CHEMBL4829,1.0,1.0,0.725,4003,False
Cc1n[nH]c2ccc(CNC(=O)c3ccnc(Cc4ccc5ncc(Cl)cc5c4)c3)cc12,CHEMBL2000,1.0,1.0,0.833,3740,False
Cc1n[nH]c2ccc(CNC(=O)c3ccnc(Cc4ccc5ncc(Cl)cc5c4)c3)cc12,CHEMBL5749,2.0,2.0,0.833,3184,False
Cc1n[nH]cc1-c1ccc2nc[nH]c(=O)c2c1,CHEMBL5903,1.0,1.0,0.66,1119,False
Cc1nc(-c2ccc(C(F)(F)F)cc2)nc(OCCCN2CCCCC2)c1Cl,CHEMBL240,1.0,1.0,0.731,10985,False
Cc1nc(-c2ccc(Cl)cc2)nc(OCCCN2CCCCC2)c1Cl,CHEMBL240,1.0,1.0,0.809,10985,False
Cc1nc(-c2ccc(Cl)cc2)nc(OCCCN2CCCCC2)c1Cl,CHEMBL287,4.0,4.0,0.462,3166,False
Cc1nc(-c2ccc(Cl)cc2)oc1C(=O)N[C@H]1CCCN(c2cccc(C(=O)O)c2)C1,CHEMBL239,3.0,3.0,0.714,2834,False
Cc1nc(-c2ccc(F)c(F)c2)nc(OCCCN2CCCCC2)c1Cl,CHEMBL240,1.0,1.0,0.698,10985,False
Cc1nc(-c2ccc(F)cc2)nc(OCCCN2CCCCC2)c1Cl,CHEMBL240,1.0,1.0,0.776,10985,False
Cc1nc(-c2ccccc2)nc(OCCCN2CCCCC2)c1Cl,CHEMBL240,1.0,1.0,0.977,10985,False
Cc1nc(-c2cn(C(C)(C)c3ccc(C(C)(C)C)cc3Cl)nn2)cc(=O)[nH]1,CHEMBL2652,1.0,1.0,0.724,2674,False
Cc1nc(-c2cn(C(C)(C)c3ccc(C(F)(F)F)cc3C)nn2)cc(=O)[nH]1,CHEMBL2652,1.0,1.0,0.597,2674,False
Cc1nc(-c2cn(C(C)c3cc(F)c(C(F)(F)F)cc3F)nn2)cc(=O)[nH]1,CHEMBL2652,1.0,1.0,0.585,2674,False
Cc1nc(-c2cn(C(C)c3ccc(C(F)(F)F)cc3F)nn2)cc(=O)[nH]1,CHEMBL2652,1.0,1.0,0.763,2674,False
Cc1nc(-c2cn(C(c3ccc(C(F)(F)F)cc3F)C(C)C)nn2)cc(=O)[nH]1,CHEMBL2652,1.0,1.0,0.738,2674,False
Cc1nc(-c2cn([C@@H](C)c3ccc(C(F)(F)F)cc3C)nn2)cc(=O)[nH]1,CHEMBL2652,1.0,1.0,0.672,2674,False
Cc1nc(-c2cn([C@H](C)c3ccc(C(F)(F)F)cc3Cl)nn2)cc(=O)[nH]1,CHEMBL2652,1.0,1.0,0.641,2674,False
Cc1nc(-c2nnn([C@@H](C)c3ccc(C(F)(F)F)cc3Cl)c2C)cc(=O)[nH]1,CHEMBL2652,1.0,1.0,0.609,2674,False
Cc1nc(C(=O)N2C(COc3ccc(C(F)(F)F)cn3)CC3CC2C3)c(-c2ccccc2)s1,CHEMBL5113,1.0,1.0,0.739,7217,False
Cc1nc(C(=O)N2C(COc3ccc(C(F)(F)F)cn3)CC3CC2C3)c(-c2ccccc2)s1,CHEMBL4792,2.0,2.0,0.739,7613,False
Cc1nc(C(=O)Nc2cccc([C@H](C)Sc3nncn3C)c2)cs1,CHEMBL4879459,1.0,1.0,0.733,730,False
Cc1nc(C)c(-c2cc(NCCCC3CCCNC3)c3ccccc3n2)s1,CHEMBL4903,1.0,1.0,0.746,465,False
Cc1nc(C)c2c(O)cc(=O)n(Cc3ccc(-c4ccccc4-c4nn[nH]n4)cc3)c2n1,CHEMBL227,1.0,1.0,0.52,1165,False
Cc1nc(CNC(=O)c2cccn(Cc3ccc(F)c(F)c3)c2=O)sc1-c1c[nH]c2ncccc12,CHEMBL2534,1.0,1.0,0.818,1246,False
Cc1nc(COc2ccc(C(=O)N3CCC4(CC3)CC4CNC(=O)c3cc4ccncc4o3)cc2)no1,CHEMBL1744525,1.0,1.0,0.712,4583,False
Cc1nc(Cl)cc(Nc2c[nH]nc2-c2nc3ccccc3[nH]2)n1,CHEMBL2599,3.0,3.0,0.566,5285,False
Cc1nc(N)c2c(-c3ccc(NC(=O)c4cn(CC5CCOCC5)cc(-c5ccc(F)cc5)c4=O)cc3)cn(C)c2n1,CHEMBL4895,2.0,2.0,0.691,2888,False
Cc1nc(N)c2c(-c3ccc(NC(=O)c4cn(CC5CCOCC5)cc(-c5ccc(F)cc5)c4=O)cc3)cn(C)c2n1,CHEMBL3717,1.0,1.0,0.691,4639,False
Cc1nc(N)ccc1CNC(=O)[C@H](C)NC(=O)[C@H]1C[C@H](Cc2cccc3cnccc23)CN1,CHEMBL204,1.0,1.0,0.841,5517,False
Cc1nc(N)nc(-c2c(Nc3ccc4ccncc4c3)nc3ccccn23)n1,CHEMBL4005,2.0,2.0,0.705,7718,False
Cc1nc(N)nc(-c2c(Nc3ccc4ccncc4c3)nc3ccccn23)n1,CHEMBL2842,1.0,1.0,0.705,4921,False
Cc1nc(N)nc(-n2c(Nc3cc(O)cc(O)c3)nc3ccccc32)n1,CHEMBL2842,4.0,4.0,0.679,4921,False
Cc1nc(N)nc(-n2c(Nc3cc(O)cc(O)c3)nc3ccccc32)n1,CHEMBL4005,1.0,1.0,0.679,7718,False
Cc1nc(N)nc(-n2c(Nc3cc(O)cc(O)c3)nc3ccccc32)n1,CHEMBL3145,5.0,5.0,0.679,2776,False
Cc1nc(N)nc(-n2c(Nc3cc(O)cc(O)c3)nc3ccccc32)n1,CHEMBL3130,2.0,2.0,0.679,7171,False
Cc1nc(N)nc(-n2c(Nc3cc(O)cc(O)c3)nc3ccccc32)n1,CHEMBL3267,3.0,3.0,0.679,3907,False
Cc1nc(N)nc(-n2c(Nc3cccc(C(N)=O)c3)nc3ccccc32)n1,CHEMBL2842,2.0,2.0,0.633,4921,False
Cc1nc(N)nc(-n2c(Nc3cccc(C(N)=O)c3)nc3ccccc32)n1,CHEMBL4005,1.0,1.0,0.633,7718,False
Cc1nc(N)nc(-n2c(Nc3cccc(C(N)=O)c3)nc3ccccc32)n1,CHEMBL3145,4.0,4.0,0.633,2776,False
Cc1nc(N)nc(-n2c(Nc3cccc(C(N)=O)c3)nc3ccccc32)n1,CHEMBL3130,3.0,3.0,0.633,7171,False
Cc1nc(N)nc(-n2c(Nc3cccc(C(N)=O)c3)nc3ccccc32)n1,CHEMBL3267,5.0,5.0,0.633,3907,False
Cc1nc(N)nc(-n2c(Nc3cccc(O)c3)nc3ccccc32)n1,CHEMBL2842,2.0,2.0,0.704,4921,False
Cc1nc(N)nc(-n2c(Nc3cccc(O)c3)nc3ccccc32)n1,CHEMBL4005,1.0,1.0,0.704,7718,False
Cc1nc(N)nc(-n2c(Nc3cccc(O)c3)nc3ccccc32)n1,CHEMBL3145,5.0,5.0,0.655,2776,False
Cc1nc(N)nc(-n2c(Nc3cccc(O)c3)nc3ccccc32)n1,CHEMBL3130,4.0,4.0,0.655,7171,False
Cc1nc(N)nc(-n2c(Nc3cccc(O)c3)nc3ccccc32)n1,CHEMBL3267,3.0,3.0,0.655,3907,False
Cc1nc(N)nc(-n2c(Nc3ccccc3)nc3ccccc32)n1,CHEMBL2842,3.0,3.0,0.75,4921,False
Cc1nc(N)nc(-n2c(Nc3ccccc3)nc3ccccc32)n1,CHEMBL4005,2.0,2.0,0.75,7718,False
Cc1nc(N)nc(-n2c(Nc3ccccc3)nc3ccccc32)n1,CHEMBL3145,4.0,4.0,0.75,2776,False
Cc1nc(N)nc(-n2c(Nc3ccccc3)nc3ccccc32)n1,CHEMBL3130,1.0,1.0,0.75,7171,False
Cc1nc(N)nc(-n2c(Nc3ccccc3)nc3ccccc32)n1,CHEMBL3267,5.0,5.0,0.75,3907,False
Cc1nc(N)sc1CCCN/C(N)=N/C(=S)NC(c1ccccc1)c1ccccc1,CHEMBL231,5.0,5.0,0.855,1704,False
Cc1nc(N)sc1CCCN/C(N)=N/C(=S)NC(c1ccccc1)c1ccccc1,CHEMBL1941,6.0,6.0,0.855,626,False
Cc1nc(N)sc1CCCN/C(N)=N/C(=S)NC(c1ccccc1)c1ccccc1,CHEMBL264,4.0,4.0,0.855,4372,False
Cc1nc(N)sc1CCCN/C(N)=N/C(=S)NC(c1ccccc1)c1ccccc1,CHEMBL3759,3.0,3.0,0.855,1524,False
Cc1nc(N2CCC(C)(N)CC2)c(C2CC2)c(=O)n1-c1cccc(Cl)c1Cl,CHEMBL3864,1.0,1.0,0.792,2389,False
Cc1nc(NC(=O)Nc2cc(S(=O)(=O)NCC(F)(F)F)ccc2-c2ccccc2)sc1Cl,CHEMBL3991501,1.0,1.0,0.694,446,False
Cc1nc(NCC#N)nc(-n2c(Nc3cccc(O)c3)nc3ccccc32)n1,CHEMBL2842,5.0,5.0,0.641,4921,False
Cc1nc(NCC#N)nc(-n2c(Nc3cccc(O)c3)nc3ccccc32)n1,CHEMBL4005,4.0,4.0,0.641,7718,False
Cc1nc(NCC#N)nc(-n2c(Nc3cccc(O)c3)nc3ccccc32)n1,CHEMBL5145,98.0,189.0,0.278,5743,False
Cc1nc(NCC#N)nc(-n2c(Nc3cccc(O)c3)nc3ccccc32)n1,CHEMBL3130,3.0,3.0,0.641,7171,False
Cc1nc(NCC#N)nc(-n2c(Nc3cccc(O)c3)nc3ccccc32)n1,CHEMBL3267,2.0,2.0,0.641,3907,False
Cc1nc(NCC#N)nc(-n2c(Nc3cccc(O)c3)nc3ccccc32)n1,CHEMBL3145,1.0,1.0,0.641,2776,False
Cc1nc(NCc2cccc3c2OCO3)sc1-c1ccn(C)n1,CHEMBL2189117,4.0,2.0,0.365,581,False
Cc1nc(N[C@@H]2CCCc3ccccc32)cc(-c2ccc3cnn(C)c3c2)n1,CHEMBL2331053,1.0,1.0,0.724,332,False
Cc1nc(OCc2cn(-c3ccc(C(F)(F)F)s3)nn2)ncc1F,CHEMBL2061,1.0,1.0,0.649,1386,False
Cc1nc(Oc2ccccc2)ccc1N1C(=O)Nc2c(C(=O)N[C@@H]3CCC[C@@H]3N)sc3nccc1c23,CHEMBL5251,1.0,1.0,0.972,9782,False
Cc1nc(Oc2ccccc2)ccc1N1C(=O)Nc2c(C(=O)N[C@@H]3CCC[C@H]3N)sc3nccc1c23,CHEMBL5251,1.0,1.0,0.972,9782,False
Cc1nc([C@H](C(N)=O)[C@@H](CCC(F)(F)F)C(=O)N[C@H]2N=C(c3ccccc3)c3ccccc3N(C)C2=O)no1,CHEMBL3407319,2.0,2.0,0.769,55,False
Cc1nc([C@H](C(N)=O)[C@@H](CCC(F)(F)F)C(=O)N[C@H]2N=C(c3ccccc3)c3ccccc3N(C)C2=O)no1,CHEMBL2146346,1.0,1.0,0.769,112,False
Cc1nc2c(F)cc(-c3nc(Nc4cc(Sc5cnc(N6CCC7(CC6)CO[C@@H](C)[C@H]7N)cn5)ccn4)ncc3F)cc2n1C(C)C,CHEMBL3864,1.0,1.0,0.794,2389,False
Cc1nc2c(F)cc(-c3nc(Nc4nccc(Sc5cnc(N6CCC7(CC6)CO[C@@H](C)[C@H]7N)cn5)c4Cl)ncc3F)cc2n1C(C)C,CHEMBL3864,1.0,1.0,0.853,2389,False
Cc1nc2c(Nc3ccc(C4CC(C)(C)OC(C)(C)C4)cc3S(C)(=O)=O)cc(NC(=O)C3CC3)nc2[nH]1,CHEMBL3553,1.0,1.0,0.812,6084,False
Cc1nc2c(Nc3ccc(C4CCOCC4)cc3N(C)S(C)(=O)=O)cc(NC(=O)C3CC3)nc2[nH]1,CHEMBL3553,1.0,1.0,0.891,6084,False
Cc1nc2c(Nc3ccc(C4CCOCC4)cc3P(C)(C)=O)cc(NC(=O)C3CC3)nc2[nH]1,CHEMBL3553,1.0,1.0,0.883,6084,False
Cc1nc2c(Nc3ccc(C4CCOCC4)cc3S(C)(=O)=O)cc(NC(=O)C3CC3)nc2[nH]1,CHEMBL3553,1.0,1.0,0.905,6084,False
Cc1nc2c(c(-c3ccc(Cl)cc3Cl)c1CN)CN(CC(=O)N1CCOCC1)C2=O,CHEMBL4793,3.0,3.0,0.857,794,False
Cc1nc2c(c(-c3ccc(Cl)cc3Cl)c1CN)CN(CC(=O)N1CCOCC1)C2=O,CHEMBL4657,2.0,2.0,0.857,1127,False
Cc1nc2c(c(-c3ccc(Cl)cc3Cl)c1CN)CN(CC(=O)N1CCOCC1)C2=O,CHEMBL284,1.0,1.0,0.857,4372,False
Cc1nc2c(c(-c3ccc4oc(N)nc4c3)nn2C(C)C)c(=O)[nH]1,CHEMBL2842,2.0,2.0,0.684,4921,False
Cc1nc2c(c(C3CC3)nn2[C@@H](C)Cc2ccc(OC(F)(F)F)cc2)c(=O)[nH]1,CHEMBL2652,1.0,1.0,0.543,2674,False
Cc1nc2c(nc1-c1cc3nc(N4CCCC4)cc(NC4CCOCC4)n3n1)CCCO2,CHEMBL4409,1.0,1.0,0.821,5483,False
Cc1nc2c(o1)CC(CN1CC=C(c3c[nH]c4cc(F)ccc34)CC1)CC2=O,CHEMBL217,2.0,2.0,0.671,9217,False
Cc1nc2c(o1)CC(CN1CC=C(c3c[nH]c4cc(F)ccc34)CC1)CC2=O,CHEMBL224,1.0,1.0,0.671,6081,False
Cc1nc2cc(C(F)(F)F)cc(C#N)c2c(=O)n1CCOc1ccc(C#N)nc1-c1ccnc2c(C(=O)O)csc12,CHEMBL3351214,1.0,1.0,0.843,1737,False
Cc1nc2ccc(Cl)cc2c(N2CC(C)(C)c3ccc(-c4ccncc4)cc32)c1C,CHEMBL4005,1.0,1.0,0.738,7718,False
Cc1nc2ccc(N/C(=N\C#N)N[C@H]3CCCCN(CC(=O)N4CCCC4)C3=O)cc2o1,CHEMBL244,1.0,1.0,0.884,5906,False
Cc1nc2ccc(Oc3ccc(O)c(C(C)(C)C)c3)cc2n1C,CHEMBL3429,1.0,1.0,0.729,185,False
Cc1nc2ccc(Oc3ccc4ncsc4c3)nc2c(=O)n1C[C@H]1CCCN(C(C)C)C1,CHEMBL4616,1.0,1.0,0.819,1842,False
Cc1nc2cccc(-c3cc4c([nH]3)[C@H](COCc3ccccc3)NC4=O)c2nc1NC(C)(C)C,CHEMBL2147,1.0,1.0,0.783,4940,False
Cc1nc2cccc(-c3cc4c([nH]3)[C@H](COCc3ccccc3)NC4=O)c2nc1NC(C)(C)C,CHEMBL4523,2.0,2.0,0.783,2873,False
Cc1nc2ccccc2n1C1CC2CCC(C1)N2CCC1(c2cccc(F)c2)CCN(C(=O)C2(C(=O)O)CCC2)CC1,CHEMBL240,1.0,1.0,0.766,10985,False
Cc1nc2ccccc2n1[C@@H]1C[C@H]2CC[C@@H](C1)N2CC[C@H](NC(=O)C1CCC1)c1ccccc1,CHEMBL274,1.0,1.0,1.0,2287,True
Cc1nc2ccccc2nc1SCC(=O)NC(=O)Nc1ccccc1,CHEMBL3621023,3230.0,743.0,0.253,2,False
Cc1nc2ccccn2c1C(C)(C)NC(=O)[C@@H]1CNCCO1,CHEMBL1853,1.0,1.0,0.672,1162,False
Cc1nc2cnc(N(C)C3CCN(C4CC(F)(F)C4)CC3)c(C#N)c2c(=O)n1CC#Cc1ccc(Cl)cc1-c1ccnc2c(C(=O)NS(=O)(=O)C3CC(F)(F)C3)csc12,CHEMBL3351214,1.0,1.0,0.963,1737,False
Cc1nc2cnc(N(C)C3CCN(C4CC(F)(F)C4)CC3)c(C#N)c2c(=O)n1CC#Cc1ccc(Cl)cc1-c1ccnc2c(C(=O)NS(=O)(=O)C3CCC3)csc12,CHEMBL3351214,1.0,1.0,0.963,1737,False
Cc1nc2cnc(N(C)C3[C@@H]4CC[C@H]3CN(CC(C)(F)F)C4)c(C#N)c2c(=O)n1CC#Cc1ccc(Cl)cc1-c1ccnc2c(C(=O)O)csc12,CHEMBL3351214,1.0,1.0,1.0,1737,True
Cc1nc2cnc(N(C)[C@@H]3CC[C@@H](N(C)CC(F)F)C3)c(C#N)c2c(=O)n1CC#Cc1ccc(Cl)cc1-c1ccnc2c(C(=O)O)csc12,CHEMBL3351214,1.0,1.0,0.938,1737,False
Cc1nc2cnc(N(C)[C@@H]3CC[C@H](N(C)CC(F)F)C3)c(C#N)c2c(=O)n1CC#Cc1ccc(Cl)cc1-c1ccnc2c(C(=O)O)csc12,CHEMBL3351214,1.0,1.0,0.938,1737,False
Cc1nc2cnc(N3CCC[C@@H]4CN(CC(F)F)CC[C@@H]43)c(C#N)c2c(=O)n1CC#Cc1ccc(Cl)cc1-c1ccnc2c(C(=O)O)csc12,CHEMBL3351214,1.0,1.0,0.941,1737,False
Cc1nc2cncc(C#N)c2c(=O)n1CC#Cc1ccc(Cl)cc1-c1ccc(C(=O)O)c(C(=O)O)c1,CHEMBL3351214,1.0,1.0,0.711,1737,False
Cc1nc2nc(-c3ccc(CN4CCC(c5nc6ccc(C#N)cc6[nH]5)CC4)cc3)c(-c3ccccc3)cn2n1,CHEMBL4282,1.0,1.0,0.763,3688,False
Cc1nc2nc(-c3ccc(CN4CCC(c5nc6ccc(C#N)cc6[nH]5)CC4)cc3)c(-c3ccccc3)cn2n1,CHEMBL2431,2.0,2.0,0.763,1139,False
Cc1nc2nc(-c3ccc(CN4CCC(c5nc6ccc(C(F)(F)F)cc6[nH]5)CC4)cc3)c(-c3ccccc3)cn2n1,CHEMBL4282,1.0,1.0,0.763,3688,False
Cc1nc2nc(-c3ccc(CN4CCC(c5nc6ccc(C(F)(F)F)cc6[nH]5)CC4)cc3)c(-c3ccccc3)cn2n1,CHEMBL2431,2.0,2.0,0.737,1139,False
Cc1nc2nc(-c3ccc(CN4CCC(c5nc6ccc(F)cc6[nH]5)CC4)cc3)c(-c3ccccc3)cn2n1,CHEMBL4282,1.0,1.0,0.767,3688,False
Cc1nc2nc(-c3ccc(CN4CCC(c5nc6ccc(F)cc6[nH]5)CC4)cc3)c(-c3ccccc3)cn2n1,CHEMBL2431,2.0,2.0,0.767,1139,False
Cc1nc2ncnn2cc1C1CCN(S(=O)(=O)c2cnn(C)c2Cl)CC1,CHEMBL2035,1.0,1.0,0.695,1102,False
Cc1ncc(-c2ccc3cnc(NC(=O)c4ccnc(N5CCOCC5)c4)cc3c2)n1C,CHEMBL2292,2.0,2.0,0.855,3800,False
Cc1ncc(-c2ccc3cnc(NC(=O)c4ccnc(N5CCOCC5)c4)cc3c2)n1C,CHEMBL262,1.0,1.0,0.855,5430,False
Cc1ncc(-c2ccc3cnc(NC(=O)c4ccnc(N5CCOCC5)c4)cc3c2)n1C,CHEMBL1255129,3.0,3.0,0.855,915,False
Cc1ncc(-c2ccnc(Nc3ccnc(C(F)(F)F)n3)c2)cc1C(=O)N1CCC1,CHEMBL1075165,1.0,1.0,0.741,686,False
Cc1ncc(C(O)(c2ccc(Cl)cc2)c2ccc3nc(Cl)c(-c4ccccc4)c(Cl)c3c2)n1C,CHEMBL1741186,1.0,1.0,0.625,10748,False
Cc1ncc(COc2cc(/C=C3\SC(=O)N(C)C3=O)c(Br)c(F)c2O)cn1,CHEMBL4105728,1.0,1.0,0.75,256,False
Cc1ncc(NC(=O)NCc2cc(F)ccc2C(F)(F)F)c(-c2ccccc2)n1,CHEMBL2815,1.0,1.0,0.574,4872,False
Cc1ncc(NC(=O)NCc2ccccc2SC(F)(F)F)c(-c2ccccc2)n1,CHEMBL2815,1.0,1.0,0.596,4872,False
Cc1ncc(NC(=O)c2ccnc(C(C)(C)F)c2)cc1-c1cnc(OCCO)c(C2(F)COC2)c1,CHEMBL1906,1.0,1.0,0.845,2781,False
Cc1ncc(NC(=O)c2ccnc(C(C)(F)F)c2)cc1-c1cnc(OCCO)c(C2(F)COC2)c1,CHEMBL1906,1.0,1.0,0.784,2781,False
Cc1ncc(NC(=O)c2ccnc(C(C)(F)F)c2)cc1-c1cnc(OCCO)c(C2(F)COC2)c1,CHEMBL5145,2.0,2.0,0.773,5743,False
Cc1ncc(NC(=O)c2ccnc(C(F)(F)F)c2)cc1-c1cnc(OCCO)c(C2(F)COC2)c1,CHEMBL1906,2.0,2.0,0.808,2781,False
Cc1ncc(NC(=O)c2ccnc(C(F)(F)F)c2)cc1-c1cnc(OCCO)c(C2(F)COC2)c1,CHEMBL5145,1.0,1.0,0.808,5743,False
Cc1ncc(NC(=O)c2ccnc(C3(C#N)CC3)c2)cc1-c1cc(N2CCOCC2)c(=O)n(C)n1,CHEMBL5145,2.0,2.0,0.838,5743,False
Cc1ncc(NC(=O)c2ccnc(C3(C#N)CC3)c2)cc1-c1cc(N2CCOCC2)c(=O)n(C)n1,CHEMBL1906,1.0,1.0,0.838,2781,False
Cc1ncc(NC(=O)c2ccnc(C3CC3)c2)cc1-c1cc(N2CCOCC2)c(=O)n(C)n1,CHEMBL5145,2.0,2.0,0.824,5743,False
Cc1ncc(NC(=O)c2ccnc(C3CC3)c2)cc1-c1cc(N2CCOCC2)c(=O)n(C)n1,CHEMBL1906,1.0,1.0,0.824,2781,False
Cc1ncc([N+](=O)[O-])n1CC(=O)N/N=C/c1cc2ccccc2nc1Oc1ccc(Cl)cc1,CHEMBL203,1.0,1.0,0.48,11022,False
Cc1ncc([N+](=O)[O-])n1CC(=O)N/N=C/c1cc2ccccc2nc1Oc1ccc(F)cc1,CHEMBL203,1.0,1.0,0.48,11022,False
Cc1ncc([N+](=O)[O-])n1CC(=O)N/N=C/c1cc2ccccc2nc1Oc1ccccc1,CHEMBL203,1.0,1.0,0.472,11022,False
Cc1nccc(-c2[nH]c3ccc(C4CCN(C(=O)C5CC(=O)N(C)C5)CC4)cc3c2C(C)C)c1F,CHEMBL5936,1.0,1.0,0.744,5391,False
Cc1nccc(-c2[nH]c3ccc(C4CCN(C(=O)C5CC(=O)N(C)C5)CC4)cc3c2C(C)C)c1F,CHEMBL5805,2.0,2.0,0.744,4084,False
Cc1nccc(Nc2cc(-c3cnc(C)c(C(=O)N4CC(C)(C)C4)c3)ccn2)n1,CHEMBL1075165,1.0,1.0,0.815,686,False
Cc1nccc(Nc2cc(-c3cnc(C)c(C(=O)N4CC(F)(F)C4)c3)ccn2)n1,CHEMBL1075165,1.0,1.0,0.786,686,False
Cc1nccc(Nc2cc(-c3cnc(C)c(C(=O)N4CCC4)c3)ccn2)n1,CHEMBL1075165,1.0,1.0,0.959,686,False
Cc1nccc(Nc2cc(-c3cnc(Cl)c(C(=O)N4CCC4)c3)ccn2)n1,CHEMBL1075165,1.0,1.0,0.782,686,False
Cc1nccc(Nc2cc(-c3cnc(Cl)c(C(=O)N4CCC4)c3C)ccn2)n1,CHEMBL1075165,1.0,1.0,0.8,686,False
Cc1nccc(Nc2cc(-c3cncc(C(=O)N4CC(F)(F)C4)c3)ccn2)n1,CHEMBL1075165,1.0,1.0,0.767,686,False
Cc1nccc2c1C(C)(C)Nc1cc(Br)ccc1-2,CHEMBL1833,16.0,17.0,0.286,2154,False
Cc1nccc2c1C(C)(C)Nc1cc(Br)ccc1-2,CHEMBL287,172.0,291.0,0.224,3166,False
Cc1ncccc1-c1c[nH]c2cc(F)ccc12,CHEMBL2140,14.0,1.0,0.5,983,False
Cc1ncccc1-c1cnc(NCc2c(F)ccc3occc23)n2cnnc12,CHEMBL2189117,5.0,1.0,0.671,581,False
Cc1ncccc1Oc1cccn2c(C3(c4ccc(Cl)cc4)CC3)nnc12,CHEMBL3401,2.0,2.0,0.717,759,False
Cc1ncccc1Oc1cccn2c(C3(c4ccc(Cl)cc4)CC3)nnc12,CHEMBL4235,1.0,1.0,0.717,3366,False
Cc1ncccc1[C@H](Nc1cc(Cl)c2ncc(C#N)c(NC(CO)c3ccccc3)c2c1)C1=CNNN1,CHEMBL203,1.0,1.0,0.725,11022,False
Cc1ncccc1[C@H](Nc1cc(Cl)c2ncc(C#N)c(N[C@H](C)c3ccccc3)c2c1)C1=CN(C(C)C)NN1,CHEMBL203,1.0,1.0,0.79,11022,False
Cc1ncccc1[C@H](Nc1cc(Cl)c2ncc(C#N)c(N[C@H](C)c3ccccc3)c2c1)C1=CNNN1,CHEMBL203,1.0,1.0,0.753,11022,False
Cc1ncccc1[C@H](Nc1cc(Cl)c2ncc(C#N)c(N[C@H](CO)c3ccccc3)c2c1)C1=CNNN1,CHEMBL203,1.0,1.0,0.725,11022,False
Cc1ncnc(-n2c(Nc3cccc(O)c3)nc3ccccc32)n1,CHEMBL2842,1.0,1.0,0.745,4921,False
Cc1ncnc(-n2c(Nc3cccc(O)c3)nc3ccccc32)n1,CHEMBL3130,9.0,9.0,0.469,7171,False
Cc1ncnc(-n2c(Nc3cccc(O)c3)nc3ccccc32)n1,CHEMBL3267,10.0,10.0,0.469,3907,False
Cc1ncnc(-n2c(Nc3cccc(O)c3)nc3ccccc32)n1,CHEMBL3145,11.0,11.0,0.469,2776,False
Cc1ncnc(-n2c(Nc3cccc(O)c3)nc3ccccc32)n1,CHEMBL4005,2.0,2.0,0.745,7718,False
Cc1ncsc1-c1ccc(CNC(=O)[C@@H]2CCCN2C(=O)[C@@H](N)C(C)(C)C)cc1,CHEMBL3108660,2.0,2.0,0.616,388,False
Cc1ncsc1-c1ccc(CNC(=O)[C@@H]2C[C@@H](O)CN2C(=O)C(N)C(F)(F)F)cc1,CHEMBL3108660,1.0,1.0,0.703,388,False
Cc1ncsc1-c1ccc(CNC(=O)[C@@H]2C[C@@H](O)CN2C(=O)CC(C)(C)C)cc1,CHEMBL3108660,1.0,1.0,0.746,388,False
Cc1ncsc1-c1ccc(CNC(=O)[C@@H]2C[C@@H](O)CN2C(=O)[C@@H](NC(=O)C(C)(C)C)C(C)(C)C)cc1,CHEMBL3108660,1.0,1.0,0.803,388,False
Cc1ncsc1-c1ccc(CNC(=O)[C@@H]2C[C@@H](O)CN2C(=O)[C@@H](NC(=O)C(C)C)C(C)(C)C)cc1,CHEMBL3108660,1.0,1.0,0.792,388,False
Cc1ncsc1-c1ccc(CNC(=O)[C@@H]2C[C@@H](O)CN2C(=O)[C@@H](NC(=O)CC(C)C)C(C)(C)C)cc1,CHEMBL3108660,1.0,1.0,0.808,388,False
Cc1ncsc1-c1ccc(CNC(=O)[C@@H]2C[C@@H](O)CN2C(=O)[C@@H](NC(=O)CCC(C)C)C(C)(C)C)cc1,CHEMBL3108660,1.0,1.0,0.824,388,False
Cc1ncsc1-c1ccc(CNC(=O)[C@@H]2C[C@@H](O)CN2C(=O)[C@@H](NC(=O)CCC(C)C)[C@H](C)O)cc1,CHEMBL3108660,1.0,1.0,0.787,388,False
Cc1ncsc1-c1ccc(CNC(=O)[C@@H]2C[C@@H](O)CN2C(=O)[C@@H](NC(=O)CN)C(C)(C)C)cc1,CHEMBL3108660,1.0,1.0,0.831,388,False
Cc1ncsc1-c1ccc(CNC(=O)[C@@H]2C[C@@H](O)CN2C(=O)[C@@H](NC(=O)CNC(=O)OC(C)(C)C)C(C)(C)C)cc1,CHEMBL3108660,1.0,1.0,0.756,388,False
Cc1ncsc1-c1ccc(CNC(=O)[C@@H]2C[C@@H](O)CN2C(=O)[C@@H](NC(=O)[C@H](C)N)C(C)(C)C)cc1,CHEMBL3108660,1.0,1.0,0.77,388,False
Cc1ncsc1-c1ccc(CNC(=O)[C@@H]2C[C@@H](O)CN2C(=O)[C@@H](NC(=O)[C@H](C)NC(=O)OC(C)(C)C)C(C)(C)C)cc1,CHEMBL3108660,1.0,1.0,0.713,388,False
Cc1ncsc1-c1ccc(CNC(=O)[C@@H]2C[C@@H](O)CN2C(=O)[C@H](C(C)C)N2Cc3ccccc3C2=O)c(OCCOCCNC(=O)c2ccccc2NC(=O)[C@H](CCCCN)NC(=O)[C@@H]2CCCN2C(=O)Cc2cccc3ccccc23)c1,CHEMBL4523442,1.0,1.0,1.0,89,True
Cc1ncsc1-c1ccc(CNC(=O)[C@@H]2C[C@@H](O)CN2C(=O)[C@H](CS)NC(=O)CCC(C)C)cc1,CHEMBL3108660,1.0,1.0,0.861,388,False
Cc1ncsc1-c1ccc([C@H](CC(=O)NCCOCCOCCOCCOCCOCCC(=O)N2CCC(Nc3cc(C(=O)NC[C@H](O)CN4CCc5ccccc5C4)ncn3)CC2)NC(=O)[C@@H]2C[C@@H](O)CN2C(=O)[C@@H](NC(=O)C2(F)CC2)C(C)(C)C)cc1,CHEMBL1795116,1.0,1.0,0.698,1323,False
Cc1nn(-c2ccc(Cl)cc2)c(O)c1C(c1ccccc1O)c1c(C)[nH]n(-c2ccc(Cl)cc2)c1=O,CHEMBL1795093,316.0,5.0,0.373,493,False
Cc1nn(-c2ccccc2)c2nc(C3CCNCC3)[nH]c(=O)c12,CHEMBL1275212,1.0,1.0,0.827,417,False
Cc1nn(-c2ncnc3c2CNC3)c(C)c1-c1ccc(F)cc1,CHEMBL3356,2.0,2.0,0.537,1600,False
Cc1nn(C(C)C)c2c(NCc3ncn(C)n3)cc(-c3ccc[nH]c3=O)nc12,CHEMBL3421,3.0,3.0,0.725,655,False
Cc1nn(C(C)C)c2c(NCc3ncn(C)n3)cc(-c3ccc[nH]c3=O)nc12,CHEMBL4425,1.0,1.0,0.725,876,False
Cc1nn(C(C)C)c2c(NCc3ncn(C)n3)cc(-c3ccc[nH]c3=O)nc12,CHEMBL4619,2.0,2.0,0.725,720,False
Cc1nn(C)c2c(F)c(Cc3cccc(OC4CCN(Cc5nc6ccc(C(=O)O)nc6n5C[C@@H]5CCO5)CC4)n3)ccc12,CHEMBL1784,1.0,1.0,0.722,1534,False
Cc1nn(C2CCNCC2)cc1Nc1ncc(Cl)c(-c2cnc3ccccn23)n1,CHEMBL1957,2.0,2.0,0.622,2522,False
Cc1nn(C2CCNCC2)cc1Nc1ncc(Cl)c(-c2cnc3ccccn23)n1,CHEMBL301,5.0,3.0,0.512,2596,False
Cc1nn(C2CCNCC2)cc1Nc1ncc(Cl)c(-c2cnc3ccccn23)n1,CHEMBL240,1.0,1.0,0.622,10985,False
Cc1nn(CCOCCOCCNC(=O)CCCCCC2(C)C(/C=C/C=C/C=C3/N(CCCS(=O)(=O)O)c4ccc(S(=O)(=O)O)cc4C3(C)C)=[N+](CCCS(=O)(=O)[O-])c3ccc(S(=O)(=O)O)cc32)cc1-c1ccc2cc(CCN3CCC[C@H]3C)ccc2n1,CHEMBL264,6.0,6.0,0.538,4372,False
Cc1nn2c3c(nc2s1)CCN(C(=O)C1(Oc2ccc(C(=O)N(C)C)nc2Cl)CC1)C3c1ccc(Cl)cc1F,CHEMBL5689,1.0,1.0,0.771,787,False
Cc1nn2c3c(nc2s1)CCN(C(=O)C1(Oc2ccc(NS(C)(=O)=O)nc2Cl)CC1)C3c1ccc(Cl)cc1F,CHEMBL5689,1.0,1.0,0.776,787,False
Cc1nnc(-c2ccc3[nH]c([C@H]4CC[C@@]5(CC4)OC(=O)c4ccccc45)nc3c2)o1,CHEMBL4561,1.0,1.0,1.0,1180,True
Cc1nnc(CC(=O)N[C@H]2CC[C@H](CCN3CCc4sc(C5CC(F)(F)C5)nc4C3)OC2)o1,CHEMBL234,2.0,2.0,0.639,6166,False
Cc1nnc(CC(=O)N[C@H]2CC[C@H](CCN3CCc4sc(C5CC(F)(F)C5)nc4C3)OC2)o1,CHEMBL217,1.0,1.0,0.639,9217,False
Cc1nnc(N2CCN(C(C)c3ccc4nccnc4c3)CC2)s1,CHEMBL5921,1.0,1.0,0.642,707,False
Cc1nnc(NC(=O)c2cc(C3CC3NC3CCC3)ccc2F)s1,CHEMBL6136,1.0,1.0,0.831,3886,False
Cc1nnc(NC(=O)c2cccc(C3CC3NC3CCC3)c2)s1,CHEMBL6136,1.0,1.0,1.0,3886,True
Cc1nnc(NCc2ccn3nc(-c4ccccn4)nc(Nc4ccncc4F)c23)s1,CHEMBL4439,1.0,1.0,0.718,2681,False
Cc1nnc(NCc2ccn3nc(-c4ccccn4)nc(Nc4ccncc4F)c23)s1,CHEMBL4267,2.0,2.0,0.718,439,False
Cc1nnc(N[C@H](C)c2cc(F)cc(C#N)c2F)c2cc(N3CCC(C)(N(C)C)CC3)ncc12,CHEMBL2079846,1.0,1.0,0.846,999,False
Cc1nnc(N[C@H](C)c2cccc(C(F)(F)F)c2F)c2cc(N3CCC(N(C)C)CC3)ncc12,CHEMBL2079846,1.0,1.0,0.846,999,False
Cc1nnc2c(NCCCN3CCC(F)(F)CC3)cc(C(=O)N3[C@@H]4c5ccccc5C[C@H]3C(=O)N[C@@H]4C(C)C)nn12,CHEMBL2150837,2.0,2.0,0.875,231,False
Cc1nnc2c(NCCCN3CCC(F)(F)CC3)cc(C(=O)N3[C@@H]4c5ccccc5C[C@H]3C(=O)N[C@@H]4C(C)C)nn12,CHEMBL1163125,1.0,1.0,0.875,9315,False
Cc1nnc2n1-c1sc(-c3[nH]nnc3C(=O)N3CCOCC3)cc1C(c1ccccc1Cl)=NC2,CHEMBL250,1.0,1.0,0.636,430,False
Cc1nnc2sc(C(=O)NCc3ccc(Br)cc3)c(N)c2c1C,CHEMBL1821,1.0,1.0,0.769,1918,False
Cc1nnc2sc(C(=O)NCc3ccc(O)c(F)c3)c(N)c2c1C,CHEMBL1821,1.0,1.0,0.678,1918,False
Cc1nnc2sc(C(=O)NCc3ccc(O)cc3)c(N)c2c1C,CHEMBL1821,1.0,1.0,0.784,1918,False
Cc1nnc2sc(C(=O)NCc3ccc(S(=O)(=O)C(F)(F)F)cc3)c(N)c2c1C,CHEMBL1821,1.0,1.0,0.678,1918,False
Cc1nnc2sc(C(=O)NCc3ccc(S(=O)(=O)C(F)F)cc3)c(N)c2c1C,CHEMBL228,308.0,581.0,0.228,5328,False
Cc1nnc2sc(C(=O)NCc3ccc(S(=O)(=O)C(F)F)cc3)c(N)c2c1C,CHEMBL1821,1.0,1.0,0.678,1918,False
Cc1nnc2sc(C(=O)NCc3ccc(S(=O)(=O)C(F)F)cc3)c(N)c2c1C,CHEMBL289,2.0,2.0,0.667,3036,False
Cc1nnc2sc(C(=O)NCc3ccc(S(=O)(=O)C(F)F)cc3)c(N)c2c1C,CHEMBL1940,485.0,552.0,0.231,238,False
Cc1nnc2sc(C(=O)NCc3ccc(S(=O)(=O)C(F)F)cc3)c(N)c2c1C,CHEMBL238,9.0,9.0,0.432,3420,False
Cc1nnc2sc(C(=O)NCc3ccc(S(=O)(=O)C(F)F)cc3)c(N)c2c1C,CHEMBL1899,641.0,1389.0,0.181,1020,False
Cc1nnc2sc(C(=O)NCc3ccc(S(=O)(=O)CF)cc3)c(N)c2c1C,CHEMBL1821,1.0,1.0,0.69,1918,False
Cc1nnc2sc(C(=O)NCc3ccc(S(C)(=O)=O)cc3)c(N)c2c1C,CHEMBL1821,1.0,1.0,0.727,1918,False
Cc1nnc2sc(C(=O)NCc3ccc(S(F)(F)(F)(F)F)cc3)c(N)c2c1C,CHEMBL238,9.0,9.0,0.457,3420,False
Cc1nnc2sc(C(=O)NCc3ccc(S(F)(F)(F)(F)F)cc3)c(N)c2c1C,CHEMBL1821,1.0,1.0,0.727,1918,False
Cc1nnc2sc(C(=O)NCc3ccc(S(F)(F)(F)(F)F)cc3)c(N)c2c1C,CHEMBL289,3.0,3.0,0.714,3036,False
Cc1nnc2sc(C(=O)NCc3ccc(S(F)(F)(F)(F)F)cc3)c(N)c2c1C,CHEMBL228,235.0,428.0,0.239,5328,False
Cc1nnc2sc(C(=O)NCc3ccc(S(F)(F)(F)(F)F)cc3)c(N)c2c1C,CHEMBL1899,485.0,922.0,0.198,1020,False
Cc1nnc2sc(C(=O)NCc3ccc(S(F)(F)(F)(F)F)cc3)c(N)c2c1C,CHEMBL4616,227.0,412.0,0.241,1842,False
Cc1nnc2sc(C(=O)NCc3cccc(Br)c3)c(N)c2c1C,CHEMBL1821,1.0,1.0,0.778,1918,False
Cc1nnn(C)c1-c1cc(-c2cc(CO)cc3[nH]ccc23)nc(N2CCOCC2C)c1,CHEMBL5024,1.0,1.0,0.826,1961,False
Cc1nnn(Cc2cc(Cl)ccc2/C=C/C(=O)N2CCC(c3ncc(C)o3)CC2)n1,CHEMBL3691,1.0,1.0,0.821,2147,False
Cc1nnsc1C1=NNC(=O)/C1=C\c1cn(C)c2cccc(OCc3c(F)ccc(Cl)c3F)c12,CHEMBL4247,5.0,5.0,0.716,2510,False
Cc1nnsc1C1=NNC(=O)/C1=C\c1cn(C)c2cccc(OCc3c(F)ccc(Cl)c3F)c12,CHEMBL1981,6.0,6.0,0.716,947,False
Cc1nnsc1C1=NNC(=O)/C1=C\c1cn(C)c2cccc(OCc3c(F)ccc(F)c3Cl)c12,CHEMBL4247,1.0,1.0,0.736,2510,False
Cc1nnsc1C1=NNC(=O)/C1=C\c1cn(C)c2cccc(OCc3c(F)ccc(F)c3Cl)c12,CHEMBL1981,7.0,7.0,0.736,947,False
Cc1nnsc1C1=NNC(=O)/C1=C\c1cn(C)c2cccc(OCc3c(F)cccc3Cl)c12,CHEMBL4247,1.0,1.0,0.736,2510,False
Cc1nnsc1C1=NNC(=O)/C1=C\c1cn(C)c2cccc(OCc3c(F)cccc3Cl)c12,CHEMBL1981,4.0,4.0,0.736,947,False
Cc1nnsc1C1=NNC(=O)/C1=C\c1cn(C)c2cccc(OCc3c(F)cccc3F)c12,CHEMBL4247,6.0,6.0,0.791,2510,False
Cc1nnsc1C1=NNC(=O)/C1=C\c1cn(C)c2cccc(OCc3ccc(F)cc3)c12,CHEMBL4247,1.0,1.0,0.853,2510,False
Cc1nnsc1C1=NNC(=O)/C1=C\c1cn(C)c2cccc(OCc3ccc(F)cc3F)c12,CHEMBL4247,3.0,3.0,0.746,2510,False
Cc1nnsc1C1=NNC(=O)/C1=C\c1cn(C)c2cccc(OCc3cccc(F)c3)c12,CHEMBL4247,1.0,1.0,0.792,2510,False
Cc1nnsc1C1=NNC(=O)/C1=C\c1cn(C)c2cccc(OCc3ccccc3)c12,CHEMBL4247,1.0,1.0,0.879,2510,False
Cc1nnsc1C1=NNC(=O)/C1=C\c1cn(C)c2cccc(OCc3ccccc3F)c12,CHEMBL4247,1.0,1.0,0.778,2510,False
Cc1noc(-c2cc(-c3cc(S(=O)(=O)N4CC(CO)C4)ccc3C)cnc2N)n1,CHEMBL3145,3.0,3.0,0.769,2776,False
Cc1noc(-c2cc(-c3cc(S(=O)(=O)N4CC(CO)C4)ccc3C)cnc2N)n1,CHEMBL3267,1.0,1.0,0.769,3907,False
Cc1noc(-c2cc(-c3cc(S(=O)(=O)N4CC(CO)C4)ccc3C)cnc2N)n1,CHEMBL3130,2.0,2.0,0.769,7171,False
Cc1noc(-c2cc(-c3ccnn3C)nc3c2c(C)nn3-c2ccccc2)n1,CHEMBL2717,1.0,1.0,0.719,214,False
Cc1noc(C)c1-c1ccn2c(C3CCN(C#N)C3)cnc2c1,CHEMBL4523357,1.0,1.0,0.667,1029,False
Cc1noc(C2CN(c3cc(-c4n[nH]c5ccc(OC(C)C)cc45)ncn3)C2)n1,CHEMBL1075104,1.0,1.0,0.779,3454,False
Cc1noc(Cn2cc(CN(C(=O)[C@H]3CNCC[C@]3(O)c3ccc(F)c(F)c3)C3CC3)c3c(F)cccc32)n1,CHEMBL286,1.0,1.0,0.81,2967,False
Cc1noc(Cn2cc(CN(C(=O)[C@H]3CNCC[C@]3(O)c3ccc(F)c(F)c3)C3CC3)c3c(F)cccc32)n1,CHEMBL240,2.0,2.0,0.81,10985,False
Cc1noc2cc(Cl)c(Oc3ccncc3C(=O)N3CCN(C4CC4)c4ccccc43)cc12,CHEMBL5409,1.0,1.0,0.789,1168,False
Cc1noc2ccc(-c3nc4ccc(N5CCOCC5)cc4n3Cc3ccccc3)cc12,CHEMBL1163125,1.0,1.0,0.758,9315,False
Cc1noc2ccc(Oc3ccncc3C(=O)N3CCN(C4CC4)c4ccccc43)cc12,CHEMBL5409,1.0,1.0,0.892,1168,False
Cc1oc(-c2cccc(Br)c2)nc1CNCc1ccc(OC(C)(C)C(=O)O)cc1,CHEMBL235,1.0,1.0,0.726,4321,False
Cc1oc(-c2cccc(Br)c2)nc1CNCc1ccc(OC(C)(C)C(=O)O)cc1,CHEMBL239,2.0,2.0,0.726,2834,False
Cc1oc(-c2ccccc2)nc1CCOc1cccc(Cc2cn(-c3ccccc3)cc2C(=O)O)c1,CHEMBL239,1.0,1.0,0.823,2834,False
Cc1oc(-c2ccccc2)nc1CCOc1cccc(Cc2cn(-c3ccccc3)cc2C(=O)O)c1,CHEMBL235,2.0,2.0,0.823,4321,False
Cc1oc(-c2ccccc2)nc1CNCc1ccc(OC(C)(C)C(=O)O)cc1,CHEMBL239,2.0,2.0,0.759,2834,False
Cc1oc(S(=O)(=O)Nc2ccccc2)cc1NC(=O)Nc1ccccc1,CHEMBL5080,1.0,1.0,0.711,1191,False
Cc1onc(-c2ccccc2)c1COc1ccc(C(=O)NC2CN(C(=O)OC(C)(C)C)C2)cn1,CHEMBL5112,1.0,1.0,0.859,507,False
Cc1onc(-c2ccccc2Cl)c1C(=O)N1CCC[C@H]1c1nnc(-c2cccc(Cl)c2C)o1,CHEMBL5113,1.0,1.0,0.742,7217,False
Cc1sc(-c2cnccn2)nc1OCc1ccc(CN2CCCC2)cc1,CHEMBL264,1.0,1.0,0.979,4372,False
Cc1sc(N/N=C/c2cccs2)nc1-c1ccccc1,CHEMBL1951,1.0,1.0,0.681,3112,False
Cc1sc(N/N=C/c2cccs2)nc1-c1ccccc1,CHEMBL2039,2.0,2.0,0.681,4794,False
Cc1sc2c(c1C)C(c1ccc(Cl)cc1)=N[C@@H](CC(=O)NCCOCCOCCNC(=O)/C=C/c1cccnc1)c1nnc(C)n1-2,CHEMBL1163125,2.0,2.0,0.988,9315,False
Cc1sc2c(c1C)C(c1ccc(Cl)cc1)=N[C@@H](CC(=O)NCCOCCOCCNC(=O)/C=C/c1cccnc1)c1nnc(C)n1-2,CHEMBL1744525,1.0,1.0,0.988,4583,False
Cc1sc2nc(SCCCN3CCN(c4cc(C)c5ccccc5n4)CC3)n(N)c(=O)c2c1C,CHEMBL214,1.0,1.0,0.771,5809,False
Cc1sc2nc(SCCCN3CCN(c4cc(C)c5ccccc5n4)CC3)n(N)c(=O)c2c1C,CHEMBL1899,2.0,2.0,0.708,1020,False
Cc1sc2nc(SCCCN3CCN(c4ccc5ccccc5n4)CC3)n(N)c(=O)c2c1C,CHEMBL214,1.0,1.0,0.761,5809,False
Cc1sc2nc(SCCCN3CCN(c4ccc5ccccc5n4)CC3)n(N)c(=O)c2c1C,CHEMBL1899,2.0,2.0,0.739,1020,False
Cc1scnc1[C@H](Nc1cc(C#N)c2ncc(C#N)c(NCC(C)(C)C)c2c1)C1=CN(C2(C(F)F)CC2)NN1,CHEMBL203,1.0,1.0,0.827,11022,False
Cc1scnc1[C@H](Nc1cc(Cl)c2ncc(C#N)c(NCC(C)(C)C)c2c1)C1=CN(C2(C(F)F)CC2)NN1,CHEMBL203,1.0,1.0,0.833,11022,False
Clc1cc(Cl)cc(Nc2nccc(-c3cnn4ncccc34)n2)c1,CHEMBL301,4.0,4.0,0.643,2596,False
Clc1cc(Cl)cc(Nc2nccc(-c3cnn4ncccc34)n2)c1,CHEMBL331,1.0,2.0,0.643,1424,False
Clc1ccc(-c2cc(-c3ccc4c(c3)OCO4)n3c(n2)nc2ccccc23)cc1,CHEMBL1974,2.0,2.0,0.459,4344,False
Clc1ccc(-c2ccc(C3=NOC(c4cccc(-c5cncnc5)c4)N3c3ccc(N4CCNCC4)cc3)o2)cc1,CHEMBL2208,1.0,1.0,0.825,1083,False
Clc1ccc(-c2ncnc3c2cnn3CCN2CCCCC2)cc1,CHEMBL287,1.0,1.0,0.766,3166,False
Clc1ccc(C(CC2CCCCC2)C2CCCCN2)cc1,CHEMBL238,3.0,3.0,0.971,3420,False
Clc1ccc(C(CC2CCCCC2)C2CCCCN2)cc1,CHEMBL228,2.0,2.0,0.971,5328,False
Clc1ccc(C(CC2CCCCC2)C2CCCCN2)cc1,CHEMBL222,1.0,1.0,0.971,3692,False
Clc1ccc(C(Cn2ccnc2)OCc2cc3ccccc3s2)c(Cl)c1,CHEMBL4685,1.0,1.0,0.721,3604,False
Clc1ccc(CCN2CCN3CCC[C@H]3C2)cc1Cl,CHEMBL287,1.0,1.0,1.0,3166,True
Clc1ccc(CCN2CCn3c(nc4ccccc43)C2)cc1,CHEMBL5137,1.0,1.0,0.696,1873,False
Clc1ccc(CNc2nccc(-c3ccc4cn[nH]c4c3)n2)cc1Cl,CHEMBL4203,5.0,5.0,0.84,1069,False
Clc1ccc(CNc2nccc(-c3ccc4cn[nH]c4c3)n2)cc1Cl,CHEMBL2292,2.0,2.0,0.84,3800,False
Clc1ccc(CNc2nccc(-c3ccc4cn[nH]c4c3)n2)cc1Cl,CHEMBL5543,4.0,4.0,0.84,754,False
Clc1ccc(CNc2nccc(-c3ccc4cn[nH]c4c3)n2)cc1Cl,CHEMBL4225,3.0,3.0,0.84,1438,False
Clc1ccc(CNc2nccc(-c3ccc4cn[nH]c4c3)n2)cc1Cl,CHEMBL4224,1.0,1.0,0.84,575,False
Clc1ccc(N2CCN(Cc3cccs3)CC2)cc1,CHEMBL1850,29.0,30.0,0.408,395,False
Clc1ccc(N2CCN(Cc3cccs3)CC2)cc1,CHEMBL219,1.0,1.0,0.605,2981,False
Clc1ccc(N2CCN(Cc3cccs3)CC2)cc1Cl,CHEMBL1850,108.0,150.0,0.302,395,False
Clc1ccc(N2CCN(Cc3cccs3)CC2)cc1Cl,CHEMBL219,2.0,2.0,0.491,2981,False
Clc1ccc(N2CCN(Cc3cccs3)CC2)cc1Cl,CHEMBL234,4.0,4.0,0.491,6166,False
Clc1ccc(N2CCN(Cc3cccs3)CC2)cc1Cl,CHEMBL217,1.0,1.0,0.491,9217,False
Clc1ccc(N2CCN(Cc3cccs3)CC2)cc1Cl,CHEMBL2056,11.0,12.0,0.414,1513,False
Clc1ccc(Nc2nccc(-c3cnn4ncccc34)n2)cc1Cl,CHEMBL262,3.0,3.0,0.679,5430,False
Clc1ccc(Nc2nccc(-c3cnn4ncccc34)n2)cc1Cl,CHEMBL301,4.0,4.0,0.679,2596,False
Clc1ccc(Nc2nccc(-c3cnn4ncccc34)n2)cc1Cl,CHEMBL331,2.0,2.0,0.679,1424,False
Clc1ccc(OC[C@H]2C[C@@H]3C[C@@H]3N2)cn1,CHEMBL289,1.0,1.0,1.0,3036,True
Clc1ccc2c(c1)CC1(CCCOC1)Cc1nnc([C@H]3CC[C@H](Oc4ccccn4)CC3)n1-2,CHEMBL1889,1.0,1.0,0.909,1561,False
Clc1ccc2c(c1)CN1CCCCCC1=N2,CHEMBL220,1.0,1.0,0.641,6051,False
Clc1ccc2c(c1)N=C1CCCCCN1C2,CHEMBL220,1.0,1.0,0.641,6051,False
Clc1cccc(N2CCN(Cc3cccs3)CC2)c1Cl,CHEMBL1850,32.0,35.0,0.387,395,False
Clc1cccc(N2CCN(Cc3cccs3)CC2)c1Cl,CHEMBL219,2.0,2.0,0.634,2981,False
Clc1cccc(N2CCN(Cc3cccs3)CC2)c1Cl,CHEMBL234,3.0,3.0,0.634,6166,False
Clc1cccc(N2CCN(Cc3cccs3)CC2)c1Cl,CHEMBL217,1.0,1.0,0.634,9217,False
Clc1cccc2c(-n3c(C4CC4)nc4c(-c5cnn[nH]5)cc(N5CCOCC5)cc43)ccnc12,CHEMBL4437,1.0,1.0,0.803,899,False
Clc1cccc2c1CN1CCCCCC1=N2,CHEMBL220,1.0,1.0,0.6,6051,False
Clc1cccc2c1N=C1CCCCCN1C2,CHEMBL220,1.0,1.0,0.6,6051,False
Clc1ccccc1-c1ccc2cc(Nc3ccccn3)ncc2c1,CHEMBL1862,1.0,1.0,0.791,3101,False
Clc1ccccc1-c1ncnc2c1cnn2CCN1CCCCC1,CHEMBL287,1.0,1.0,0.698,3166,False
Clc1ccccc1N1CCN(Cc2cccs2)CC1,CHEMBL219,1.0,3.0,0.524,2981,False
Clc1ccccc1N1CCN(Cc2cccs2)CC1,CHEMBL234,3.0,5.0,0.524,6166,False
Clc1ccccc1N1CCN(Cc2cccs2)CC1,CHEMBL217,2.0,4.0,0.524,9217,False
Clc1nccc(Nc2c[nH]nc2-c2nc3ccccc3[nH]2)n1,CHEMBL2599,1.0,1.0,0.717,5285,False
Clc1ncnc2c1CC[C@@H]1CNCCCN21,CHEMBL225,2.0,2.0,0.617,3966,False
Clc1ncnc2c1CC[C@@H]1CNCCCN21,CHEMBL1833,3.0,3.0,0.617,2154,False
Clc1ncnc2c1CC[C@@H]1CNCCCN21,CHEMBL224,1.0,1.0,0.617,6081,False
Cn1c(=O)c(C(=O)NNC(=O)c2ccccc2F)c(O)c2ccccc21,CHEMBL1741208,2.0,2.0,0.569,657,False
Cn1c(=O)c(C(=O)Nc2ccc(Oc3ccnc(NC(=O)C4CC4)c3)c(F)c2)nn(-c2ccc(Cl)cc2)c1=O,CHEMBL3717,1.0,1.0,0.779,4639,False
Cn1c(=O)c(C(=O)Nc2ccc(Oc3ccnc(NC(=O)C4CC4)c3)c(F)c2)nn(-c2ccc(F)c(Cl)c2)c1=O,CHEMBL3717,1.0,1.0,0.72,4639,False
Cn1c(=O)c(C(=O)Nc2ccc(Oc3ccnc(NC(=O)C4CC4)c3)c(F)c2)nn(-c2ccc(F)cc2)c1=O,CHEMBL3717,1.0,1.0,0.773,4639,False
Cn1c(=O)c(C(=O)Nc2ccc(Oc3ccnc(NC(=O)C4CC4)c3)c(F)c2)nn(-c2cccc(Cl)c2)c1=O,CHEMBL3717,1.0,1.0,0.675,4639,False
Cn1c(=O)c(C(=O)Nc2ccc(Oc3ccnc(NC(=O)C4CC4)c3)c(F)c2)nn(-c2cccc(F)c2)c1=O,CHEMBL3717,1.0,1.0,0.679,4639,False
Cn1c(=O)c(C(=O)Nc2ccc(Oc3ccnc(NC(=O)C4CC4)c3)c(F)c2)nn(-c2ccccc2)c1=O,CHEMBL3717,1.0,1.0,0.773,4639,False
Cn1c(=O)c(C(=O)Nc2ccc(Oc3ccnc(NC(=O)C4CC4)c3)c(F)c2)nn(-c2ccccc2F)c1=O,CHEMBL3717,1.0,1.0,0.776,4639,False
Cn1c(=O)c(Nc2ccc(C(=O)Nc3cc[nH]n3)cc2)nc2ccccc21,CHEMBL3526,1.0,1.0,0.695,107,False
Cn1c(=O)c2[nH]c(-c3ccc(COC(=O)Nc4ccccn4)cc3)cc2n(C)c1=O,CHEMBL255,3.0,3.0,0.754,3330,False
Cn1c(=O)c2[nH]c(-c3ccc(COC(=O)Nc4ccccn4)cc3)cc2n(C)c1=O,CHEMBL251,4.0,4.0,0.754,6698,False
Cn1c(=O)c2[nH]c(-c3ccc(COC(=O)Nc4cccs4)cc3)cc2n(C)c1=O,CHEMBL255,1.0,1.0,0.75,3330,False
Cn1c(=O)c2[nH]c(-c3ccc(COC(=O)Nc4cccs4)cc3)cc2n(C)c1=O,CHEMBL251,4.0,4.0,0.75,6698,False
Cn1c(=O)c2c(ncn2S(=O)(=O)c2ccccc2Cl)n(C)c1=O,CHEMBL4805,2.0,2.0,0.481,4787,False
Cn1c(=O)n(C)c2cc(-c3c[nH]nc3-c3ccccc3)ccc21,CHEMBL260,1.0,1.0,0.596,5079,False
Cn1c(=O)n(CC(=O)N2CCN(c3cccc4c3CN(C(=O)c3ccccc3)CC4)CC2)c2ccccc21,CHEMBL4441,1.0,1.0,0.746,1777,False
Cn1c(=O)oc2cc(S(=O)(=O)N3CCC4(CC3)Nc3cc(F)ccc3-n3cccc34)ccc21,CHEMBL4295747,4.0,3.0,0.5,236,False
Cn1c(=O)sc2cc(CCCCN3CCC(c4ccccc4)CC3)ccc21,CHEMBL287,1.0,1.0,0.86,3166,False
Cn1c(C(=O)Nc2ccc(N3CCN(C(=O)Nc4ccccc4F)CC3)nc2)cc2ccccc21,CHEMBL6009,1.0,1.0,0.667,1340,False
Cn1c(C(C)(C)[C@H]2CN(S(=O)(=O)c3ccc(F)cc3)c3cc(NC(=O)OC(C)(C)C(F)(F)F)ccc3O2)n[nH]c1=O,CHEMBL1741186,1.0,1.0,1.0,10748,True
Cn1c(CCc2ccc(F)cc2)nc2c(c(-c3cc(Cl)c(O)c(C(N)=O)c3)cn2CC(=O)Nc2cc(N3CCOCC3)ncc2Cl)c1=O,CHEMBL4227,1.0,1.0,0.714,2172,False
Cn1c(CN2C(=O)CN(c3ccc(F)cc3)C2=O)cc2cnc(C(=O)N[C@H](C#N)CCCCN)nc21,CHEMBL1801,1.0,1.0,0.825,983,False
Cn1c(CN2C(=O)CN(c3cccc(C(N)=O)c3)C2=O)cc2cnc(C(=O)N[C@H](C#N)CCCCN)nc21,CHEMBL1801,1.0,1.0,0.765,983,False
Cn1c2c(c3ccc(-n4ccc(-c5ccc(C(F)(F)F)nc5)cc4=O)cc31)C1CCC(C2)N1,CHEMBL344,1.0,1.0,0.818,3656,False
Cn1c2c(c3ccc(-n4ccc(OCc5ccccc5)cc4=O)cc31)C1CCCN1CC2,CHEMBL344,1.0,1.0,0.951,3656,False
Cn1c2c(c3ccc(C(=O)Nc4ccccc4)cc31)C(=O)c1ccc(OC[C@@H](O)[C@H](O)CO)cc1C2(C)C,CHEMBL4247,1.0,1.0,0.74,2510,False
Cn1c2nc3ccccc3c-2c(NCCCCNc2c3c(nc4ccccc24)CCCC3)c2ccccc21,CHEMBL1914,2.0,2.0,0.98,3653,False
Cn1c2nc3ccccc3c-2c(NCCCCNc2c3c(nc4ccccc24)CCCC3)c2ccccc21,CHEMBL220,1.0,1.0,0.98,6051,False
Cn1cc(-c2cc(-c3ccc(N4CCC(Oc5ccc(Cl)cc5)CC4)nc3)c3c(C#N)cnn3c2)cn1,CHEMBL2041,1.0,1.0,0.786,4396,False
Cn1cc(-c2cc(-c3ccc(N4CCC(Oc5ccccc5)CC4)nc3)c3c(C#N)cnn3c2)cn1,CHEMBL2041,1.0,1.0,0.803,4396,False
Cn1cc(-c2cc(F)c(NC(=O)c3cn(CC4CCOCC4)cc(-c4ccc(F)cc4)c3=O)cc2F)c2c(N)ncnc21,CHEMBL4895,2.0,2.0,0.69,2888,False
Cn1cc(-c2cc(F)c(NC(=O)c3cn(CC4CCOCC4)cc(-c4ccc(F)cc4)c3=O)cc2F)c2c(N)ncnc21,CHEMBL3717,1.0,1.0,0.69,4639,False
Cn1cc(-c2ccc(-c3cncc4ccc(-c5ccnn5C)nc34)cc2)cn1,CHEMBL5719,1.0,1.0,0.68,677,False
Cn1cc(-c2ccc(C[C@@H](C#N)NC(=O)[C@H]3N[C@@H]4CC[C@H]3C4)c(F)c2)ccc1=O,CHEMBL2252,1.0,1.0,0.824,945,False
Cn1cc(-c2ccc(C[C@@H](C#N)NC(=O)[C@H]3N[C@@H]4CC[C@H]3C4)c(F)c2)ccc1=O,CHEMBL268,2.0,2.0,0.746,2225,False
Cn1cc(-c2ccc(F)c(C(F)(F)F)c2)nc1C1CCN(c2ncnc(N)c2-c2ccc(Cl)nc2)CC1,CHEMBL4501,1.0,1.0,0.841,1918,False
Cn1cc(-c2ccc(F)c(C(F)(F)F)c2)nc1C1CCN(c2ncnc(N)c2-c2ccc(F)nc2)CC1,CHEMBL4501,1.0,1.0,0.866,1918,False
Cn1cc(-c2ccc(F)c(C(F)(F)F)c2)nc1C1CCN(c2ncnc(N)c2-c2ccc(N)nc2)CC1,CHEMBL4501,1.0,1.0,0.866,1918,False
Cn1cc(-c2ccc(F)c(C(F)(F)F)c2)nc1C1CCN(c2ncnc(N)c2-c2ccc(N)nc2)CC1,CHEMBL4282,2.0,2.0,0.838,3688,False
Cn1cc(-c2ccc(F)c(C(F)(F)F)c2)nc1C1CCN(c2ncnc(N)c2-c2cccnc2)CC1,CHEMBL4501,2.0,2.0,0.855,1918,False
Cn1cc(-c2ccc(F)c(C(F)(F)F)c2)nc1C1CCN(c2ncnc(N)c2-c2cccnc2)CC1,CHEMBL4282,1.0,1.0,0.855,3688,False
Cn1cc(-c2ccc(NC(=O)c3cn(CC4CCOCC4)cc(-c4ccc(C(F)(F)F)cc4)c3=O)cc2)c2c(N)ncnc21,CHEMBL4895,2.0,2.0,0.738,2888,False
Cn1cc(-c2ccc(NC(=O)c3cn(CC4CCOCC4)cc(-c4ccc(C(F)(F)F)cc4)c3=O)cc2)c2c(N)ncnc21,CHEMBL3717,1.0,1.0,0.738,4639,False
Cn1cc(-c2ccc(NC(=O)c3cn(CC4CCOCC4)cc(-c4ccc(Cl)cc4)c3=O)cc2)c2c(N)ncnc21,CHEMBL4895,2.0,2.0,0.744,2888,False
Cn1cc(-c2ccc(NC(=O)c3cn(CC4CCOCC4)cc(-c4ccc(Cl)cc4)c3=O)cc2)c2c(N)ncnc21,CHEMBL3717,1.0,1.0,0.744,4639,False
Cn1cc(-c2ccc(NC(=O)c3cn(CC4CCOCC4)cc(-c4ccc(F)cc4)c3=O)c(Cl)c2)c2c(N)ncnc21,CHEMBL4895,1.0,1.0,0.702,2888,False
Cn1cc(-c2ccc(NC(=O)c3cn(CC4CCOCC4)cc(-c4ccc(F)cc4)c3=O)c(Cl)c2)c2c(N)ncnc21,CHEMBL3717,2.0,2.0,0.702,4639,False
Cn1cc(-c2ccc(NC(=O)c3cn(CC4CCOCC4)cc(-c4ccc(F)cc4)c3=O)c(F)c2)c2c(N)ncnc21,CHEMBL4895,2.0,2.0,0.72,2888,False
Cn1cc(-c2ccc(NC(=O)c3cn(CC4CCOCC4)cc(-c4ccc(F)cc4)c3=O)c(F)c2)c2c(N)ncnc21,CHEMBL3717,1.0,1.0,0.72,4639,False
Cn1cc(-c2ccc(NC(=O)c3cn(CC4CCOCC4)cc(-c4ccc(F)cc4)c3=O)cc2)c2c(N)ncnc21,CHEMBL4895,1.0,1.0,0.863,2888,False
Cn1cc(-c2ccc(NC(=O)c3cn(CC4CCOCC4)cc(-c4ccc(F)cc4)c3=O)cc2)c2c(N)ncnc21,CHEMBL3717,2.0,2.0,0.863,4639,False
Cn1cc(-c2ccc(NC(=O)c3cn(CC4CCOCC4)cc(-c4ccc(F)cc4)c3=O)cc2F)c2c(N)ncnc21,CHEMBL4895,2.0,2.0,0.753,2888,False
Cn1cc(-c2ccc(NC(=O)c3cn(CC4CCOCC4)cc(-c4ccc(F)cc4)c3=O)cc2F)c2c(N)ncnc21,CHEMBL3717,1.0,1.0,0.753,4639,False
Cn1cc(-c2ccc(NC(=O)c3cn(CC4CCOCC4)cc(-c4ccc(F)cc4F)c3=O)cc2)c2c(N)ncnc21,CHEMBL4895,1.0,1.0,0.753,2888,False
Cn1cc(-c2ccc(NC(=O)c3cn(CC4CCOCC4)cc(-c4ccc(F)cc4F)c3=O)cc2)c2c(N)ncnc21,CHEMBL3717,2.0,2.0,0.753,4639,False
Cn1cc(-c2ccc(NC(=O)c3cn(CC4CCOCC4)cc(-c4cccc(F)c4)c3=O)cc2)c2c(N)ncnc21,CHEMBL4895,1.0,1.0,0.753,2888,False
Cn1cc(-c2ccc(NC(=O)c3cn(CC4CCOCC4)cc(-c4cccc(F)c4)c3=O)cc2)c2c(N)ncnc21,CHEMBL3717,2.0,2.0,0.753,4639,False
Cn1cc(-c2ccc(NC(=O)c3cn(CC4CCOCC4)cc(-c4ccccc4)c3=O)cc2)c2c(N)ncnc21,CHEMBL4895,1.0,1.0,0.753,2888,False
Cn1cc(-c2ccc(NC(=O)c3cn(CC4CCOCC4)cc(-c4ccccc4)c3=O)cc2)c2c(N)ncnc21,CHEMBL3717,2.0,2.0,0.753,4639,False
Cn1cc(-c2ccc(O[C@H]3CCN(C(=O)Cc4ccc(OC(F)(F)F)cc4)C3)c(C(N)=O)n2)cn1,CHEMBL2815,3.0,3.0,1.0,4872,True
Cn1cc(-c2ccc(O[C@H]3CCN(C(=O)Cc4ccc(OC(F)(F)F)cc4)C3)c(C(N)=O)n2)cn1,CHEMBL4898,2.0,2.0,1.0,807,True
Cn1cc(-c2ccc(O[C@H]3CCN(C(=O)Cc4ccc(OC(F)(F)F)cc4)C3)c(C(N)=O)n2)cn1,CHEMBL5608,4.0,4.0,1.0,635,True
Cn1cc(-c2ccc(Oc3ncccc3-c3ccncc3)cc2)c2ncc(Cl)cc21,CHEMBL4409,1.0,1.0,0.778,5483,False
Cn1cc(-c2ccc(Oc3ncccc3-c3ccncc3)cc2)c2ncccc21,CHEMBL4409,1.0,1.0,0.804,5483,False
Cn1cc(-c2ccc3[nH]ncc3c2)c2nc(N)ncc21,CHEMBL2208,52.0,2.0,0.435,1083,False
Cn1cc(-c2ccc3cnc(NC(=O)c4ccc5ncccc5c4)cc3c2)cn1,CHEMBL2292,2.0,2.0,0.807,3800,False
Cn1cc(-c2ccc3cnc(NC(=O)c4ccc5ncccc5c4)cc3c2)cn1,CHEMBL1255129,3.0,3.0,0.807,915,False
Cn1cc(-c2ccc3nc(C4CCOCC4)[nH]c3c2Oc2ccccc2)ccc1=O,CHEMBL1163125,1.0,1.0,0.5,9315,False
Cn1cc(-c2ccc3nc(C4CCOCC4)[nH]c3c2Oc2ccccc2)ccc1=O,CHEMBL1293289,18.0,8.0,0.329,905,False
Cn1cc(-c2ccc3nc(C4CCOCC4)[nH]c3c2Oc2ccccc2)ccc1=O,CHEMBL1795186,43.0,14.0,0.329,972,False
Cn1cc(-c2ccc3nc(C4CCOCC4)[nH]c3c2Oc2ccccc2)ccc1=O,CHEMBL1795185,35.0,13.0,0.329,264,False
Cn1cc(-c2ccc3nc[nH]c(=O)c3c2)cn1,CHEMBL5903,13.0,2.0,0.519,1119,False
Cn1cc(-c2ccc3ncc(-c4cccc(NC5CNC5)n4)n3c2)cn1,CHEMBL2079845,3.0,3.0,0.679,319,False
Cn1cc(-c2ccc3ncc(-c4cccc(NC5CNC5)n4)n3c2)cn1,CHEMBL1974,2.0,2.0,0.679,4344,False
Cn1cc(-c2cccc(-c3ncc(-c4cnn(C)c4)c(NCC4[C@H]5CN(S(C)(=O)=O)C[C@@H]45)n3)c2)cn1,CHEMBL3778,1.0,2.0,0.686,7453,False
Cn1cc(-c2cccc(-c3ncc(-c4cnn(C)c4)c(NCC4[C@H]5CNC[C@@H]45)n3)c2)cn1,CHEMBL3778,1.0,1.0,0.738,7453,False
Cn1cc(-c2cccc(C(=O)NCc3ccccc3)c2)c2cc[nH]c2c1=O,CHEMBL3217390,1.0,1.0,0.722,168,False
Cn1cc(-c2cccc(S(=O)(=O)NC3CC3)c2)c2ccccc2c1=O,CHEMBL1163125,1.0,1.0,0.776,9315,False
Cn1cc(-c2cn(-c3cccc4c(-c5ccc(C(N)=O)c(N)c5)cc(C5CC5)nc34)cn2)cn1,CHEMBL3880,1.0,1.0,0.809,1708,False
Cn1cc(-c2cn(-c3cccc4c(-c5ccc(C(N)=O)c(NC(C)(C)C)c5)cc(C5CC5)nc34)cn2)cn1,CHEMBL3880,1.0,1.0,0.824,1708,False
Cn1cc(-c2cnc(N)c(-c3ccc(C(=O)N[C@H]4C[C@@H]4c4ccccc4)c(F)c3)c2)cn1,CHEMBL4040,1.0,1.0,1.0,5246,True
Cn1cc(-c2cnc(NC(=O)[C@@H](NCCc3ccc(C#N)cc3)c3ccccc3)cn2)cn1,CHEMBL3784,1.0,1.0,1.0,752,True
Cn1cc(-c2cnc(NCc3cccc(C(F)(F)F)c3)nc2NC2CCCCC2)cn1,CHEMBL5314,2.0,2.0,0.648,1890,False
Cn1cc(-c2cnc(NCc3cccc(C(F)(F)F)c3)nc2NC2CCCCC2)cn1,CHEMBL4895,1.0,1.0,0.648,2888,False
Cn1cc(-c2cnc(NCc3cccc(C(F)(F)F)c3)nc2NC2CCCCC2)cn1,CHEMBL5331,3.0,3.0,0.609,2333,False
Cn1cc(-c2cnc(OCC(F)(F)F)c(Cl)c2)c2ccc(C(=O)NS(C)(=O)=O)cc21,CHEMBL4296,1.0,1.0,0.75,7797,False
Cn1cc(-c2cnc(OCC(F)(F)F)c(Cl)c2)c2ccc(C(=O)NS(C)(=O)=O)cc21,CHEMBL1980,2.0,2.0,0.635,1446,False
Cn1cc(-c2cnc(OCC(F)F)c(Cl)c2)c2ccc(C(=O)NS(C)(=O)=O)cc21,CHEMBL4296,1.0,1.0,0.75,7797,False
Cn1cc(-c2nc(N3CCC4(CCC(=O)N4CC4CC(F)(F)C4)CC3)cnc2C#N)cn1,CHEMBL3130,1.0,1.0,0.846,7171,False
Cn1cc(-c2nc[nH]c2-c2ccc(F)cc2)ccc1=O,CHEMBL1163125,5.0,5.0,0.469,9315,False
Cn1cc(/C=C2\C(=O)NN=C2c2nccs2)c2cc3c(cc21)OCO3,CHEMBL279,1.0,1.0,0.71,10551,False
Cn1cc(C(C)(O)c2cc(F)c3c(c2)C(=O)N(Cc2ccc(Cl)cn2)[C@@]3(OCCO)c2ccc(Cl)cc2)cn1,CHEMBL5023,1.0,1.0,0.823,4821,False
Cn1cc(C(F)(F)F)nc1-c1ccc(Cn2ncc3cnc(-c4ccccc4S(C)(=O)=O)nc32)cc1,CHEMBL1795087,1.0,1.0,0.7,546,False
Cn1cc(C2CCN(C(=O)C3CCCCC3)CC2)c2c(C(F)(F)F)c(NC(=O)c3cccc(C#N)c3)cnc21,CHEMBL1741186,1.0,1.0,0.986,10748,False
Cn1cc(CN(C(=O)CCCN2C(N)=Nc3ccc(Oc4ccccc4)cc3C2CC2CCCCC2)C2CCCCC2)cn1,CHEMBL4822,1.0,1.0,0.823,9994,False
Cn1cc(CNc2cc(OC[C@H]3C[C@@H]3c3nn(C)c4ccccc34)nn(C)c2=O)cn1,CHEMBL4409,1.0,1.0,1.0,5483,True
Cn1cc(OC[C@H](N)[C@](O)(Cc2cc(O[C@H]3CC[C@H](C)CC3)ccn2)C(=O)O)cn1,CHEMBL2693,1.0,1.0,0.75,492,False
Cn1cc2c(nc(NC(=O)c3ccccc3)n3nc(-c4ccc(Br)cc4)nc23)n1,CHEMBL256,2.0,2.0,0.821,4904,False
Cn1cc2c(nc(NC(=O)c3ccccc3)n3nc(-c4ccc(Cl)cc4)nc23)n1,CHEMBL256,3.0,3.0,0.821,4904,False
Cn1cc2c(nc(NC(=O)c3ccccc3)n3nc(-c4ccc(F)cc4)nc23)n1,CHEMBL226,3.0,3.0,0.763,5123,False
Cn1cc2c(nc(NC(=O)c3ccccc3)n3nc(-c4ccc(F)cc4)nc23)n1,CHEMBL256,1.0,1.0,0.793,4904,False
Cn1cc2c(nc(NC(=O)c3ccccc3)n3nc(-c4ccc([N+](=O)[O-])cc4)nc23)n1,CHEMBL256,3.0,3.0,0.778,4904,False
Cn1cc2c(nc(NC(=O)c3ccccc3)n3nc(-c4ccccc4)nc23)n1,CHEMBL226,3.0,3.0,0.741,5123,False
Cn1cc2c(nc(NC(=O)c3ccccc3)n3nc(-c4ccccc4)nc23)n1,CHEMBL251,2.0,2.0,0.741,6698,False
Cn1cc2c(nc(NC(=O)c3ccccc3)n3nc(-c4ccccc4)nc23)n1,CHEMBL256,1.0,1.0,0.774,4904,False
Cn1ccc(-c2ccc3nc(Cc4nnc(CC(=O)NC5(C#N)CC5)o4)sc3c2)n1,CHEMBL5080,1.0,1.0,0.722,1191,False
Cn1ccc(COc2ccc(-c3cccc4nc(NC(=O)C5CC5)nn34)cc2)n1,CHEMBL2971,1.0,1.0,0.75,12637,False
Cn1ccc(Nc2nc(N[C@H]3CC[C@H](N)C3)c3sccc3n2)n1,CHEMBL3778,1.0,1.0,0.619,7453,False
Cn1ccc2c(=O)n(CC3(O)CCN(C(=O)[C@@H]4CCN(Cc5ccccc5)C[C@H]4c4ccccc4)CC3)cnc21,CHEMBL2157850,1.0,1.0,0.767,618,False
Cn1cccc1C(=O)Oc1ccc2nc(S(N)(=O)=O)sc2c1,CHEMBL205,1.0,1.0,0.66,8715,False
Cn1ccn2ncc(C(=O)Nc3cc4c(cc3N3CCOCC3)C(=O)N(C[C@@H](F)C(C)(C)O)C4)c2c1=O,CHEMBL3778,1.0,1.0,0.747,7453,False
Cn1cnc(-c2cccc(NC(=O)Nc3cc(C(F)(F)F)ccc3F)c2)c1-c1cc2c(N)ncnc2s1,CHEMBL4128,1.0,1.0,0.654,862,False
Cn1cnc(-c2cccc(NC(=O)Nc3ccccc3)c2)c1-c1cc2c(N)ncnc2s1,CHEMBL4128,1.0,1.0,0.779,862,False
Cn1cnc(NCc2cccc3ncccc23)c1-c1nnc(Nc2ccc(Cl)cc2)o1,CHEMBL279,1.0,1.0,0.683,10551,False
Cn1cnc(S(=O)(=O)N2CC(C(NC(=O)c3ccc(Cl)cc3Cl)c3ccccn3)C2)c1,CHEMBL2337,1.0,1.0,1.0,1047,True
Cn1cnc(S(=O)(=O)Nc2cc3c(cc2Oc2ccc(OCc4ccccc4)cc2)n(C)c(=O)n3C)c1,CHEMBL3108638,1.0,1.0,0.867,170,False
Cn1cnc2c(-c3cc(Cl)ccc3Oc3cc(F)c(S(=O)(=O)Nc4ncns4)cc3F)ncnc21,CHEMBL4296,1.0,1.0,0.667,7797,False
Cn1cnc2c(-c3cnc(OCCC4CCN(C5CCC5)CC4)c(C(F)(F)F)c3)nc(C#N)nc21,CHEMBL2954,1.0,1.0,0.887,2538,False
Cn1cnc2cc(-c3ccc(N4CCOCC4)cc3)nc(NCc3cn[nH]c3)c2c1=O,CHEMBL2599,1.0,1.0,0.761,5285,False
Cn1cnc2cc(-c3ncc4c(cc(CN5CC[C@H](N)C5)n4C)c3-c3ccc(C#N)c(F)c3)ccc21,CHEMBL6136,1.0,1.0,0.803,3886,False
Cn1cncc1-c1ccc2cnc(NC(=O)c3ccnc(N4CCOCC4)c3)cc2c1,CHEMBL2292,2.0,2.0,0.855,3800,False
Cn1cncc1-c1ccc2cnc(NC(=O)c3ccnc(N4CCOCC4)c3)cc2c1,CHEMBL262,1.0,1.0,0.855,5430,False
Cn1cncc1-c1ccc2cnc(NC(=O)c3ccnc(N4CCOCC4)c3)cc2c1,CHEMBL1255129,3.0,3.0,0.855,915,False
Cn1cncc1C(O)(c1ccc(Cl)cc1)c1ccc2nc(C#N)c(-c3ccccc3)c(C#N)c2c1,CHEMBL1741186,1.0,1.0,0.746,10748,False
Cn1cncc1C(O)(c1ccc(Cl)cc1)c1ccc2nc(C#N)c(-c3ccccc3)c(Cl)c2c1,CHEMBL1741186,1.0,1.0,0.742,10748,False
Cn1cncc1C(O)(c1ccc(Cl)cc1)c1ccc2nc(C(F)(F)F)c(-c3ccccc3)c(C(F)(F)F)c2c1,CHEMBL1741186,1.0,1.0,0.625,10748,False
Cn1cncc1C(O)(c1ccc(Cl)cc1)c1ccc2nc(C(F)(F)F)c(-c3ccccc3)c(Cl)c2c1,CHEMBL1741186,1.0,1.0,0.698,10748,False
Cn1cncc1C(O)(c1ccc(Cl)cc1)c1ccc2nc(Cl)c(-c3ccccc3)c(Cl)c2c1,CHEMBL1741186,1.0,1.0,0.873,10748,False
Cn1cncc1C(O)(c1ccc(Cl)cc1)c1ccc2nc(Cl)c(-c3ccccc3)cc2c1,CHEMBL1741186,1.0,1.0,0.625,10748,False
Cn1cncc1C(O)(c1ccc(Cl)cc1)c1ccc2ncc(-c3ccccc3)c(Cl)c2c1,CHEMBL1741186,1.0,1.0,0.641,10748,False
Cn1nc(-c2ccc(OCc3ccccc3)cc2)c2c(N)ncnc21,CHEMBL4005,3.0,6.0,0.62,7718,False
Cn1nc(-c2ccc(OCc3ccccc3)cc2)c2c(N)ncnc21,CHEMBL3145,8.0,11.0,0.62,2776,False
Cn1nc(-c2ccc(OCc3ccccc3)cc2)c2c(N)ncnc21,CHEMBL3130,7.0,10.0,0.62,7171,False
Cn1nc(-c2ccc(OCc3ccccc3)cc2)c2c(N)ncnc21,CHEMBL3267,6.0,9.0,0.62,3907,False
Cn1nc(-c2ccc(OCc3ccccc3)cc2)c2c(N)ncnc21,CHEMBL3142,9.0,12.0,0.62,1390,False
Cn1nc(C(F)(F)F)cc1-c1cnc(N2CCc3cc(S(=O)(=O)Nc4c(F)cc(Cl)cc4F)cc(N4CCCC4=O)c32)nc1,CHEMBL2321630,2.0,2.0,0.73,1258,False
Cn1nc(C(F)(F)F)cc1-c1cnc(N2CCc3cc(S(=O)(=O)Nc4c(F)cc(Cl)cc4F)cc(N4CCCC4=O)c32)nc1,CHEMBL2616,1842.0,2824.0,0.132,15,False
Cn1nc(C(F)(F)F)cc1-c1cnc(N2CCc3cc(S(=O)(=O)Nc4c(F)cc(Cl)cc4F)cc(N4CCCC4=O)c32)nc1,CHEMBL1983,240.0,377.0,0.212,1314,False
Cn1nc(C(F)(F)F)cc1-c1cnc(N2CCc3cc(S(=O)(=O)Nc4c(F)cc(Cl)cc4F)cc(N4CCCC4=O)c32)nc1,CHEMBL4105907,422.0,372.0,0.213,832,False
Cn1nc(C(F)(F)F)cc1-c1cnc(N2CCc3cc(S(=O)(=O)Nc4c(F)cc(Cl)cc4F)cc(N4CCCC4=O)c32)nc1,CHEMBL2439944,1.0,1.0,0.808,261,False
Cn1nc(OCc2ccccn2)c2ccc(Nc3n[nH]c4cccnc34)cc21,CHEMBL2736,1.0,1.0,0.78,1466,False
Cn1nc2c(=O)n(CC3(O)CCN(Cc4ccc(C5=CCCC5)cc4Cl)CC3)cnc2c1-c1ccc(CN)cc1,CHEMBL2157850,1.0,1.0,0.775,618,False
Cn1nc2c(c1-c1cc(F)c(F)c(F)c1)C[C@@H]1CCC[C@H]2N1C(=O)c1ccc2ncccc2n1,CHEMBL4191,1.0,1.0,0.818,2112,False
Cn1nc2c(c1-c1cc(F)c(F)c(F)c1)C[C@@H]1CCC[C@H]2N1C(=O)c1ccn2ncnc2c1,CHEMBL4191,1.0,1.0,0.757,2112,False
Cn1nc2c(c1-c1cc(F)cc(F)c1)C[C@@H]1CCC[C@H]2N1C(=O)c1ccc2ncccc2n1,CHEMBL4191,1.0,1.0,0.779,2112,False
Cn1ncc(Cl)c1-c1cc(C(=O)N[C@H]2CNCC[C@@H]2c2ccc(C(F)(F)F)cc2)oc1Cl,CHEMBL4282,1.0,1.0,1.0,3688,True
Cn1ncc(Cl)c1-c1cc(C(=O)N[C@H]2CNCC[C@@H]2c2ccc(F)c(F)c2)oc1Cl,CHEMBL4282,1.0,1.0,1.0,3688,True
Cn1ncc(NC(=O)c2nc(-c3c(F)cccc3F)sc2N)c1C12CCC(O)C(CC1)O2,CHEMBL2147,1.0,1.0,1.0,4940,True
Cn1ncc(NC(=O)c2nc(-c3c(F)cccc3F)sc2N)c1N1CCNCCC1=O,CHEMBL2147,1.0,1.0,0.794,4940,False
Cn1ncc2c(CSc3cc(N)nc4[nH]nnc34)cccc21,CHEMBL2439,1.0,1.0,0.719,614,False
Cn1ncc2ccc(Cc3cccc(OC4CCN(Cc5nc6ccc(C(=O)O)nc6n5C[C@@H]5CCO5)CC4)n3)c(F)c21,CHEMBL1784,1.0,1.0,0.723,1534,False
Cn1nccc1-c1cc(NC(=O)Nc2ccc(Cl)cc2)ccc1OCCCN1CCOCC1,CHEMBL224,2.0,2.0,0.915,6081,False
Cn1nccc1-c1cc(NC(=O)Nc2ccc(Cl)cc2)ccc1OCCCN1CCOCC1,CHEMBL225,1.0,1.0,0.915,3966,False
Cn1ncnc1COCC(=O)Nc1cc(-c2[nH]c3c(c2Nc2ccccc2)C(=O)CC(C)(C)C3)ccn1,CHEMBL1772932,1.0,1.0,0.812,1081,False
Cn1nnc2c(C#N)nc(-c3ccc(CCCO)c(C(F)(F)F)c3)cc21,CHEMBL2954,2.0,2.0,0.75,2538,False
Cn1nnc2ccc(Cn3ccc4ncc(-c5cc(NC(=O)[C@@H]6CCCNC6)ncc5Cl)cc43)cc21,CHEMBL3116,1.0,1.0,0.744,1776,False
Cn1nncc1-c1cnn([C@H](Cc2ccc(F)cc2)c2ccc(-c3c(-n4cnnn4)ccc(Cl)c3F)c[n+]2[O-])c1,CHEMBL2820,1.0,1.0,0.818,3003,False
Cn1nnnc1-c1cccc(O)c1C(=O)c1c(O)cc(C(=O)OC2CCCC2NC(=O)c2ccc(O)cc2)cc1O,CHEMBL299,3.0,3.0,1.0,1146,True
Cn1nnnc1-c1cccc(O)c1C(=O)c1c(O)cc(C(=O)OC2CCCC2NC(=O)c2ccc(O)cc2)cc1O,CHEMBL3045,2.0,2.0,1.0,728,True
Cn1nnnc1-c1cccc(O)c1C(=O)c1c(O)cc(C(=O)OC2CCCC2NC(=O)c2ccc(O)cc2)cc1O,CHEMBL3582,4.0,4.0,1.0,439,True
FC(F)(F)Oc1cccc(-n2nnc3ccc(NC4CC5(CCNCC5)C4)nc32)c1,CHEMBL2147,1.0,1.0,0.8,4940,False
FC(F)(F)Oc1cccc(-n2nnc3ccc(NC4CC5(CCNCC5)C4)nc32)c1,CHEMBL4523,2.0,2.0,0.8,2873,False
FC(F)(F)Oc1cccc(-n2nnc3ccc(NC4CC5(CCNCC5)C4)nc32)c1,CHEMBL5407,3.0,3.0,0.8,1666,False
FC(F)(F)Oc1cccc(-n2nnc3ccc(NC4CC5(CCNCC5)C4)nc32)c1,CHEMBL1974,4.0,4.0,0.8,4344,False
FC(F)(F)c1cc(-c2cccnc2Oc2ccc(Nc3nc4ccccc4[nH]3)cc2)ccn1,CHEMBL4409,1.0,1.0,0.692,5483,False
FC(F)(F)c1cc(Br)cc(Nc2nccc(-c3cnn4ncccc34)n2)c1,CHEMBL301,7.0,7.0,0.594,2596,False
FC(F)(F)c1cc(Br)cc(Nc2nccc(-c3cnn4ncccc34)n2)c1,CHEMBL331,1.0,1.0,0.594,1424,False
FC(F)(F)c1cc(CO[C@H]2CCCO[C@H]2c2ccccc2)cc(C(F)(F)F)c1,CHEMBL249,1.0,1.0,0.681,2543,False
FC(F)(F)c1cc(Nc2nccc(-c3cnn4ncccc34)n2)ccc1Cl,CHEMBL301,7.0,7.0,0.692,2596,False
FC(F)(F)c1cc(Nc2nccc(-c3cnn4ncccc34)n2)ccc1Cl,CHEMBL331,2.0,2.0,0.692,1424,False
FC(F)(F)c1ccc(-c2ccc3nccc(NC4CCNC5(CC5)C4)c3n2)cn1,CHEMBL240,1.0,1.0,0.806,10985,False
FC(F)(F)c1ccc(Nc2nc(C3CC3)nc3c2CCN(c2ncccc2C(F)(F)F)CC3)nc1,CHEMBL4794,1.0,1.0,0.794,3651,False
FC(F)(F)c1cccc(-n2nnc3ccc(NC4CC5(CCNCC5)C4)nc32)c1,CHEMBL2147,3.0,3.0,0.794,4940,False
FC(F)(F)c1cccc(-n2nnc3ccc(NC4CC5(CCNCC5)C4)nc32)c1,CHEMBL4523,2.0,2.0,0.794,2873,False
FC(F)(F)c1cccc(-n2nnc3ccc(NC4CC5(CCNCC5)C4)nc32)c1,CHEMBL5407,1.0,1.0,0.794,1666,False
FC(F)(F)c1cccc(-n2nnc3ccc(NC4CC5(CCNCC5)C4)nc32)c1,CHEMBL1974,4.0,4.0,0.794,4344,False
FC(F)(F)c1ccccc1-c1ncnc2c1cnn2CCN1CCCCC1,CHEMBL287,1.0,1.0,0.661,3166,False
FC(F)(F)c1cnc(OCc2cn(-c3ccc(C(F)(F)F)s3)nn2)nc1,CHEMBL2061,1.0,1.0,0.627,1386,False
FC(F)Oc1ccc(C2COc3cc(Cn4cnc5cccnc54)ccc3O2)cc1,CHEMBL1844,1.0,1.0,0.618,2620,False
FC1(F)CCN(c2cc(-c3n[nH]c4ccc(-c5cc[nH]n5)cc34)ncn2)CC1,CHEMBL1075104,1.0,1.0,0.772,3454,False
F[C@H]1CCNC[C@@H]1c1c(-c2ccccc2)[nH]c2ccccc12,CHEMBL224,2.0,2.0,1.0,6081,True
Fc1c(-c2ccncc2)ccc2ncn(-c3ccc4c(c3)OCO4)c12,CHEMBL2292,1.0,1.0,0.6,3800,False
Fc1cc(Cl)ccc1-c1ncnc2c1cnn2CCN1CCCCC1,CHEMBL287,1.0,1.0,0.621,3166,False
Fc1cc(F)cc(Nc2nccc(-c3cnn4ncccc34)n2)c1,CHEMBL301,4.0,4.0,0.643,2596,False
Fc1cc(F)cc(Nc2nccc(-c3cnn4ncccc34)n2)c1,CHEMBL331,1.0,2.0,0.643,1424,False
Fc1cc2[nH]cc(-c3cccnc3)c2cc1F,CHEMBL2140,171.0,31.0,0.42,983,False
Fc1ccc(-c2ccc(CNCCc3ccc(CN4CCCCC4)cc3)cc2)cc1,CHEMBL344,1.0,1.0,0.625,3656,False
Fc1ccc(-c2cnc3nc(COc4ccccc4)cn3c2)c2c1OCO2,CHEMBL3227,1.0,1.0,0.789,2955,False
Fc1ccc(-c2ncn(C3CCNCC3)c2-c2ccnc(Oc3ccc(Oc4ccccc4)cc3)n2)cc1,CHEMBL260,1.0,1.0,0.964,5079,False
Fc1ccc(-c2ncnc3c2cnn3CCN2CCCCC2)c(F)c1,CHEMBL287,1.0,1.0,0.643,3166,False
Fc1ccc(-c2ncnc3c2cnn3CCN2CCCCC2)cc1,CHEMBL287,1.0,1.0,0.766,3166,False
Fc1ccc(-c2ncnc3c2cnn3CCN2CCCCC2)cc1C(F)(F)F,CHEMBL287,1.0,1.0,0.625,3166,False
Fc1ccc(-c2noc(CCCCc3ccc4ncccc4c3)n2)c(Cl)c1,CHEMBL218,2.0,2.0,0.746,5877,False
Fc1ccc(-c2noc(CCCCc3ccc4ncccc4c3)n2)c(Cl)c1,CHEMBL253,1.0,1.0,0.746,7881,False
Fc1ccc(CCN2CCn3c(nc4ccccc43)C2)cc1,CHEMBL5137,1.0,1.0,0.696,1873,False
Fc1ccc(CCNCc2ccccc2OCc2ccc(F)cc2)cc1,CHEMBL1628465,215.0,31.0,0.42,78,False
Fc1ccc(N2CCN(Cc3cccs3)CC2)cc1,CHEMBL1850,19.0,21.0,0.408,395,False
Fc1ccc(N2CCN(Cc3cccs3)CC2)cc1,CHEMBL219,2.0,2.0,0.469,2981,False
Fc1ccc(Nc2nccc(-c3cnn4ncccc34)n2)cc1F,CHEMBL262,2.0,2.0,0.679,5430,False
Fc1ccc(Nc2nccc(-c3cnn4ncccc34)n2)cc1F,CHEMBL301,3.0,3.0,0.679,2596,False
Fc1ccc([C@@H]2C[C@H]2NCc2cn(-c3ccc4oncc4c3)nn2)cc1F,CHEMBL6136,1.0,1.0,0.758,3886,False
Fc1ccc2[nH]c(-c3nnc(SCc4ccccc4)n3CCCc3c[nH]cn3)cc2c1,CHEMBL1853,2.0,2.0,0.651,1162,False
Fc1ccc2[nH]c(-c3nnc(SCc4ccccc4)n3CCCc3c[nH]cn3)cc2c1,CHEMBL2028,1.0,1.0,0.651,820,False
Fc1ccc2c(-c3cccnc3)c[nH]c2c1,CHEMBL2140,16.0,6.0,0.565,983,False
Fc1ccc2c(c1)CCN2C[C@H]1CC[C@H](c2nnn3cnc4[nH]ccc4c23)CC1,CHEMBL2835,2.0,2.0,0.636,10399,False
Fc1ccc2c(c1)CCN2C[C@H]1CC[C@H](c2nnn3cnc4[nH]ccc4c23)CC1,CHEMBL2971,1.0,1.0,0.636,12637,False
Fc1ccc2cnc(-n3ccc4ccncc43)cc2n1,CHEMBL1293224,1.0,1.0,0.659,532,False
Fc1ccc2oc([C@H]3CCNC3)nc2c1,CHEMBL2439,300.0,82.0,0.29,614,False
Fc1cccc(CCN2CCn3c(nc4ccccc43)C2)c1,CHEMBL5137,1.0,1.0,0.653,1873,False
Fc1cccc(CCN[C@H]2C3C4CC5C6C4CC3C6C52)c1,CHEMBL245,11.0,11.0,0.521,2649,False
Fc1cccc(CCN[C@H]2C3C4CC5C6C4CC3C6C52)c1,CHEMBL238,3.0,3.0,0.756,3420,False
Fc1cccc(CCN[C@H]2C3C4CC5C6C4CC3C6C52)c1,CHEMBL2035,12.0,12.0,0.521,1102,False
Fc1cccc(CCN[C@H]2C3C4CC5C6C4CC3C6C52)c1,CHEMBL211,13.0,13.0,0.521,2278,False
Fc1cccc(CCN[C@H]2C3C4CC5C6C4CC3C6C52)c1,CHEMBL231,17.0,18.0,0.423,1704,False
Fc1cccc(CCN[C@H]2C3C4CC5C6C4CC3C6C52)c1,CHEMBL222,1.0,1.0,0.756,3692,False
Fc1cccc(CCN[C@H]2C3C4CC5C6C4CC3C6C52)c1,CHEMBL1941,4.0,4.0,0.756,626,False
Fc1cccc(CCN[C@H]2C3C4CC5C6C4CC3C6C52)c1,CHEMBL234,2.0,2.0,0.756,6166,False
Fc1cccc(CCN[C@H]2C3C4CC5C6C4CC3C6C52)c1,CHEMBL224,21.0,22.0,0.404,6081,False
Fc1cccc(CCN[C@H]2C3C4CC5C6C4CC3C6C52)c1,CHEMBL1833,22.0,23.0,0.404,2154,False
Fc1cccc(CCN[C@H]2C3C4CC5C6C4CC3C6C52)c1,CHEMBL1867,16.0,17.0,0.423,1052,False
Fc1cccc(CCN[C@H]2C3C4CC5C6C4CC3C6C52)c1,CHEMBL1821,7.0,7.0,0.529,1918,False
Fc1ccccc1CCN1CCn2c(nc3ccccc32)C1,CHEMBL5137,1.0,1.0,0.673,1873,False
Fc1ccccc1N(Cc1ccc(Cl)cc1)C1CNC1,CHEMBL228,4.0,4.0,0.511,5328,False
Fc1ccccc1N(Cc1ccc(Cl)cc1)C1CNC1,CHEMBL222,2.0,2.0,0.511,3692,False
Fc1ccccc1N(Cc1ccc(Cl)cc1)C1CNC1,CHEMBL238,5.0,5.0,0.511,3420,False
Fc1ccccc1N(Cc1ccc(Cl)cc1)C1CNC1,CHEMBL3356,7.0,8.0,0.471,1600,False
Fc1ccccc1N(Cc1ccc(Cl)cc1)C1CNC1,CHEMBL289,1.0,1.0,0.511,3036,False
Fc1ccccc1N(Cc1ccc(Cl)cc1)C1CNC1,CHEMBL3397,6.0,6.0,0.511,2945,False
Fc1ccccc1N(Cc1ccc(Cl)cc1)C1CNC1,CHEMBL340,3.0,3.0,0.511,5556,False
Fc1ccccc1N(Cc1ccc(Cl)cc1)C1CNC1,CHEMBL3622,8.0,7.0,0.511,1617,False
Fc1ccccc1N1CCN(Cc2cccs2)CC1,CHEMBL219,1.0,1.0,0.49,2981,False
Fc1ccccc1N1CCN(Cc2cccs2)CC1,CHEMBL234,5.0,5.0,0.48,6166,False
Fc1cncc(-c2ccc3[nH]c4ncnc(N[C@H]5CC[C@H](N6CCOCC6)CC5)c4c3c2)c1,CHEMBL2147,53.0,67.0,0.306,4940,False
N#C/C(=C\C1CCCC1)C(=O)N1CCC[C@@H](Nc2nc(Nc3cnn(C4CC4)c3)nc3[nH]nc(Cl)c23)C1,CHEMBL2148,1.0,1.0,0.959,7416,False
N#C/C(=C\C1CCCC1)C(=O)N1CCC[C@@H](Nc2nc(Nc3cnn(C4CC4)c3)nc3[nH]nc(Cl)c23)C1,CHEMBL5251,2.0,2.0,0.959,9782,False
N#CC1(c2cccc(C(=O)Nc3ccc(F)c(Nc4ncccc4-c4ncnc5[nH]cnc45)c3F)c2)CC1,CHEMBL279,1.0,1.0,0.766,10551,False
N#CCC(=O)N1CCC(F)(F)C12CCN(c1ncnc3[nH]ccc13)C2,CHEMBL2148,1.0,1.0,0.898,7416,False
N#CCC(=O)N1CCCC12CCN(c1ncnc3[nH]ccc13)C2,CHEMBL2148,1.0,1.0,0.945,7416,False
N#CCC(=O)N1CCCC12CN(c1ncnc3[nH]ccc13)CC2(F)F,CHEMBL2148,1.0,1.0,0.883,7416,False
N#CCC(=O)N1CCC[C@@H](Nc2c(C(=O)OCC3CC3)cnc3[nH]ccc23)C1,CHEMBL2835,2.0,2.0,0.833,10399,False
N#CCC(=O)N1CCC[C@@H](Nc2c(C(=O)OCC3CC3)cnc3[nH]ccc23)C1,CHEMBL2148,1.0,1.0,0.833,7416,False
N#CCC(=O)N1CCC[C@@H](n2nc(-c3ccc(Oc4ccccc4)cc3)c3c(N)ncnc32)C1,CHEMBL5251,1.0,1.0,0.812,9782,False
N#CCC1(n2cc(-c3cc(-c4ccc(N)nc4)cc4nccn34)cn2)CC(C#N)C1,CHEMBL3553,2.0,2.0,0.79,6084,False
N#CCC1(n2cc(-c3cc(-c4ccc(N)nc4)cc4nccn34)cn2)CC(C#N)C1,CHEMBL2835,1.0,1.0,0.79,10399,False
N#CCC1(n2cc(-c3cc(-c4ccc(N)nc4)cc4nccn34)cn2)CC(C#N)C1,CHEMBL2971,3.0,3.0,0.79,12637,False
N#CCC1(n2cc(-c3ncnc4[nH]ccc34)cn2)CN(C2CCN(C(=O)c3ccc(Cl)s3)CC2)C1,CHEMBL2971,1.0,1.0,0.785,12637,False
N#CCC1(n2cc(-c3ncnc4[nH]ccc34)cn2)CN(C2CCN(C(=O)c3cccs3)CC2)C1,CHEMBL2835,2.0,2.0,0.803,10399,False
N#CCC1(n2cc(-c3ncnc4[nH]ccc34)cn2)CN(C2CCN(C(=O)c3cccs3)CC2)C1,CHEMBL2971,1.0,1.0,0.808,12637,False
N#CCC1(n2cc(-c3ncnc4[nH]ccc34)cn2)CN(C2CCN(C(=O)c3sc(C(F)(F)F)cc3O)CC2)C1,CHEMBL2835,2.0,2.0,0.739,10399,False
N#CCC1(n2cc(-c3ncnc4[nH]ccc34)cn2)CN(C2CCN(C(=O)c3sc(C(F)(F)F)cc3O)CC2)C1,CHEMBL2971,1.0,1.0,0.747,12637,False
N#CCC1(n2cc(C(N)=O)c(Nc3ccc(F)cc3)n2)CCC(N2CCC(F)(F)CC2)CC1,CHEMBL2835,1.0,1.0,0.887,10399,False
N#CCC1(n2cc(C(N)=O)c(Nc3ccc(F)cc3)n2)CCC(N2CCC(F)(F)CC2)CC1,CHEMBL2971,2.0,2.0,0.887,12637,False
N#CCC1(n2cc(C(N)=O)c(Nc3ccc(F)cc3)n2)CCC(N2CCC(O)CC2)CC1,CHEMBL2835,1.0,1.0,0.887,10399,False
N#CCC1(n2cc(C(N)=O)c(Nc3ccc(F)cc3)n2)CCC(N2CCC(O)CC2)CC1,CHEMBL2971,2.0,2.0,0.887,12637,False
N#CCC1(n2cc(C(N)=O)c(Nc3ccc(F)cc3)n2)CCN(C(=O)OCC2CCC2)CC1,CHEMBL2835,1.0,1.0,0.938,10399,False
N#CCC1(n2cc(C(N)=O)c(Nc3ccc(F)cc3)n2)CCN(C(=O)OCC2CCC2)CC1,CHEMBL2971,2.0,2.0,0.938,12637,False
N#CCC1(n2cc(C(N)=O)c(Nc3ccc(S(=O)(=O)C(F)F)cc3)n2)CCC(N2CCC(F)(F)CC2)CC1,CHEMBL2835,2.0,2.0,0.822,10399,False
N#CCC1(n2cc(C(N)=O)c(Nc3ccc(S(=O)(=O)C(F)F)cc3)n2)CCC(N2CCC(F)(F)CC2)CC1,CHEMBL2971,1.0,1.0,0.822,12637,False
N#CCC1(n2cc(C(N)=O)c(Nc3ccc(S(=O)(=O)C(F)F)cc3)n2)CCC(N2CCC(O)CC2)CC1,CHEMBL2835,1.0,1.0,0.822,10399,False
N#CCC1(n2cc(C(N)=O)c(Nc3ccc(S(=O)(=O)C(F)F)cc3)n2)CCC(N2CCC(O)CC2)CC1,CHEMBL2971,2.0,2.0,0.822,12637,False
N#CCC1(n2cc(C(N)=O)c(Nc3ccnc(F)c3)n2)CCC(N2CCC(O)CC2)CC1,CHEMBL2835,1.0,1.0,0.817,10399,False
N#CCCN1CCCC12CCN(c1ncnc3[nH]ccc13)C2,CHEMBL2148,1.0,1.0,0.678,7416,False
N#CCCNC(=O)N1CCCC12CCN(c1ncnc3[nH]ccc13)C2,CHEMBL2148,1.0,1.0,0.948,7416,False
N#CCCc1cc2c(nc(OC[C@@]34CCCN3C[C@H](F)C4)c3cc(CCC(=O)N4CCC4)n([C@@H]4[C@H]5CN[C@@H]4C5)c32)c(F)c1-c1cccc2ccc(F)cc12,CHEMBL2189121,1.0,1.0,0.711,2721,False
N#CCNC(=O)N1CCCC12CCN(c1ncnc3[nH]ccc13)C2,CHEMBL2148,1.0,1.0,0.946,7416,False
N#CCNc1ncnc(-n2c(Nc3cccc(O)c3)nc3ccccc32)n1,CHEMBL2842,1.0,1.0,0.732,4921,False
N#CCNc1ncnc(-n2c(Nc3cccc(O)c3)nc3ccccc32)n1,CHEMBL4005,2.0,2.0,0.732,7718,False
N#CCNc1ncnc(-n2c(Nc3cccc(O)c3)nc3ccccc32)n1,CHEMBL3145,6.0,6.0,0.486,2776,False
N#CCNc1ncnc(-n2c(Nc3cccc(O)c3)nc3ccccc32)n1,CHEMBL3130,8.0,8.0,0.486,7171,False
N#CCNc1ncnc(-n2c(Nc3cccc(O)c3)nc3ccccc32)n1,CHEMBL3267,7.0,7.0,0.486,3907,False
N#CCNc1ncnc(-n2c(Nc3cccc(O)c3)nc3ccccc32)n1,CHEMBL1906,22.0,26.0,0.338,2781,False
N#CCNc1ncnc(-n2c(Nc3cccc(O)c3)nc3ccccc32)n1,CHEMBL279,5.0,5.0,0.507,10551,False
N#CCNc1ncnc(-n2c(Nc3cccc(O)c3)nc3ccccc32)n1,CHEMBL2828,43.0,56.0,0.319,1464,False
N#CCNc1ncnc(-n2c(Nc3cccc(O)c3)nc3ccccc32)n1,CHEMBL4267,482.0,511.0,0.234,439,False
N#CCNc1ncnc(-n2c(Nc3cccc(O)c3)nc3ccccc32)n1,CHEMBL5145,23.0,27.0,0.338,5743,False
N#CC[C@@H](C1CC1)n1nc(Nc2ccc(C(O)(c3ccncc3)C(F)(F)F)cc2)c2c(=O)[nH]ccc21,CHEMBL2835,1.0,1.0,0.818,10399,False
N#CC[C@@H](C1CC1)n1nc(Nc2ccc(C(O)(c3ccncc3)C(F)(F)F)cc2)c2c(=O)[nH]ccc21,CHEMBL2971,2.0,2.0,0.818,12637,False
N#CC[C@H]1CC[C@H](n2c(CC(=O)N3CCC(C#N)CC3)nc3cnc4[nH]ccc4c32)CC1,CHEMBL2835,4.0,4.0,0.859,10399,False
N#CC[C@H]1CC[C@H](n2c(CC(=O)N3CCC(C#N)CC3)nc3cnc4[nH]ccc4c32)CC1,CHEMBL2971,2.0,2.0,0.859,12637,False
N#CC[C@H]1CC[C@H](n2c(CC(=O)N3CCC(C#N)CC3)nc3cnc4[nH]ccc4c32)CC1,CHEMBL2148,3.0,3.0,0.859,7416,False
N#CC[C@H]1CC[C@H](n2c(CC(=O)N3CCC(C#N)CC3)nc3cnc4[nH]ccc4c32)CC1,CHEMBL3553,1.0,1.0,0.859,6084,False
N#CC[C@H]1CC[C@H](n2c(CC(=O)N3CCC(C(F)(F)F)CC3)nc3cnc4[nH]ccc4c32)CC1,CHEMBL2971,2.0,2.0,0.833,12637,False
N#CC[C@H]1CC[C@H](n2c(CC(=O)N3CCC(C(F)(F)F)CC3)nc3cnc4[nH]ccc4c32)CC1,CHEMBL2148,3.0,3.0,0.833,7416,False
N#CC[C@H]1CC[C@H](n2c(CC(=O)N3CCC(C(F)(F)F)CC3)nc3cnc4[nH]ccc4c32)CC1,CHEMBL3553,4.0,4.0,0.833,6084,False
N#CC[C@H]1CC[C@H](n2c(CC(=O)N3CCC(CO)CC3)nc3cnc4[nH]ccc4c32)CC1,CHEMBL2835,1.0,1.0,0.859,10399,False
N#CC[C@H]1CC[C@H](n2c(CC(=O)N3CCC(CO)CC3)nc3cnc4[nH]ccc4c32)CC1,CHEMBL2971,4.0,4.0,0.859,12637,False
N#CC[C@H]1CC[C@H](n2c(CC(=O)N3CCC(CO)CC3)nc3cnc4[nH]ccc4c32)CC1,CHEMBL2148,3.0,3.0,0.859,7416,False
N#CC[C@H]1CC[C@H](n2c(CC(=O)N3CCC(CO)CC3)nc3cnc4[nH]ccc4c32)CC1,CHEMBL3553,2.0,2.0,0.859,6084,False
N#CC[C@H]1CC[C@H](n2c(CC(=O)N3CCC(F)(F)CC3)nc3cnc4[nH]ccc4c32)CC1,CHEMBL2835,2.0,2.0,0.833,10399,False
N#CC[C@H]1CC[C@H](n2c(CC(=O)N3CCC(F)(F)CC3)nc3cnc4[nH]ccc4c32)CC1,CHEMBL2971,1.0,1.0,0.833,12637,False
N#CC[C@H]1CC[C@H](n2c(CC(=O)N3CCC(F)(F)CC3)nc3cnc4[nH]ccc4c32)CC1,CHEMBL2148,3.0,3.0,0.833,7416,False
N#CC[C@H]1CC[C@H](n2c(CC(=O)N3CCC(F)(F)CC3)nc3cnc4[nH]ccc4c32)CC1,CHEMBL3553,4.0,4.0,0.833,6084,False
N#CC[C@H]1CC[C@H](n2c(CC(=O)N3CCC(N4CCOCC4)CC3)nc3cnc4[nH]ccc4c32)CC1,CHEMBL2835,1.0,1.0,0.797,10399,False
N#CC[C@H]1CC[C@H](n2c(CC(=O)N3CCC(N4CCOCC4)CC3)nc3cnc4[nH]ccc4c32)CC1,CHEMBL2971,4.0,4.0,0.797,12637,False
N#CC[C@H]1CC[C@H](n2c(CC(=O)N3CCC(N4CCOCC4)CC3)nc3cnc4[nH]ccc4c32)CC1,CHEMBL2148,2.0,2.0,0.797,7416,False
N#CC[C@H]1CC[C@H](n2c(CC(=O)N3CCC(N4CCOCC4)CC3)nc3cnc4[nH]ccc4c32)CC1,CHEMBL3553,3.0,3.0,0.797,6084,False
N#CC[C@H]1CC[C@H](n2c(CC(=O)N3CCC(O)CC3)nc3cnc4[nH]ccc4c32)CC1,CHEMBL2835,3.0,3.0,0.921,10399,False
N#CC[C@H]1CC[C@H](n2c(CC(=O)N3CCC(O)CC3)nc3cnc4[nH]ccc4c32)CC1,CHEMBL2971,2.0,2.0,0.921,12637,False
N#CC[C@H]1CC[C@H](n2c(CC(=O)N3CCC(O)CC3)nc3cnc4[nH]ccc4c32)CC1,CHEMBL2148,1.0,1.0,0.921,7416,False
N#CC[C@H]1CC[C@H](n2c(CC(=O)N3CCC(O)CC3)nc3cnc4[nH]ccc4c32)CC1,CHEMBL3553,4.0,4.0,0.921,6084,False
N#CC[C@H]1CC[C@H](n2c(CC(=O)N3CCCCC3)nc3cnc4[nH]ccc4c32)CC1,CHEMBL2971,1.0,1.0,0.983,12637,False
N#CC[C@H]1CC[C@H](n2c(CC(=O)N3CCCCC3)nc3cnc4[nH]ccc4c32)CC1,CHEMBL2148,4.0,4.0,0.983,7416,False
N#CC[C@H]1CC[C@H](n2c(CC(=O)N3CCCCC3)nc3cnc4[nH]ccc4c32)CC1,CHEMBL3553,3.0,3.0,0.983,6084,False
N#CN1CC[C@@H](NC(=O)c2cc(-c3ccncc3)on2)C1,CHEMBL4523357,1.0,1.0,0.824,1029,False
N#CN1CC[C@@H](NC(=O)c2cccc(-c3ccccc3)n2)C1,CHEMBL4523357,1.0,1.0,1.0,1029,True
N#CN1CC[C@H](N2CCN(c3cccc(-c4ccccn4)c3)S2(=O)=O)C1,CHEMBL4523357,1.0,1.0,0.717,1029,False
N#CN1C[C@H]2OCCN(c3nc4ccc(F)cc4s3)[C@H]2C1,CHEMBL4523357,1.0,1.0,1.0,1029,True
N#C[C@@H]1CSCN1C(=O)C(N)C1CCCCC1,CHEMBL284,1.0,1.0,0.972,4372,False
N#C[C@@H]1C[C@@H]1COc1nc(C(=O)NC23CC(C2)C3)cc(N2CCC(c3n[nH]c4ncncc34)CC2)n1,CHEMBL4895,1.0,1.0,0.802,2888,False
N#C[C@H](CCc1ccccc1)NC(=O)[C@@H](NC(=O)N1CCOCC1)C1CCCCC1,CHEMBL2954,1.0,1.0,0.746,2538,False
N#C[C@H](Cc1ccc(-c2ccc(=O)[nH]c2)cc1F)NC(=O)[C@H]1N[C@@H]2CC[C@H]1C2,CHEMBL2252,1.0,1.0,0.815,945,False
N#C[C@H](Cc1ccc(-c2ccc(=O)n(CC(F)F)c2)cc1F)NC(=O)[C@H]1N[C@@H]2CC[C@H]1C2,CHEMBL2252,2.0,1.0,0.726,945,False
N#C[C@H](Cc1ccc(-c2ccc(=O)n(CC(F)F)c2)cc1F)NC(=O)[C@H]1N[C@@H]2CC[C@H]1C2,CHEMBL268,1.0,2.0,0.725,2225,False
N#C[C@H]1CCCC[C@@H]1n1nc(Nc2ccc(C3(C(F)(F)F)CCCN3)cc2)c2c(=O)[nH]ccc21,CHEMBL2835,1.0,1.0,0.955,10399,False
N#C[C@H]1CCCC[C@@H]1n1nc(Nc2ccc(C3(C(F)(F)F)CCCN3)cc2)c2c(=O)[nH]ccc21,CHEMBL2971,2.0,2.0,0.955,12637,False
N#C[C@H]1CCCC[C@@H]1n1nc(Nc2ccc(C3CCCN3)cc2)c2c(=O)[nH]ccc21,CHEMBL2835,1.0,1.0,0.766,10399,False
N#C[C@H]1CCCC[C@@H]1n1nc(Nc2ccc(C3CCCN3)cc2)c2c(=O)[nH]ccc21,CHEMBL2971,2.0,2.0,0.766,12637,False
N#Cc1c(/N=C/c2ccco2)c(C(=O)Nc2ccc(Br)cc2)n2c1CCC2,CHEMBL221,2.0,2.0,0.719,1653,False
N#Cc1c(/N=C/c2ccco2)c(C(=O)Nc2ccc(Br)cc2)n2c1CCC2,CHEMBL230,1.0,1.0,0.847,4379,False
N#Cc1c(C2CCCCC2)nc(SCc2cccc(C(=O)O)c2)[nH]c1=O,CHEMBL4105941,2.0,2.0,0.683,52,False
N#Cc1c(C2CCCCC2)nc(SCc2ccccc2)[nH]c1=O,CHEMBL2029198,15.0,2.0,0.638,102,False
N#Cc1c(N)nc2c(c1N)Cc1cc(O)c(O)cc1O2,CHEMBL2208,1.0,1.0,0.63,1083,False
N#Cc1c(O)nc(SCC(=O)Nc2ccc(S(N)(=O)=O)cc2)nc1-c1ccc2ccccc2c1,CHEMBL205,3.0,3.0,0.785,8715,False
N#Cc1c(O)nc(SCC(=O)Nc2ccc(S(N)(=O)=O)cc2)nc1-c1ccc2ccccc2c1,CHEMBL3594,1.0,1.0,0.785,6139,False
N#Cc1c(O)nc(SCC(=O)Nc2ccc(S(N)(=O)=O)cc2)nc1-c1ccc2ccccc2c1,CHEMBL3242,4.0,4.0,0.785,4916,False
N#Cc1c(SCC(=O)Nc2cccc(C(F)(F)F)c2)sc2c(O)cc(O)nc12,CHEMBL1795098,27.0,3.0,0.603,1001,False
N#Cc1c(SCC(=O)Nc2cccc(F)c2)sc2c(O)cc(O)nc12,CHEMBL1795098,7.0,3.0,0.631,1001,False
N#Cc1cc(C2CC2)c2ncc(CO)c(NCc3ccc4c(c3)OCO4)c2c1,CHEMBL1827,1.0,1.0,0.708,2179,False
N#Cc1cc(N2CCCC2)cc2c(=O)[nH]cnc12,CHEMBL4523418,1.0,1.0,0.532,160,False
N#Cc1cc(N2CCCC2)cc2c(=O)[nH]cnc12,CHEMBL4523488,298.0,10.0,0.379,59,False
N#Cc1cc(N2CCCC2)cc2c(=O)[nH]cnc12,CHEMBL4523431,93.0,2.0,0.407,48,False
N#Cc1cc(S(=O)(=O)Nc2cscn2)ccc1Oc1ccc(C(F)(F)F)cc1-c1ccnn1C1CNC1,CHEMBL4296,1.0,1.0,0.756,7797,False
N#Cc1cc(S(=O)(=O)Nc2cscn2)ccc1Oc1ccc(Cl)cc1-c1ccnn1C1CNC1,CHEMBL4296,1.0,1.0,0.867,7797,False
N#Cc1cc(S(=O)(=O)Nc2cscn2)ccc1Oc1ccc(OC(F)(F)F)cc1-c1ccnn1C1CNC1,CHEMBL4296,1.0,1.0,0.686,7797,False
N#Cc1cc(S(=O)(=O)Nc2ncns2)ccc1Oc1ccc(-n2cc(CO)cn2)cc1,CHEMBL4296,1.0,1.0,0.641,7797,False
N#Cc1cc(S(=O)(=O)Nc2ncns2)ccc1Oc1ccc(-n2cc(COC(=O)C(F)(F)F)cn2)cc1,CHEMBL4296,1.0,1.0,0.619,7797,False
N#Cc1cc2c(=O)n(CC#Cc3ccc(Cl)cc3-c3cccc(C(=O)O)c3)cnc2cn1,CHEMBL3351214,1.0,1.0,0.722,1737,False
N#Cc1ccc(-c2cc(C(=O)Nc3ccc(Cl)cc3)cc3ncnn23)cc1,CHEMBL3028,1.0,1.0,0.741,570,False
N#Cc1ccc(-c2cc(C(=O)Nc3cccc(Cl)c3)cc3ncnn23)cc1,CHEMBL3028,1.0,1.0,0.726,570,False
N#Cc1ccc(-c2cc(N3CCC[C@H]3CN3CCCC3)nc3ncnn23)cc1,CHEMBL3028,1.0,1.0,0.754,570,False
N#Cc1ccc(-c2ccc(C3CC3NCC3CCN(CCCc4ccc(C(=O)NO)cc4)CC3)cc2)cc1,CHEMBL6136,1.0,1.0,1.0,3886,True
N#Cc1ccc(-c2ccc(C3CC3NCC3CCN(CCCc4ccc(C(=O)NO)cc4)CC3)cc2)cc1,CHEMBL1865,2.0,2.0,1.0,6508,True
N#Cc1ccc(-c2cnn(-c3ccc(C(=O)NCCCOCC4CC4)cn3)c2O)cc1,CHEMBL5697,1.0,1.0,0.815,1921,False
N#Cc1ccc(-c2nc([C@H]3CCCCN3C(=O)COc3ccccc3)no2)cc1,CHEMBL3238,2.0,2.0,0.812,272,False
N#Cc1ccc(-c2nc([C@H]3CCCCN3C(=O)COc3ccccc3)no2)cc1,CHEMBL1293194,1.0,1.0,0.812,485,False
N#Cc1ccc(-c2nc3c(N4CCNC(=O)C4)nccn3c2-c2ccc3[nH]c(=O)[nH]c3c2)cc1,CHEMBL2009,1.0,1.0,0.773,328,False
N#Cc1ccc(-c2ncnc3c2cnn3CCN2CCCCC2)cc1,CHEMBL287,1.0,1.0,0.72,3166,False
N#Cc1ccc(-n2cc(C(F)(F)F)c(CNC(=O)c3ccc(F)cc3)n2)cc1C(F)(F)F,CHEMBL1871,1.0,1.0,0.588,2952,False
N#Cc1ccc(-n2ccc(CNC(=O)c3ccc(Cl)cc3)n2)cc1C(F)(F)F,CHEMBL1871,1.0,1.0,0.758,2952,False
N#Cc1ccc(-n2ccc(CNC(=O)c3ccc(F)cc3)n2)cc1C(F)(F)F,CHEMBL1871,1.0,1.0,0.8,2952,False
N#Cc1ccc(-n2ccc(CNC(=O)c3ccc([N+](=O)[O-])cc3)n2)cc1C(F)(F)F,CHEMBL1871,1.0,1.0,0.712,2952,False
N#Cc1ccc(-n2cnc3c2C(=O)C[C@@]2(CCOC2)C3)cc1Cl,CHEMBL2722,1.0,1.0,1.0,2212,True
N#Cc1ccc(C(=O)NCc2ccn(-c3ccc(C#N)c(C(F)(F)F)c3)n2)cc1,CHEMBL1871,1.0,1.0,0.77,2952,False
N#Cc1ccc(C(=O)Nc2ccc(N3CCCCC3)cc2N2CCCCC2)o1,CHEMBL1844,1.0,1.0,0.88,2620,False
N#Cc1ccc(C(=O)Nc2ccc3[nH]nc(C4CC4)c3c2)cc1,CHEMBL1075104,1.0,1.0,0.633,3454,False
N#Cc1ccc(CC(=O)Nc2nc(-c3cc(Cl)ccc3Cl)cs2)cc1,CHEMBL1741186,5.0,5.0,0.478,10748,False
N#Cc1ccc(CNC2CC2c2ccc(C(=O)NCc3ccccc3)cc2)cc1,CHEMBL1951,2.0,2.0,0.702,3112,False
N#Cc1ccc(C[C@@H](N)C(=O)N2CCN(c3ncnc4ccccc34)CC2)cc1,CHEMBL4282,2.0,2.0,0.772,3688,False
N#Cc1ccc(C[C@@H](N)C(=O)N2CCN(c3ncnc4ccccc34)CC2)cc1,CHEMBL2431,3.0,3.0,0.772,1139,False
N#Cc1ccc(C[C@@H](N)C(=O)N2CCN(c3ncnc4ccccc34)CC2)cc1,CHEMBL4816,1.0,1.0,0.772,468,False
N#Cc1ccc(N2CC(CN3CCC(n4ccc5c(N)ncnc54)CC3)C2)cc1,CHEMBL1615381,1.0,1.0,0.643,622,False
N#Cc1ccc(NCC(F)(F)c2ccc(F)c(F)c2)c(F)c1CC(=O)NCCONC(=N)N,CHEMBL204,1.0,1.0,0.707,5517,False
N#Cc1ccc(NCC(F)(F)c2cccc(Cl)c2)c(F)c1CC(=O)NCCONC(=N)N,CHEMBL204,1.0,1.0,0.724,5517,False
N#Cc1ccc(NCC(F)(F)c2cccc(F)c2)c(F)c1CC(=O)NCCONC(=N)N,CHEMBL204,1.0,1.0,0.72,5517,False
N#Cc1ccc(NCC(F)(F)c2ccccc2)c(F)c1CC(=O)NCCONC(=N)N,CHEMBL204,1.0,1.0,0.783,5517,False
N#Cc1ccc(Nc2nccc(-c3cnn4ncccc34)n2)cc1,CHEMBL301,4.0,4.0,0.638,2596,False
N#Cc1ccc(Nc2nccc(-c3cnn4ncccc34)n2)cc1,CHEMBL331,3.0,3.0,0.638,1424,False
N#Cc1ccc(Nc2nccc(-c3cnn4ncccc34)n2)cc1,CHEMBL262,1.0,1.0,0.638,5430,False
N#Cc1ccc(Nc2nccc(-c3cnn4ncccc34)n2)cc1,CHEMBL2292,5.0,5.0,0.62,3800,False
N#Cc1ccc(OC2CN(Cc3ccc(-c4cccc5nc(NC(=O)C6CC6)nn45)cc3)C2)cc1,CHEMBL2971,1.0,1.0,0.826,12637,False
N#Cc1ccc(OCc2cc(-c3cccc(C(N)=O)n3)ccc2Oc2ccc(F)cc2)cc1,CHEMBL4296,1.0,1.0,0.733,7797,False
N#Cc1ccc(Oc2ccc3nc(C(=O)N4CCCCCC4)ccc3c2)cc1,CHEMBL4296,3.0,3.0,0.82,7797,False
N#Cc1ccc2[nH]cc(CCCCN3CCN(c4cccc5sccc45)CC3)c2c1,CHEMBL214,2.0,2.0,0.948,5809,False
N#Cc1ccc2[nH]cc(CCCCN3CCN(c4cccc5sccc45)CC3)c2c1,CHEMBL217,3.0,3.0,0.948,9217,False
N#Cc1ccc2[nH]cc(CCCCN3CCN(c4cccc5sccc45)CC3)c2c1,CHEMBL224,1.0,1.0,0.948,6081,False
N#Cc1ccc2c(c1)CN(C(=O)Nc1ccc(C(=O)N[C@H](CCO)c3ccccc3)cc1)C2,CHEMBL1744525,1.0,1.0,0.716,4583,False
N#Cc1ccc2c(c1)CN(C(=O)Nc1ccc(C(=O)N[C@H](CO)c3ccccc3)cc1)C2,CHEMBL1744525,1.0,1.0,0.766,4583,False
N#Cc1cccc(-c2nc([C@H]3CCCCN3C(=O)COc3ccccc3)no2)c1,CHEMBL3238,2.0,2.0,0.761,272,False
N#Cc1cccc(-c2nc([C@H]3CCCCN3C(=O)COc3ccccc3)no2)c1,CHEMBL1293194,1.0,1.0,0.761,485,False
N#Cc1cccc(CNC2CC2c2ccc(C(=O)NCc3ccccc3)cc2)c1,CHEMBL1951,1.0,1.0,0.72,3112,False
N#Cc1cccc(NC(=O)N2CCOc3ccc(-n4ccnc4)cc3C2)c1,CHEMBL2069161,1.0,1.0,0.701,189,False
N#Cc1cccc(Nc2nccc(-c3cnn4ncccc34)n2)c1,CHEMBL331,1.0,1.0,0.639,1424,False
N#Cc1cccc(Nc2nccc(-c3cnn4ncccc34)n2)c1,CHEMBL262,2.0,2.0,0.639,5430,False
N#Cc1cccc(Nc2nccc(-c3cnn4ncccc34)n2)c1,CHEMBL301,3.0,3.0,0.639,2596,False
N#Cc1cccc(Nc2nccc(-c3cnn4ncccc34)n2)c1,CHEMBL2292,4.0,4.0,0.585,3800,False
N#Cc1cccc(OC(=O)N2CCC(OC(c3ccccc3)c3ccccc3)CC2)c1,CHEMBL4191,1.0,1.0,0.736,2112,False
N#Cc1cccc(OC(=O)N2CCN(C3CC3)CC2)c1,CHEMBL4191,1.0,1.0,0.907,2112,False
N#Cc1ccccc1Cn1c(=O)c2cc(O)c(O)cc2c2cc(O)c(O)cc21,CHEMBL1250375,3.0,1.0,0.588,170,False
N#Cc1ccccc1NC(=O)c1ccc2ccc(N[C@H]3CCCCNC3)nn12,CHEMBL3778,1.0,1.0,1.0,7453,True
N#Cc1ccccc1NC(=O)c1ccc2cnc(N3C[C@H]4CC[C@@H]3CN4)nn12,CHEMBL3778,1.0,1.0,1.0,7453,True
N#Cc1cnc(N2CCOCC2)nc1N1C[C@@H]2C[C@H]1CN2c1cccc(F)c1,CHEMBL3130,1.0,1.0,0.676,7171,False
N#Cc1cnc(NC(=O)N2CCCc3cc(CO)c(C=O)nc32)cc1NCC1CCCOC1,CHEMBL3973,1.0,1.0,0.768,2112,False
N#Cc1cnc2c(Cl)cc(N[C@H](C3=CNNN3)c3cccnc3)cc2c1NC(CCO)c1ccccc1,CHEMBL203,1.0,1.0,0.718,11022,False
N#Cc1cnc2c(Cl)cc(N[C@H](C3=CNNN3)c3cccnc3)cc2c1N[C@H](CCO)c1ccccc1,CHEMBL203,1.0,1.0,0.718,11022,False
N#Cc1cnn2c(=O)c([N+](=O)[O-])n[nH]c12,CHEMBL284,41.0,67.0,0.23,4372,False
N#Cc1cnn2cc(-c3cnn(C4CNC4)c3)cc(-c3ccc(N4CCN(Cc5ccccc5)CC4)nc3)c12,CHEMBL2041,1.0,1.0,0.785,4396,False
N#Cc1nc(N2CCOCC2)nc(N(Cc2ncccn2)C2CCCC2)n1,CHEMBL3837,1.0,1.0,0.741,2086,False
N#Cc1nc(NC2CCCC2)c(N)c(N2CCOCC2)n1,CHEMBL268,1.0,1.0,0.976,2225,False
N#Cc1nc(NCc2cccc(-c3cn(S(=O)(=O)c4ccccc4)c4ccccc34)c2)c2ncn(CCCO)c2n1,CHEMBL3837,1.0,1.0,0.744,2086,False
N#Cc1ncc(-c2ccc3ncc(C(=O)C4CC4)c(N[C@H]4CC[C@H](N)CC4)c3c2)cn1,CHEMBL4578,1.0,1.0,0.741,1072,False
N#Cc1ncc(-c2ccccc2-c2ccc(-c3cnc(N)cn3)c(F)c2)cn1,CHEMBL4550,2.0,2.0,0.762,2239,False
N#Cc1ncc(-c2ccccc2-c2ccc(-c3cnc(N)cn3)c(F)c2)cn1,CHEMBL5027,1.0,1.0,0.762,1419,False
N#Cc1ncc(F)c(N(Cc2ccc3c(c2)OCO3)CC2CC2)n1,CHEMBL3837,1.0,1.0,0.926,2086,False
N#Cc1ncc2nc1OCC/C=C\COc1ccc(OCCCN3CCOCC3)cc1NC(=O)N2,CHEMBL4630,1.0,1.0,0.958,2809,False
N/C(=N\CC1CCCCC1)c1c(O)nsc1Nc1cccnc1,CHEMBL3587,1.0,1.0,0.712,1086,False
N/C(=N\O)c1cnn2c(=O)c([N+](=O)[O-])n[nH]c12,CHEMBL284,34.0,54.0,0.215,4372,False
N/C1=N/CCCCCC1,CHEMBL4481,2.0,2.0,1.0,1037,True
N/C1=N/CCCCCC1,CHEMBL4803,3.0,3.0,1.0,770,True
N/C1=N/CCCCCC1,CHEMBL3568,1.0,1.0,1.0,1120,True
N=C(N)C1CCC[C@H](NC(=O)CN2CCC[C@@H](NS(=O)(=O)Cc3ccccc3)C2=O)C1O,CHEMBL204,3.0,3.0,1.0,5517,True
N=C(N)C1CCC[C@H](NC(=O)CN2CCC[C@@H](NS(=O)(=O)Cc3ccccc3)C2=O)C1O,CHEMBL244,1.0,1.0,1.0,5906,True
N=C(N)C1CCC[C@H](NC(=O)CN2CCC[C@@H](NS(=O)(=O)Cc3ccccc3)C2=O)C1O,CHEMBL209,2.0,2.0,1.0,1336,True
N=C(N)NC(=O)OCc1ccnc(N2CCC(c3nccs3)CC2)c1F,CHEMBL3437,1.0,1.0,0.77,803,False
N=C(N)NC(=O)c1nc(Cl)c(NCc2ccccn2)nc1N,CHEMBL3286,1.0,1.0,0.731,1079,False
N=C(N)NCCC[C@@H](NC(=O)c1cc2ccccc2cn1)C(=O)NCc1ccc(C(F)(F)F)cc1,CHEMBL344,1.0,1.0,0.75,3656,False
N=C(N)NCCC[C@@H](NC(=O)c1ccc(C(c2ccc(Cl)cc2)c2ccc(Cl)cc2)o1)C(=O)O,CHEMBL4761,1.0,1.0,0.678,210,False
N=C(N)NCCC[C@@H](NC(=O)c1ccc(C(c2cccc(Cl)c2)c2cccc(Cl)c2)o1)C(=O)O,CHEMBL4761,1.0,1.0,0.738,210,False
N=C(N)NCCC[C@@H](NC(=O)c1ccc(C(c2cccc(F)c2)c2cccc(F)c2)o1)C(=O)O,CHEMBL4761,1.0,1.0,0.738,210,False
N=C(N)NCCC[C@@H]1NC(=O)C[C@H](Cc2ccc(O)cc2)NC(=O)[C@H](CC(=O)O)NC(=O)[C@H](CCCCCC(=O)NO)NC1=O,CHEMBL325,4.0,5.0,0.565,8231,False
N=C(N)NCCC[C@@H]1NC(=O)C[C@H](Cc2ccc(O)cc2)NC(=O)[C@H](CC(=O)O)NC(=O)[C@H](CCCCCC(=O)NO)NC1=O,CHEMBL1829,1.0,1.0,0.696,2582,False
N=C(N)NCCC[C@@H]1NC(=O)C[C@H](Cc2ccc(O)cc2)NC(=O)[C@H](CC(=O)O)NC(=O)[C@H](CCCCCC(=O)NO)NC1=O,CHEMBL3192,2.0,2.0,0.696,3069,False
N=C(N)NCCC[C@@H]1NC(=O)C[C@H](Cc2ccc(O)cc2)NC(=O)[C@H](CC(=O)O)NC(=O)[C@H](CCCCCC(=O)NO)NC1=O,CHEMBL1865,3.0,3.0,0.696,6508,False
N=C(N)NCCC[C@H](C(N)=O)n1c(-c2cccc(Oc3ccccc3)c2)nc2cc(C(=O)N3CCOCC3)ccc21,CHEMBL5850,1.0,1.0,0.807,148,False
N=C(N)NCCC[C@H](NC(=O)Cc1c[nH]c2ccccc12)C(=O)N1C[C@H](Cc2ccccc2)C[C@H]1C(=O)NCCc1ccccc1,CHEMBL259,1.0,1.0,0.947,3249,False
N=C(N)NCCC[C@H](NC(=O)Cc1c[nH]c2ccccc12)C(=O)N1C[C@H](Cc2ccccc2)C[C@H]1C(=O)NCCc1ccccc1,CHEMBL4644,2.0,2.0,0.947,1032,False
N=C(N)NCCC[C@H](NC(=O)[C@@H]1C/C=C/C[C@@H]2NC(=O)[C@@H](NC(=O)CN)CSSC[C@H](NC(=O)[C@H](CCCNC(=N)N)NC(=O)[C@@H]3CCCN3C(=O)[C@H](CC(=O)O)NC(=O)[C@H](CO)NC2=O)C(=O)N[C@@H](CCCNC(=N)N)C(=O)N[C@@H](Cc2ccc(O)cc2)C(=O)N[C@@H](CCCNC(=N)N)C(=O)N1)C(=O)O,CHEMBL2492,1.0,1.0,0.917,1545,False
N=C(N)NCCC[C@H](NC(=O)c1ccc(C(c2ccccc2)c2ccccc2)o1)C(=O)O,CHEMBL4761,1.0,1.0,0.698,210,False
N=C(N)NCCC[C@H](NC(=O)c1ccc2cc[nH]c2c1)C(=O)N[C@@H](Cc1ccccc1)C(N)=O,CHEMBL5952,1.0,1.0,0.734,195,False
N=C(N)NCCC[C@H](NC(=O)c1ccc2cc[nH]c2c1)C(=O)N[C@@H](Cc1ccccc1)C(N)=O,CHEMBL5951,3.0,2.0,0.734,170,False
N=C(N)NOCCNC(=O)Cc1c(Cl)ccc(NCC(F)(F)c2ccccc2)c1F,CHEMBL204,1.0,1.0,0.815,5517,False
N=C(N)Nc1ccc(CNC(=O)CNC(=O)OCc2ccc(COC(=O)NCC(=O)NCc3ccc(NC(=N)N)cc3)cc2)cc1,CHEMBL2617,2.0,2.0,0.778,222,False
N=C(N)Nc1ccc(CNC(=O)CNC(=O)OCc2ccc(COC(=O)NCC(=O)NCc3ccc(NC(=N)N)cc3)cc2)cc1,CHEMBL209,1.0,1.0,0.778,1336,False
N=C(N)Nc1ncc(Cl)cc1/C=C/c1ccccn1,CHEMBL3286,2.0,2.0,0.733,1079,False
N=C(N)c1ccc(CNC(=O)C2(NC(=O)[C@@H](CC3CCCCC3)NCC(=O)O)CC2)cn1,CHEMBL204,1.0,1.0,0.952,5517,False
N=C(N)c1ccc(CNC(=O)C[C@@H]2OCCN(NCCc3ccccc3)C2=O)cc1,CHEMBL204,1.0,1.0,1.0,5517,True
N=C(N)c1cccc(C(=O)N[C@@H](C(=O)N2CCN(C(=O)c3ccccc3)CC2)c2ccccc2)c1,CHEMBL244,3.0,3.0,0.804,5906,False
N=C(N)c1cccc(C(=O)N[C@@H](C(=O)N2CCN(C(=O)c3ccccc3)CC2)c2ccccc2)c1,CHEMBL209,2.0,2.0,0.804,1336,False
N=C(N)c1cccc(C(=O)N[C@@H](C(=O)N2CCN(C(=O)c3ccccc3)CC2)c2ccccc2)c1,CHEMBL204,1.0,1.0,0.804,5517,False
N=C(N)c1cccc(CC(NC(=O)[C@@H]2CC[C@H]3CN(C(=O)CCc4ccccc4)CC(=O)N32)C(=O)c2nc3ccccc3s2)c1,CHEMBL204,1.0,1.0,0.779,5517,False
N=C(N)c1cccc(CC(NC(=O)[C@@H]2CC[C@H]3CN(C(=O)CCc4ccccc4)CC(=O)N32)C(=O)c2nc3ccccc3s2)c1,CHEMBL209,2.0,2.0,0.779,1336,False
N=C(N)c1cccc(OCC(=O)Nc2ccc(C(=O)N3CCOCC3)cc2)c1,CHEMBL244,1.0,1.0,0.833,5906,False
N=C(N)c1cccc(Oc2cc(Br)ccc2C(=O)Nc2ccc(-c3ccccc3S(N)(=O)=O)cc2)c1,CHEMBL244,1.0,1.0,0.746,5906,False
N=C(N)c1cccc(Oc2cc(Cl)ccc2C(=O)Nc2ccc(-c3ccccc3S(N)(=O)=O)cc2)c1,CHEMBL244,1.0,1.0,0.746,5906,False
N=C(N)c1cccc(Oc2cc(N)ccc2C(=O)Nc2ccc(-c3ccccc3S(N)(=O)=O)cc2)c1,CHEMBL244,1.0,1.0,0.657,5906,False
N=C(N)c1cccc(Oc2cc([N+](=O)[O-])ccc2C(=O)Nc2ccc(-c3ccccc3S(N)(=O)=O)cc2)c1,CHEMBL244,3.0,3.0,0.611,5906,False
N=C(N)c1cccc(Oc2ccc(Br)cc2C(=O)Nc2ccc(-c3ccccc3S(N)(=O)=O)cc2)c1,CHEMBL244,1.0,1.0,0.746,5906,False
N=C(N)c1cccc(Oc2ccc(Cl)cc2C(=O)Nc2ccc(-c3ccccc3S(N)(=O)=O)cc2)c1,CHEMBL244,1.0,1.0,0.731,5906,False
N=C(N)c1cccc(Oc2ccc(N)cc2C(=O)Nc2ccc(-c3ccccc3S(N)(=O)=O)cc2)c1,CHEMBL244,3.0,3.0,0.657,5906,False
N=C(N)c1cccc(Oc2ccc([N+](=O)[O-])cc2C(=O)Nc2ccc(-c3ccccc3S(N)(=O)=O)cc2)c1,CHEMBL244,1.0,1.0,0.611,5906,False
N=C(N)c1cccc(Oc2ccccc2C(=O)Nc2ccc(-c3ccccc3S(N)(=O)=O)cc2)c1,CHEMBL244,1.0,1.0,0.729,5906,False
N=C(NCCCN(CCCCN(CCCNC(=N)Nc1ccc2ccccc2c1)C(=N)Nc1ccc2ccccc2c1)C(=N)Nc1ccc2ccccc2c1)Nc1ccc2ccccc2c1,CHEMBL2107,1.0,1.0,0.975,983,False
N=C(NOC(=O)N1c2ccccc2Sc2ccccc21)c1ccc(Br)cc1,CHEMBL1795098,1587.0,197.0,0.267,1001,False
NC(=O)C(=O)C1(NC(=O)[C@@H]2C[C@H](N3C(=O)c4ccccc4C3=O)CN2C(=O)[C@@H](CC2CCCCC2)NC(=O)c2ccc3ccccc3c2)CCOCC1,CHEMBL4523419,1.0,1.0,0.805,937,False
NC(=O)C(=O)N1CCC[C@@H](n2nc(-c3ccc(Oc4ccccc4)cc3)c3c(N)ncnc32)C1,CHEMBL5251,1.0,1.0,0.833,9782,False
NC(=O)C(NC(=O)c1ccc(NC(=O)N2Cc3ccc(F)cc3C2)cc1)c1ccccc1,CHEMBL1744525,1.0,1.0,0.683,4583,False
NC(=O)C(NC(=O)c1ccc(NC(=O)N2Cc3ccccc3C2)cc1)c1ccccc1,CHEMBL1744525,1.0,1.0,0.652,4583,False
NC(=O)C(NC1CCC(c2c[nH]c3ccccc23)CC1)C1CCN(C(=O)/C=C/c2ccc3c(c2)CCO3)CC1,CHEMBL4015,1.0,1.0,0.931,2077,False
NC(=O)C12CC3CC(C1)C(NC(=O)CN1CCCCN(c4c(Cl)cc(Cl)cc4Cl)S1(=O)=O)C(C3)C2,CHEMBL4235,1.0,1.0,0.966,3366,False
NC(=O)C12CC3CC(C1)C(NS(=O)(=O)c1ccccc1F)C(C3)C2,CHEMBL4235,1.0,1.0,0.709,3366,False
NC(=O)CCCCN(Cc1ccc2ccccc2c1)C[C@H]1O[C@@H](n2cnc3c(N)ncnc32)[C@H](O)[C@@H]1O,CHEMBL2346486,1.0,1.0,0.704,194,False
NC(=O)CNC(=O)[C@H](CCCN=C(N)N)NC(=O)[C@@H]1CCCN1C(=O)[C@@H]1CSSCCC(=O)N[C@@H](Cc2ccc(O)cc2)C(=O)N[C@@H](Cc2ccccc2)C(=O)N[C@@H](Cc2cccs2)C(=O)N[C@@H](CC(N)=O)C(=O)N1,CHEMBL1921,3.0,3.0,0.909,685,False
NC(=O)CNC(=O)[C@H](CCCN=C(N)N)NC(=O)[C@@H]1CCCN1C(=O)[C@@H]1CSSCCC(=O)N[C@@H](Cc2ccc(O)cc2)C(=O)N[C@@H](Cc2ccccc2)C(=O)N[C@@H](Cc2cccs2)C(=O)N[C@@H](CC(N)=O)C(=O)N1,CHEMBL1889,4.0,4.0,0.909,1561,False
NC(=O)CNC(=O)[C@H](CCCN=C(N)N)NC(=O)[C@@H]1CCCN1C(=O)[C@@H]1CSSCCC(=O)N[C@@H](Cc2ccc(O)cc2)C(=O)N[C@@H](Cc2ccccc2)C(=O)N[C@@H](Cc2cccs2)C(=O)N[C@@H](CC(N)=O)C(=O)N1,CHEMBL1790,1.0,1.0,0.909,901,False
NC(=O)CNC(=O)[C@H](CCCN=C(N)N)NC(=O)[C@@H]1CCCN1C(=O)[C@@H]1CSSCCC(=O)N[C@@H](Cc2ccc(O)cc2)C(=O)N[C@@H](Cc2ccccc2)C(=O)N[C@@H](Cc2cccs2)C(=O)N[C@@H](CC(N)=O)C(=O)N1,CHEMBL2049,2.0,2.0,0.909,980,False
NC(=O)CNc1ccc(-c2c[nH]c3cc(F)ccc23)cn1,CHEMBL2140,2.0,1.0,0.589,983,False
NC(=O)Nc1sc(-c2cccs2)cc1C(=O)N[C@H]1CCCNC1,CHEMBL4630,1.0,1.0,0.75,2809,False
NC(=O)Nc1sc(-c2cccs2)cc1C(=O)N[C@H]1CCCNC1,CHEMBL5578,42.0,2.0,0.75,21,False
NC(=O)[C@@H](NC(=O)[C@@H]1COCc2cnnn2CCCCC(=O)NCC(=O)N2CCC[C@H]2C(=O)N[C@@H](Cc2cccc3ccccc23)C(=O)N1)C1CCCCC1,CHEMBL2189121,1.0,1.0,0.851,2721,False
NC(=O)[C@@H](c1ncon1)[C@@H](CCC(F)(F)F)C(=O)N[C@H]1N=C(c2ccccc2)c2ccccc2NC1=O,CHEMBL3407319,1.0,1.0,0.757,55,False
NC(=O)[C@@H](c1ncon1)[C@@H](CCC(F)(F)F)C(=O)N[C@H]1N=C(c2ccccc2)c2ccccc2NC1=O,CHEMBL2146346,2.0,2.0,0.757,112,False
NC(=O)[C@@H]1CSC[C@H](c2ccc(OCc3cccc(F)c3)cc2)N1,CHEMBL240,1.0,1.0,0.759,10985,False
NC(=O)[C@H](NC(=O)c1ccc(NC(=O)N2Cc3ccc(F)cc3C2)cc1)c1ccccc1,CHEMBL1744525,1.0,1.0,0.683,4583,False
NC(=O)[C@H](NC(=O)c1ccc(NC(=O)N2Cc3ccccc3C2)cc1)c1ccccc1,CHEMBL1744525,1.0,1.0,0.652,4583,False
NC(=O)[C@]12CC3CC(C1)[C@@H](NC(=O)CN1CCCCN(c4c(Cl)cc(Cl)cc4Cl)S1(=O)=O)C(C3)C2,CHEMBL4235,1.0,1.0,0.966,3366,False
NC(=O)c1c(-c2ccc(Oc3ccccc3)cc2)nn2c1NCCC2C1CCN(C(=O)/C=C/CN2CCCCC2)CC1,CHEMBL5251,1.0,1.0,0.789,9782,False
NC(=O)c1cc(N[C@H]2CCNC2)nc(-c2ccnc(NC3CCCCC3)c2)c1,CHEMBL3863,1.0,1.0,1.0,169,True
NC(=O)c1cc(N[C@H]2CCNC2)nc(-c2ccnc(NC3CCCCC3)c2)c1,CHEMBL4900,2.0,2.0,1.0,478,True
NC(=O)c1ccc(/C=C(/C(=O)N2CC(=O)Nc3ccccc32)c2ccccc2)cc1,CHEMBL1163125,2.0,2.0,0.633,9315,False
NC(=O)c1ccc(/C=C(/C(=O)N2CC(=O)Nc3ccccc32)c2ccccc2)cc1,CHEMBL1293289,1.0,1.0,0.633,905,False
NC(=O)c1ccc(NC(=O)COC(=O)c2cc3c(s2)CCC3)cc1,CHEMBL1795098,659.0,3.0,0.426,1001,False
NC(=O)c1ccc(NC2CNC[C@@H]2c2ccc3cccnc3c2)c2cccnc12,CHEMBL4501,1.0,1.0,0.672,1918,False
NC(=O)c1ccc(Nc2ncc(C(F)(F)F)c(N3CCCCC3)n2)cc1,CHEMBL2148,1.0,1.0,0.978,7416,False
NC(=O)c1ccc(Nc2nccc(-c3cnn4ncccc34)n2)cc1,CHEMBL331,1.0,1.0,0.617,1424,False
NC(=O)c1ccc(Nc2nccc(-c3cnn4ncccc34)n2)cc1,CHEMBL262,2.0,2.0,0.617,5430,False
NC(=O)c1ccc(Nc2nccc(-c3cnn4ncccc34)n2)cc1,CHEMBL301,6.0,4.0,0.617,2596,False
NC(=O)c1ccc(Oc2cccc(C(=O)N3CCC(c4ccccc4)C3)c2)cc1,CHEMBL2176777,1.0,1.0,0.9,264,False
NC(=O)c1ccc(Oc2cccc(C(=O)N3CCC(c4ccccc4)C3)c2)cc1,CHEMBL2429708,2.0,2.0,0.9,167,False
NC(=O)c1ccc2c(c1)CCCN2c1ccc(CNCC2CCCCC2)cc1,CHEMBL233,2.0,2.0,0.71,7306,False
NC(=O)c1ccc2c(c1)CCCN2c1ccc(CNCC2CCCCC2)cc1,CHEMBL236,3.0,3.0,0.71,4835,False
NC(=O)c1ccc2c(c1)CCCN2c1ccc(CNCC2CCCCC2)cc1,CHEMBL237,1.0,1.0,0.71,6265,False
NC(=O)c1cccc(O[C@@H]2C[C@H]3CC[C@@H](C2)N3CC(=O)N2CCCC2)c1,CHEMBL237,2.0,2.0,0.679,6265,False
NC(=O)c1cccc(O[C@@H]2C[C@H]3CC[C@@H](C2)N3CC(=O)N2CCCC2)c1,CHEMBL233,3.0,3.0,0.673,7306,False
NC(=O)c1cccc2c1O/C(=C\c1ccc(OCC3CO3)cc1)C2=O,CHEMBL3105,1.0,1.0,0.673,4466,False
NC(=O)c1ccccc1Nc1cc(Oc2ccc(Br)cc2)ncc1C(F)(F)F,CHEMBL2637,1.0,1.0,0.782,1597,False
NC(=O)c1ccccc1Nc1cc(Oc2ccc(Br)cc2)ncc1C(F)(F)F,CHEMBL2276,2.0,2.0,0.733,1907,False
NC(=O)c1ccccc1Nc1cc(Oc2ccc(Cl)c(Cl)c2)ncc1C(F)(F)F,CHEMBL2637,1.0,1.0,0.786,1597,False
NC(=O)c1ccccc1Nc1cc(Oc2ccc(Cl)c(Cl)c2)ncc1C(F)(F)F,CHEMBL2276,2.0,2.0,0.71,1907,False
NC(=O)c1ccccc1Nc1cc(Oc2ccc(F)cc2)ncc1C(F)(F)F,CHEMBL2637,1.0,1.0,0.796,1597,False
NC(=O)c1ccccc1Nc1cc(Oc2ccc(F)cc2)ncc1C(F)(F)F,CHEMBL2276,2.0,2.0,0.746,1907,False
NC(=O)c1ccccc1Nc1cc(Oc2ccc(OC(F)(F)F)cc2)ncc1C(F)(F)F,CHEMBL2637,1.0,1.0,0.782,1597,False
NC(=O)c1ccccc1Nc1cc(Oc2ccc(OC(F)(F)F)cc2)ncc1C(F)(F)F,CHEMBL2276,2.0,2.0,0.733,1907,False
NC(=O)c1ccccc1Nc1cc(Oc2cccc(Cl)c2)ncc1C(F)(F)F,CHEMBL2637,1.0,1.0,0.754,1597,False
NC(=O)c1ccccc1Nc1ccnc(Oc2ccccc2)c1,CHEMBL2637,2.0,4.0,0.691,1597,False
NC(=O)c1ccccc1Nc1ccnc(Oc2ccccc2)c1,CHEMBL2276,1.0,3.0,0.691,1907,False
NC(=O)c1cn(CCCCc2nnc(NC(=O)Cc3cccc(OC(F)(F)F)c3)s2)nn1,CHEMBL2146302,1.0,1.0,0.756,1424,False
NC(=O)c1cnc(NCCc2ccc(O)cc2)nc1Nc1ccccc1,CHEMBL5401,2.0,1.0,0.769,167,False
NC(=O)c1cnc(N[C@@H]2CCCC[C@@H]2N)nc1Nc1ccc(C2=CCOCC2)cc1,CHEMBL2599,1.0,1.0,0.833,5285,False
NC(=O)c1cncc(OCc2cccc(NC(=O)c3ccc(-n4cnnc4)cc3)c2)c1,CHEMBL4506,2.0,2.0,0.845,735,False
NC(=O)c1cncc(OCc2cccc(NC(=O)c3ccc(-n4cnnc4)cc3)c2)c1,CHEMBL4462,1.0,1.0,0.845,939,False
NC(=O)c1cncc(OCc2cccc(NC(=O)c3ccc(-n4cnnc4)cc3)c2)c1,CHEMBL4461,3.0,3.0,0.845,323,False
NC(=O)c1cncc(OCc2cccc(NC(=O)c3cccc4ccccc34)c2)c1,CHEMBL4462,1.0,1.0,0.776,939,False
NC(=O)c1cncc(OCc2cccc(NC(=O)c3cccc4ccccc34)c2)c1,CHEMBL4461,3.0,3.0,0.776,323,False
NC(=O)c1cnn2c(N)cc(Nc3cc(Cl)cnc3OC3CCC3)nc12,CHEMBL3553,1.0,1.0,0.797,6084,False
NC(=O)c1nnc(N2CCC[C@@H](NC(=O)N3CCCCC3)C2)nc1Nc1ccc(C2CCN(C3CCCC3)CC2)cc1,CHEMBL203,1.0,1.0,0.817,11022,False
NC(=O)c1nnc(N2CCC[C@@H](NC(=O)N3CCCCC3)C2)nc1Nc1ccc(C2CCN(C3CCCC3)CC2)cc1,CHEMBL258,2.0,2.0,0.817,2369,False
NC(=O)c1nnc(N2CCC[C@@H](NC(=O)N3CCCCC3)C2)nc1Nc1ccc(C2CCN(C3CCCC3)CC2)cc1,CHEMBL2148,3.0,3.0,0.817,7416,False
NC(=O)c1nnc(N[C@@H]2CCCC[C@@H]2N)nc1Nc1ccc2nn(C(F)F)cc2c1,CHEMBL2599,1.0,1.0,0.875,5285,False
NC(=O)c1sc(N2CCOCC2)nc1CC(=O)N1CCc2c(Br)cccc21,CHEMBL3267,1.0,1.0,0.567,3907,False
NC(=O)c1sc(N2CCOCC2)nc1CC(=O)N1CCc2c(Br)cccc21,CHEMBL4005,6.0,6.0,0.567,7718,False
NC(=O)c1sc(N2CCOCC2)nc1CC(=O)N1CCc2c(Br)cccc21,CHEMBL3130,5.0,5.0,0.567,7171,False
NC(=O)c1sc(N2CCOCC2)nc1CC(=O)N1CCc2c(Br)cccc21,CHEMBL3145,2.0,2.0,0.567,2776,False
NC(=O)c1sc(N2CCOCC2)nc1CC(=O)N1CCc2c(Br)cccc21,CHEMBL340,4.0,4.0,0.567,5556,False
NC(=O)c1sc(N2CCOCC2)nc1CC(=O)N1CCc2c(Cl)cccc21,CHEMBL4005,4.0,4.0,0.574,7718,False
NC(=O)c1sc(N2CCOCC2)nc1CC(=O)N1CCc2c(Cl)cccc21,CHEMBL3130,1.0,1.0,0.574,7171,False
NC(=O)c1sc(N2CCOCC2)nc1CC(=O)N1CCc2c(Cl)cccc21,CHEMBL3145,6.0,6.0,0.574,2776,False
NC(=O)c1sc(N2CCOCC2)nc1CC(=O)N1CCc2c(Cl)cccc21,CHEMBL340,5.0,5.0,0.574,5556,False
NC(=O)c1sc(N2CCOCC2)nc1CC(=O)N1CCc2c(F)cccc21,CHEMBL4005,4.0,4.0,0.574,7718,False
NC(=O)c1sc(N2CCOCC2)nc1CC(=O)N1CCc2c(F)cccc21,CHEMBL3130,2.0,2.0,0.574,7171,False
NC(=O)c1sc(N2CCOCC2)nc1CC(=O)N1CCc2c(F)cccc21,CHEMBL3145,6.0,6.0,0.574,2776,False
NC(=O)c1sc(N2CCOCC2)nc1CC(=O)N1CCc2cc(Br)ccc21,CHEMBL3130,2.0,2.0,0.493,7171,False
NC(=O)c1sc(N2CCOCC2)nc1CC(=O)N1CCc2cc(Br)ccc21,CHEMBL3145,3.0,3.0,0.493,2776,False
NC(=O)c1sc(N2CCOCC2)nc1CC(=O)N1CCc2cc(Cl)ccc21,CHEMBL3130,6.0,6.0,0.574,7171,False
NC(=O)c1sc(N2CCOCC2)nc1CC(=O)N1CCc2cc(Cl)ccc21,CHEMBL3145,5.0,5.0,0.574,2776,False
NC(=O)c1sc(N2CCOCC2)nc1CC(=O)N1CCc2cc(F)ccc21,CHEMBL4005,6.0,6.0,0.574,7718,False
NC(=O)c1sc(N2CCOCC2)nc1CC(=O)N1CCc2cc(F)ccc21,CHEMBL3130,3.0,3.0,0.574,7171,False
NC(=O)c1sc(N2CCOCC2)nc1CC(=O)N1CCc2cc(F)ccc21,CHEMBL3145,4.0,4.0,0.574,2776,False
NC(=O)c1sc(N2CCOCC2)nc1CC(=O)N1CCc2cc(F)ccc21,CHEMBL340,1.0,1.0,0.574,5556,False
NC(=O)c1sc(N2CCOCC2)nc1CC(=O)N1CCc2ccccc21,CHEMBL4005,6.0,6.0,0.538,7718,False
NC(=O)c1sc(N2CCOCC2)nc1CC(=O)N1CCc2ccccc21,CHEMBL3130,2.0,2.0,0.538,7171,False
NC(=O)c1sc(N2CCOCC2)nc1CC(=O)N1CCc2ccccc21,CHEMBL3145,5.0,5.0,0.538,2776,False
NC(=O)c1sc(N2CCOCC2)nc1CC(=O)N1CCc2ccccc21,CHEMBL340,3.0,3.0,0.538,5556,False
NC(C(=O)N1CCN(c2ccc3[nH]ncc3c2)CC1)c1ccc(Br)cc1,CHEMBL2973,2.0,2.0,0.695,5292,False
NC(C(=O)N1CCN(c2ccc3[nH]ncc3c2)CC1)c1ccc(Br)cc1,CHEMBL340,1.0,1.0,0.712,5556,False
NC(C(=O)N1CCN(c2ccc3[nH]ncc3c2)CC1)c1ccc(Cl)cc1,CHEMBL2973,2.0,2.0,0.636,5292,False
NC(C(=O)N1CCN(c2ccc3[nH]ncc3c2)CC1)c1ccc(Cl)cc1,CHEMBL340,1.0,1.0,0.712,5556,False
NC(C(=O)N1CCN(c2ccc3[nH]ncc3c2)CC1)c1cccc(Cl)c1,CHEMBL2973,2.0,2.0,0.71,5292,False
NC(C(=O)N1CCN(c2ccc3[nH]ncc3c2)CC1)c1cccc(Cl)c1,CHEMBL340,1.0,1.0,0.71,5556,False
NC(N)=NS(=O)(=O)c1ccc(N/N=C2\SC(Nc3ccc(S(N)(=O)=O)cc3)=NC2=O)cc1,CHEMBL205,2.0,2.0,0.436,8715,False
NC(N)=NS(=O)(=O)c1ccc(N/N=C2\SC(Nc3ccc(S(N)(=O)=O)cc3)=NC2=O)cc1,CHEMBL261,1.0,1.0,0.436,7567,False
NC(N)=NS(=O)(=O)c1ccc(N/N=C2\SC(Nc3ccc(S(N)(=O)=O)cc3)=NC2=O)cc1,CHEMBL3594,3.0,3.0,0.436,6139,False
NC1(C(=O)N2CCN(Cc3ncc(C(=O)NCc4ccc(Cl)cc4Cl)s3)CC2)CC1,CHEMBL2409,1.0,1.0,0.762,2764,False
NC1(c2ccc(-c3cc(S(=O)(=O)N4CCC5(CC4)C[C@@H](NC[C@H](O)COc4cccc(S(=O)(=O)C6(CO)CC6)c4)CO5)ccc3F)cc2)CC1,CHEMBL246,1.0,1.0,0.839,1600,False
NC1(c2ccc(-n3c(C4CC4)nc4ccc(-c5cccc(N6CCOCC6)c5)nc43)cc2)CCC1,CHEMBL4282,1.0,1.0,0.935,3688,False
NC1=N[C@@](c2cc(NC(=O)c3cnc(OCc4nccs4)cn3)ccc2F)(C(F)F)[C@H]2C[C@H]2O1,CHEMBL4822,1.0,1.0,0.835,9994,False
NC1=N[C@@]2(c3ccccc3F)CO[C@@H](COc3ccccn3)C[C@H]2CS1,CHEMBL4822,1.0,1.0,0.828,9994,False
NC1=Nc2nc3ccccc3n2C(c2ccc(OCC(=O)O)cc2)N1,CHEMBL2439,342.0,85.0,0.3,614,False
NC1CC(N[C@H]2C[C@@H]2c2ccccc2)c2ccccc21,CHEMBL2039,2.0,2.0,0.575,4794,False
NC1CC(N[C@H]2C[C@@H]2c2ccccc2)c2ccccc21,CHEMBL6136,3.0,3.0,0.575,3886,False
NC1CC1c1ccc(C(=O)Nc2cccc(C(F)(F)F)c2)cc1,CHEMBL1951,2.0,2.0,0.617,3112,False
NC1CC1c1ccc(C(=O)Nc2cccc(C(F)(F)F)c2)cc1,CHEMBL2039,1.0,1.0,0.632,4794,False
NC1CC1c1ccc(C(=O)Nc2ccccc2)cc1,CHEMBL1951,3.0,3.0,0.882,3112,False
NC1CC1c1ccc(C(=O)Nc2ccccc2)cc1,CHEMBL2039,1.0,1.0,0.882,4794,False
NC1CCC(Cn2nc(-c3ccc(N4CCOCC4)cc3)c3cnc(NCCCc4ccc(F)cc4)nc32)CC1,CHEMBL5331,1.0,1.0,0.784,2333,False
NC1CCN(CCCOc2ccc(-c3nc4ccc(OCCCN5CCC(N)C5)cc4o3)cc2)C1,CHEMBL5804,2.0,2.0,0.704,3644,False
NC1CCN(CCCOc2ccc(-c3nc4ccc(OCCCN5CCC(N)C5)cc4o3)cc2)C1,CHEMBL5936,1.0,1.0,0.704,5391,False
NC1CCN(c2ccc(N3CC(CNC(=O)c4ccc(Cl)s4)OC3=O)cc2F)C1,CHEMBL244,1.0,1.0,0.908,5906,False
NCC(=O)N1CCC[C@@H](n2nc(-c3ccc(Oc4ccccc4)cc3)c3c(N)ncnc32)C1,CHEMBL5251,1.0,1.0,0.862,9782,False
NCC(NC(=O)c1cc(C2CC2)c(-c2ccnc3[nH]ccc23)s1)c1ccccc1,CHEMBL4282,2.0,2.0,0.75,3688,False
NCCC(=O)N[C@H](Cc1ccc(Cl)cc1Cl)C(=O)N1CCN(c2ncccc2CNC(=O)NCc2cccs2)CC1,CHEMBL259,1.0,1.0,0.868,3249,False
NCCCC1(C(=O)O)CCc2c(ncn2-c2ccccc2)C1,CHEMBL3419,1.0,1.0,0.636,338,False
NCCCCN1N=C(/C=C/c2ccc(O)cc2)c2ccccc2N(Cc2ccc(-c3ccccc3)cc2)C1=O,CHEMBL3764,1.0,1.0,0.569,627,False
NCCCCNc1nc(Nc2ccc(N3CCOCC3)cc2)c2ncn(C3CCCC3)c2n1,CHEMBL1974,1.0,1.0,0.806,4344,False
NCCCC[C@H](NC(=O)[C@H](Cc1ccc(OP(=O)(O)O)cc1)NC(=O)CCc1ccccc1)C(=O)N1CCC[C@H]1C(=O)N[C@@H](Cc1ccccc1)C(N)=O,CHEMBL5401,1.0,1.0,0.885,167,False
NCCCc1cc2cc[nH]c(=O)c2c(Nc2ccc(N3CCOCC3)cc2)n1,CHEMBL2803,1.0,1.0,0.661,305,False
NCCCc1nc(-c2cccc([N+](=O)[O-])c2)cn2cc(-c3ccccc3)nc12,CHEMBL1917,4.0,4.0,0.567,616,False
NCCCc1nc(-c2cccc([N+](=O)[O-])c2)cn2cc(-c3ccccc3)nc12,CHEMBL1804,3.0,3.0,0.567,935,False
NCCCc1nc(-c2cccc([N+](=O)[O-])c2)cn2cc(-c3ccccc3)nc12,CHEMBL2028,1.0,1.0,0.567,820,False
NCCCc1nc(-c2cccc([N+](=O)[O-])c2)cn2cc(-c3ccccc3)nc12,CHEMBL1792,2.0,2.0,0.567,903,False
NCCN1CCC(Cc2ccccc2)CC1,CHEMBL1275221,33.0,10.0,0.537,182,False
NCCN1CCC(Cc2ccccc2)CC1,CHEMBL5406,8.0,9.0,0.537,345,False
NCCN1CCC(Cc2ccccc2)CC1,CHEMBL5524,838.0,438.0,0.262,445,False
NCCN1CCC(Cc2ccccc2)CC1,CHEMBL5891,297.0,152.0,0.34,99,False
NCCN1CCC(Cc2ccccc2)CC1,CHEMBL3108648,129.0,80.0,0.391,68,False
NCC[C@H](N)C(=O)N1CC[C@H]2CCC[C@H]21,CHEMBL3976,5.0,5.0,0.535,1086,False
NC[C@@H]1OC(C2CCCCC2)Cc2c1ccc(O)c2O,CHEMBL2056,1.0,1.0,1.0,1513,True
NC[C@@H]1O[C@H](c2ccccc2)Cc2c1ccc(Br)c2O,CHEMBL225,20.0,26.0,0.411,3966,False
NC[C@@H]1O[C@H](c2ccccc2)Cc2c1ccc(O)c2O,CHEMBL2056,1.0,1.0,1.0,1513,True
NC[C@@]1(c2ncccc2CN2CCCCC2)C[C@H]2CC[C@@H](C1)N2C(c1ccccc1Cl)c1ccccc1Cl,CHEMBL2014,1.0,1.0,0.7,2731,False
NC[C@H]1CC[C@H](C(=O)NC(Cc2ccccc2)c2cc(-c3ccc4c(N)n[nH]c4c3)ccn2)CC1,CHEMBL2820,1.0,1.0,1.0,3003,True
NC[C@H]1CC[C@H](C(=O)NC(Cc2ccccc2)c2cc(-c3ccc4c(O)n[nH]c4c3)ccn2)CC1,CHEMBL2820,1.0,1.0,0.879,3003,False
NC[C@H]1CC[C@H](C(=O)NC(Cc2ccccc2)c2cc(-c3ccc4cn[nH]c4c3)ccn2)CC1,CHEMBL2820,1.0,1.0,0.879,3003,False
NC[C@H]1CC[C@H](C(=O)N[C@@H](Cc2ccccc2)c2cc(-c3ccc4c(N)n[nH]c4c3)ccn2)CC1,CHEMBL2820,1.0,1.0,1.0,3003,True
NC[C@H]1CC[C@H](C(=O)N[C@@H](Cc2ccccc2)c2cc(-c3ccc4c(N)n[nH]c4c3)ccn2)CC1,CHEMBL2000,2.0,2.0,0.797,3740,True
NCc1ccc(CCCNC(=O)CNS(=O)(=O)c2ccc3ccccc3c2)cc1,CHEMBL2617,1.0,1.0,0.692,222,False
NCc1ccc(CNC(=O)CNC(=O)OCc2ccc(COC(=O)NCC(=O)NCc3ccc(CN)cc3)cc2)cc1,CHEMBL2617,2.0,2.0,0.6,222,False
NCc1ccc(CNC(=O)CNC(=O)OCc2ccc(COC(=O)NCC(=O)NCc3ccc(CN)cc3)cc2)cc1,CHEMBL209,4.0,4.0,0.51,1336,False
NCc1ccc(CNC(=O)c2ccc(NC(=O)N3Cc4ccc(F)cc4C3)cc2)cc1,CHEMBL1744525,1.0,1.0,0.83,4583,False
NCc1cccc(-c2n[nH]c3cc(-c4ccc(O)cc4)ccc23)c1,CHEMBL4142,3.0,3.0,0.491,1791,False
NCc1cccc(-c2n[nH]c3cc(-c4ccc(O)cc4)ccc23)c1,CHEMBL3650,4.0,4.0,0.491,4143,False
NCc1cccc(-c2n[nH]c3cc(-c4ccc(O)cc4)ccc23)c1,CHEMBL2742,10.0,13.0,0.436,2331,False
NCc1nn[nH]c1-c1ccc2c(-c3cc4cc(CN5CCC(F)CC5)ccc4[nH]3)n[nH]c2c1,CHEMBL4630,1.0,1.0,0.579,2809,False
NCc1nn[nH]c1-c1ccc2c(-c3cc4cc(CN5CCC(F)CC5)ccc4[nH]3)n[nH]c2c1,CHEMBL3055,2.0,2.0,0.569,628,False
NN=C1C(Cl)=C(Cl)C(Cl)=C1Cl,CHEMBL3864,151.0,288.0,0.12,2389,False
NN=C1C(Cl)=C(Cl)C(Cl)=C1Cl,CHEMBL2635,1000.0,50.0,0.162,520,False
NN=C1C(Cl)=C(Cl)C(Cl)=C1Cl,CHEMBL4105866,1242.0,1.0,0.296,8,False
NS(=O)(=O)NCC1CCCC(Nc2nonc2C(=NO)Nc2ccc(F)c(Br)c2)C1,CHEMBL4685,1.0,1.0,0.778,3604,False
NS(=O)(=O)NCCC1CCCC(Nc2nonc2C(=NO)Nc2ccc(F)c(Br)c2)C1,CHEMBL4685,1.0,1.0,0.831,3604,False
NS(=O)(=O)NCC[C@H]1CC[C@H](Nc2nonc2C(=NO)Nc2ccc(F)c(Br)c2)CC1,CHEMBL4685,1.0,1.0,0.824,3604,False
NS(=O)(=O)c1c(F)c(F)c(NCCc2ccc(O)cc2)c(F)c1F,CHEMBL3912,5.0,5.0,0.535,392,False
NS(=O)(=O)c1c(F)c(F)c(NCCc2ccc(O)cc2)c(F)c1F,CHEMBL3242,4.0,4.0,0.535,4916,False
NS(=O)(=O)c1c(F)c(F)c(NCCc2ccc(O)cc2)c(F)c1F,CHEMBL2326,2.0,2.0,0.535,1554,False
NS(=O)(=O)c1c(F)c(F)c(NCCc2ccc(O)cc2)c(F)c1F,CHEMBL205,3.0,3.0,0.535,8715,False
NS(=O)(=O)c1c(F)c(F)c(NCCc2ccc(O)cc2)c(F)c1F,CHEMBL261,1.0,1.0,0.535,7567,False
NS(=O)(=O)c1ccc(-c2cnc(C(=O)CCCCCCc3ccccc3)o2)s1,CHEMBL2243,1.0,1.0,0.672,1975,False
NS(=O)(=O)c1ccc(-c2nc(NCc3csc4ccccc34)cc(C(F)(F)F)n2)cc1,CHEMBL230,1.0,1.0,0.672,4379,False
NS(=O)(=O)c1ccc(C(=O)N2C[C@H]3CN(C(=O)OCc4ccc(OC(F)(F)F)cc4)C[C@]3(F)C2)c(F)c1,CHEMBL205,1.0,1.0,0.699,8715,False
NS(=O)(=O)c1ccc(C(=O)NCc2cn([C@@H]3OC[C@@H](O)[C@@H](O)[C@@H]3O)nn2)cc1,CHEMBL261,4.0,4.0,0.712,7567,True
NS(=O)(=O)c1ccc(C(=O)NCc2cn([C@@H]3OC[C@@H](O)[C@@H](O)[C@@H]3O)nn2)cc1,CHEMBL205,3.0,3.0,0.712,8715,True
NS(=O)(=O)c1ccc(C(=O)NCc2cn([C@@H]3OC[C@@H](O)[C@@H](O)[C@@H]3O)nn2)cc1,CHEMBL3594,5.0,5.0,0.712,6139,True
NS(=O)(=O)c1ccc(C(=O)NCc2cn([C@@H]3O[C@H](CO)[C@@H](O)[C@H](O)[C@H]3O)nn2)cc1,CHEMBL261,1.0,1.0,0.828,7567,False
NS(=O)(=O)c1ccc(C(=O)NCc2cn([C@@H]3O[C@H](CO)[C@@H](O)[C@H](O)[C@H]3O)nn2)cc1,CHEMBL205,5.0,5.0,0.828,8715,False
NS(=O)(=O)c1ccc(C(=O)NCc2cn([C@@H]3O[C@H](CO)[C@@H](O)[C@H](O)[C@H]3O)nn2)cc1,CHEMBL3594,3.0,3.0,0.828,6139,False
NS(=O)(=O)c1ccc(C(=O)NCc2cn([C@@H]3O[C@H](CO)[C@@H](O)[C@H](O)[C@H]3O)nn2)cc1,CHEMBL3242,2.0,2.0,0.828,4916,False
NS(=O)(=O)c1ccc(C(=O)NCc2cn([C@@H]3O[C@H](CO)[C@@H](O)[C@H](O)[C@H]3O)nn2)cc1,CHEMBL3510,4.0,4.0,0.828,746,False
NS(=O)(=O)c1ccc(C(=O)NCc2cn([C@@H]3O[C@H](CO)[C@H](O)[C@H](O)[C@H]3O)nn2)cc1,CHEMBL261,1.0,1.0,0.828,7567,False
NS(=O)(=O)c1ccc(C(=O)NCc2cn([C@@H]3O[C@H](CO)[C@H](O)[C@H](O)[C@H]3O)nn2)cc1,CHEMBL205,5.0,5.0,0.828,8715,False
NS(=O)(=O)c1ccc(C(=O)NCc2cn([C@@H]3O[C@H](CO)[C@H](O)[C@H](O)[C@H]3O)nn2)cc1,CHEMBL3594,3.0,3.0,0.828,6139,False
NS(=O)(=O)c1ccc(C(=O)NCc2cn([C@@H]3O[C@H](CO)[C@H](O)[C@H](O)[C@H]3O)nn2)cc1,CHEMBL3242,2.0,2.0,0.828,4916,False
NS(=O)(=O)c1ccc(C(=O)NCc2cn([C@@H]3O[C@H](CO)[C@H](O)[C@H](O)[C@H]3O)nn2)cc1,CHEMBL3510,4.0,4.0,0.828,746,False
NS(=O)(=O)c1ccc(CCN(Cc2csc3ccccc23)C(=O)c2ccc(-c3cssc3=S)cc2)cc1,CHEMBL205,1.0,1.0,0.794,8715,False
NS(=O)(=O)c1ccc(CCN(Cc2csc3ccccc23)C(=O)c2ccc(-c3cssc3=S)cc2)cc1,CHEMBL3729,5.0,4.0,0.794,1603,False
NS(=O)(=O)c1ccc(CCN(Cc2csc3ccccc23)C(=O)c2ccc(-c3cssc3=S)cc2)cc1,CHEMBL3594,2.0,2.0,0.794,6139,False
NS(=O)(=O)c1ccc(CCN(Cc2csc3ccccc23)C(=O)c2ccc(-c3cssc3=S)cc2)cc1,CHEMBL3242,3.0,3.0,0.794,4916,False
NS(=O)(=O)c1ccc(CCNc2nc(Cl)nc3cccc(-c4ccccc4)c23)cc1,CHEMBL240,1.0,1.0,0.729,10985,False
NS(=O)(=O)c1ccc(Cc2c(-c3cccc(Sc4[nH]nnc4C(=O)O)c3)nn(-c3nc(C(=O)O)cs3)c2CC2CC2)cc1F,CHEMBL4229,2.0,2.0,0.74,303,False
NS(=O)(=O)c1ccc(Cc2c(-c3cccc(Sc4[nH]nnc4C(=O)O)c3)nn(-c3nc(C(=O)O)cs3)c2CC2CC2)cc1F,CHEMBL4835,1.0,1.0,0.75,603,False
NS(=O)(=O)c1ccc(N/N=C2\SC(Nc3ccc(S(N)(=O)=O)cc3)=NC2=O)cc1,CHEMBL3594,3.0,3.0,0.522,6139,False
NS(=O)(=O)c1ccc(N/N=C2\SC(Nc3ccc(S(N)(=O)=O)cc3)=NC2=O)cc1,CHEMBL205,1.0,1.0,0.522,8715,False
NS(=O)(=O)c1ccc(N/N=C2\SC(Nc3ccc(S(N)(=O)=O)cc3)=NC2=O)cc1,CHEMBL261,2.0,2.0,0.522,7567,False
NS(=O)(=O)c1ccc(NC(=O)/C(Cl)=N/Nc2ccc(Br)cc2)cc1,CHEMBL261,2.0,2.0,0.717,7567,False
NS(=O)(=O)c1ccc(NC(=O)/C(Cl)=N/Nc2ccc(Br)cc2)cc1,CHEMBL205,1.0,1.0,0.717,8715,False
NS(=O)(=O)c1ccc(NC(=O)/C(Cl)=N/Nc2ccc(Br)cc2)cc1,CHEMBL2326,3.0,3.0,0.717,1554,False
NS(=O)(=O)c1ccc(NC(=O)/C(Cl)=N/Nc2ccc(Cl)cc2)cc1,CHEMBL261,1.0,1.0,0.733,7567,False
NS(=O)(=O)c1ccc(NC(=O)/C(Cl)=N/Nc2ccc(Cl)cc2)cc1,CHEMBL205,3.0,3.0,0.733,8715,False
NS(=O)(=O)c1ccc(NC(=O)/C(Cl)=N/Nc2ccc(Cl)cc2)cc1,CHEMBL3729,4.0,4.0,0.733,1603,False
NS(=O)(=O)c1ccc(NC(=O)/C(Cl)=N/Nc2ccc(Cl)cc2)cc1,CHEMBL2326,2.0,2.0,0.733,1554,False
NS(=O)(=O)c1ccc(NC(=O)/C(Cl)=N/Nc2ccc(F)cc2)cc1,CHEMBL261,2.0,2.0,0.717,7567,False
NS(=O)(=O)c1ccc(NC(=O)/C(Cl)=N/Nc2ccc(F)cc2)cc1,CHEMBL205,1.0,1.0,0.717,8715,False
NS(=O)(=O)c1ccc(NC(=O)/C(Cl)=N/Nc2ccc(F)cc2)cc1,CHEMBL3729,4.0,4.0,0.717,1603,False
NS(=O)(=O)c1ccc(NC(=O)/C(Cl)=N/Nc2ccc(F)cc2)cc1,CHEMBL2326,3.0,3.0,0.717,1554,False
NS(=O)(=O)c1ccc(NC(=O)/C(Cl)=N/Nc2ccccc2)cc1,CHEMBL261,1.0,1.0,0.733,7567,False
NS(=O)(=O)c1ccc(NC(=O)/C(Cl)=N/Nc2ccccc2)cc1,CHEMBL205,2.0,2.0,0.733,8715,False
NS(=O)(=O)c1ccc(NC(=O)/C(Cl)=N/Nc2ccccc2)cc1,CHEMBL3729,4.0,4.0,0.733,1603,False
NS(=O)(=O)c1ccc(NC(=O)/C(Cl)=N/Nc2ccccc2)cc1,CHEMBL2326,3.0,3.0,0.733,1554,False
NS(=O)(=O)c1ccc(NC(=S)NC(=O)/C=C/c2ccco2)cc1,CHEMBL4361,15.0,22.0,0.439,3411,False
NS(=O)(=O)c1ccc(NC(=S)NC(=O)/C=C/c2ccco2)cc1,CHEMBL5573,1336.0,148.0,0.299,327,False
NS(=O)(=O)c1ccc(NC2=NC(=O)/C(=N/Nc3ccc(C(=O)O)cc3)S2)cc1,CHEMBL205,2.0,3.0,0.491,8715,False
NS(=O)(=O)c1ccc(NC2=NC(=O)/C(=N/Nc3ccc(C(=O)O)cc3)S2)cc1,CHEMBL261,3.0,4.0,0.491,7567,False
NS(=O)(=O)c1ccc(NC2=NC(=O)/C(=N/Nc3ccc(C(=O)O)cc3)S2)cc1,CHEMBL3594,4.0,5.0,0.491,6139,False
NS(=O)(=O)c1ccc(NC2=NC(=O)/C(=N/Nc3ccc(Cl)cc3)S2)cc1,CHEMBL205,4.0,4.0,0.483,8715,False
NS(=O)(=O)c1ccc(NC2=NC(=O)/C(=N/Nc3ccc(Cl)cc3)S2)cc1,CHEMBL261,5.0,5.0,0.483,7567,False
NS(=O)(=O)c1ccc(NC2=NC(=O)/C(=N/Nc3ccc(Cl)cc3)S2)cc1,CHEMBL3594,6.0,6.0,0.483,6139,False
NS(=O)(=O)c1ccc(NCCC(=O)c2ccc3ccccc3c2)cc1,CHEMBL261,4.0,4.0,0.783,7567,False
NS(=O)(=O)c1ccc(NCCC(=O)c2ccc3ccccc3c2)cc1,CHEMBL205,1.0,1.0,0.783,8715,False
NS(=O)(=O)c1ccc(NCCC(=O)c2ccc3ccccc3c2)cc1,CHEMBL3594,2.0,2.0,0.783,6139,False
NS(=O)(=O)c1ccc(NCCC(=O)c2ccc3ccccc3c2)cc1,CHEMBL3242,3.0,3.0,0.783,4916,False
NS(=O)(=O)c1cccc(-c2n[nH]c3cc(-c4ccccc4)ccc23)c1,CHEMBL3983,1.0,1.0,0.81,1368,False
NS(=O)(=O)c1cccc(NCCC(=O)c2ccc3ccccc3c2)c1,CHEMBL261,3.0,3.0,0.756,7567,False
NS(=O)(=O)c1cccc(NCCC(=O)c2ccc3ccccc3c2)c1,CHEMBL205,1.0,1.0,0.756,8715,False
NS(=O)(=O)c1cccc(NCCC(=O)c2ccc3ccccc3c2)c1,CHEMBL3594,4.0,4.0,0.756,6139,False
NS(=O)(=O)c1cccc(NCCC(=O)c2ccc3ccccc3c2)c1,CHEMBL3242,2.0,2.0,0.756,4916,False
NS(=O)(=O)c1cccc(Nc2nccc(-c3cnn4ncccc34)n2)c1,CHEMBL2535,11.0,5.0,0.544,781,False
NS(=O)(=O)c1ccccc1NCCC(=O)c1ccc2ccccc2c1,CHEMBL261,2.0,2.0,0.721,7567,False
NS(=O)(=O)c1ccccc1NCCC(=O)c1ccc2ccccc2c1,CHEMBL205,1.0,1.0,0.721,8715,False
NS(=O)(=O)c1ccccc1NCCC(=O)c1ccc2ccccc2c1,CHEMBL3594,3.0,3.0,0.721,6139,False
NS(=O)(=O)c1ccccc1NCCC(=O)c1ccc2ccccc2c1,CHEMBL3242,4.0,4.0,0.721,4916,False
NS(=O)(=O)c1nnc(NC(=O)CCC(=O)NCCOCCOCCOCCOCCOCCOCCOCCOCCOCCOCCOCCOCCOCCOCCOCCOCCOCCOCCOCCOCCOCCOCCOCCOCCOCCOCCOCCOCCOCCOCCOCCOCCOCCOCCOCCOCCOCCOCCOCCOCCOCCOCCOCCOCCOCCNC(=O)CCC(=O)Nc2nnc(S(N)(=O)=O)s2)s1,CHEMBL3594,3.0,3.0,1.0,6139,True
NS(=O)(=O)c1nnc(NC(=O)CCC(=O)NCCOCCOCCOCCOCCOCCOCCOCCOCCOCCOCCOCCOCCOCCOCCOCCOCCOCCOCCOCCOCCOCCOCCOCCOCCOCCOCCOCCOCCOCCOCCOCCOCCOCCOCCOCCOCCOCCOCCOCCOCCOCCOCCOCCOCCOCCNC(=O)CCC(=O)Nc2nnc(S(N)(=O)=O)s2)s1,CHEMBL3729,6.0,6.0,1.0,1603,True
NS(=O)(=O)c1nnc(NC(=O)CCC(=O)NCCOCCOCCOCCOCCOCCOCCOCCOCCOCCOCCOCCOCCOCCOCCOCCOCCOCCOCCOCCOCCOCCOCCOCCOCCOCCOCCOCCOCCOCCOCCOCCOCCOCCOCCOCCOCCOCCOCCOCCOCCOCCOCCOCCOCCOCCNC(=O)CCC(=O)Nc2nnc(S(N)(=O)=O)s2)s1,CHEMBL205,1.0,1.0,1.0,8715,True
NS(=O)(=O)c1nnc(NC(=O)CCC(=O)NCCOCCOCCOCCOCCOCCOCCOCCOCCOCCOCCOCCOCCOCCOCCOCCOCCOCCOCCOCCOCCOCCOCCOCCOCCOCCOCCOCCOCCOCCOCCOCCOCCOCCOCCOCCOCCOCCOCCOCCOCCOCCOCCOCCOCCOCCNC(=O)CCC(=O)Nc2nnc(S(N)(=O)=O)s2)s1,CHEMBL261,5.0,5.0,1.0,7567,True
NS(=O)(=O)c1nnc(NC(=O)CCC(=O)NCCOCCOCCOCCOCCOCCOCCOCCOCCOCCOCCOCCOCCOCCOCCOCCOCCOCCOCCOCCOCCOCCOCCOCCOCCOCCOCCOCCOCCOCCOCCOCCOCCOCCOCCOCCOCCOCCOCCOCCOCCOCCOCCOCCOCCOCCNC(=O)CCC(=O)Nc2nnc(S(N)(=O)=O)s2)s1,CHEMBL3242,2.0,2.0,1.0,4916,True
NS(=O)(=O)c1nnc(NC(=O)CCC(=O)NCCOCCOCCOCCOCCOCCOCCOCCOCCOCCOCCOCCOCCOCCOCCOCCOCCOCCOCCOCCOCCOCCOCCOCCOCCOCCOCCOCCOCCOCCOCCOCCOCCOCCOCCOCCOCCOCCOCCOCCOCCOCCOCCOCCOCCOCCNC(=O)CCC(=O)Nc2nnc(S(N)(=O)=O)s2)s1,CHEMBL3510,4.0,4.0,1.0,746,True
N[C@@H](C(=O)N1CCN(c2ccc3[nH]ncc3c2)CC1)c1ccccc1,CHEMBL2973,2.0,2.0,0.741,5292,False
N[C@@H](C(=O)N1CCN(c2ccc3[nH]ncc3c2)CC1)c1ccccc1,CHEMBL340,1.0,1.0,0.741,5556,False
N[C@@H](CC(=O)N1CCc2sc(C(F)(F)F)nc2C1)Cc1cc(F)ccc1F,CHEMBL284,2.0,2.0,0.867,4372,False
N[C@@H](CC(=O)N1CCc2sc(C(F)(F)F)nc2C1)Cc1cc(F)ccc1F,CHEMBL3976,4.0,4.0,0.867,1086,False
N[C@@H](CC(=O)N1CCc2sc(C(F)(F)F)nc2C1)Cc1cc(F)ccc1F,CHEMBL4657,1.0,1.0,0.867,1127,False
N[C@@H](CC(=O)N1CCn2nc(C(F)(F)F)nc2C1Cn1cncn1)Cc1cc(F)c(F)cc1F,CHEMBL284,1.0,1.0,1.0,4372,True
N[C@@H](CC(=O)N1CCn2nc(C(F)(F)F)nc2C1Cn1cncn1)Cc1cc(F)c(F)cc1F,CHEMBL3976,2.0,2.0,1.0,1086,True
N[C@@H](CC(=O)N1CCn2nccc21)Cc1cc(F)ccc1F,CHEMBL284,1.0,1.0,0.552,4372,False
N[C@@H](CCCCNC(=O)OCc1ccccc1)C(=O)N1CCSC1,CHEMBL284,1.0,1.0,0.759,4372,False
N[C@@H](CCCCNC(=O)OCc1ccccc1)C(=O)N1CCSC1,CHEMBL3976,4.0,4.0,0.759,1086,False
N[C@@H](CCCCNC(=O)OCc1ccccc1)C(=O)N1CCSC1,CHEMBL4657,2.0,2.0,0.759,1127,False
N[C@@H](CCCCNC(=O)OCc1ccccc1)C(=O)N1CCSC1,CHEMBL4793,3.0,3.0,0.759,794,False
N[C@@H](CCNCc1cccc2ccccc12)C(=O)N1CCCCC1,CHEMBL3976,1.0,1.0,0.735,1086,False
N[C@@H](Cc1ccc(O)cc1)C(=O)N[C@@H](C(=O)O)[C@H]1[C@H](O)[C@@H](O)[C@@H](O)CN1O,CHEMBL3179,1.0,1.0,0.643,26,False
N[C@@H](Cc1ccc(O)cc1)C(=O)N[C@H](C(=O)O)[C@H]1[C@H](O)[C@@H](O)[C@@H](O)CN1O,CHEMBL3179,1.0,1.0,0.643,26,False
N[C@@H]1CCC[C@H]1NC(=O)c1sc2nccc3c2c1NC(=O)N3c1ccc(Oc2ccccc2)nc1,CHEMBL5251,1.0,1.0,0.971,9782,False
N[C@@H]1CC[C@H](NC(=O)c2sc3nccc4c3c2NC(=O)N4c2ccc(Oc3ccccc3)nc2)C1,CHEMBL5251,1.0,1.0,0.847,9782,False
N[C@@H]1[C@H]2Cc3cc(Br)ccc3[C@@H]12,CHEMBL6136,1.0,1.0,0.583,3886,False
N[C@@H]1[C@H]2Cc3ccccc3[C@@H]12,CHEMBL6136,1.0,1.0,1.0,3886,True
N[C@H](C(=O)N1CCSC1)C1CCCCC1,CHEMBL284,1.0,1.0,0.647,4372,False
N[C@H](C(=O)N1CCSC1)C1CCCCC1,CHEMBL3976,3.0,3.0,0.647,1086,False
N[C@H](C(=O)N1CCSC1)C1CCCCC1,CHEMBL240,4.0,4.0,0.538,10985,False
N[C@H](C(=O)N1CCSC1)[C@H]1CC[C@H](N)CC1,CHEMBL284,1.0,1.0,0.549,4372,False
N[C@H](CNc1nc(-c2ccncc2)nc2c(-n3cccn3)csc12)Cc1ccccc1,CHEMBL2598,1.0,1.0,0.806,621,False
N[C@H](Cc1cc(F)cc(F)c1)C(=O)N1CCN(c2ncnc3ccccc23)CC1,CHEMBL4282,1.0,1.0,0.737,3688,False
N[C@H](Cc1cc(F)cc(F)c1)C(=O)N1CCN(c2ncnc3ccccc23)CC1,CHEMBL2431,3.0,3.0,0.737,1139,False
N[C@H](Cc1cc(F)cc(F)c1)C(=O)N1CCN(c2ncnc3ccccc23)CC1,CHEMBL4816,2.0,2.0,0.737,468,False
N[C@H](Cc1ccc(Br)cc1)C(=O)N1CCN(c2ncnc3ccccc23)CC1,CHEMBL4282,2.0,2.0,0.815,3688,False
N[C@H](Cc1ccc(Br)cc1)C(=O)N1CCN(c2ncnc3ccccc23)CC1,CHEMBL2431,3.0,3.0,0.815,1139,False
N[C@H](Cc1ccc(Br)cc1)C(=O)N1CCN(c2ncnc3ccccc23)CC1,CHEMBL4816,1.0,1.0,0.815,468,False
N[C@H](Cc1ccc(C(F)(F)F)cc1)C(=O)N1CCN(c2ncnc3ccccc23)CC1,CHEMBL4282,2.0,2.0,0.786,3688,False
N[C@H](Cc1ccc(C(F)(F)F)cc1)C(=O)N1CCN(c2ncnc3ccccc23)CC1,CHEMBL2431,3.0,3.0,0.786,1139,False
N[C@H](Cc1ccc(C(F)(F)F)cc1)C(=O)N1CCN(c2ncnc3ccccc23)CC1,CHEMBL4816,1.0,1.0,0.786,468,False
N[C@H](Cc1ccc(Cl)c(Cl)c1)C(=O)N1CCN(c2ncnc3ccccc23)CC1,CHEMBL4282,2.0,2.0,0.741,3688,False
N[C@H](Cc1ccc(Cl)c(Cl)c1)C(=O)N1CCN(c2ncnc3ccccc23)CC1,CHEMBL2431,3.0,3.0,0.741,1139,False
N[C@H](Cc1ccc(Cl)c(Cl)c1)C(=O)N1CCN(c2ncnc3ccccc23)CC1,CHEMBL4816,1.0,1.0,0.741,468,False
N[C@H](Cc1ccc(Cl)cc1)C(=O)N1CCN(c2ncnc3cc(F)ccc23)CC1,CHEMBL4282,1.0,1.0,0.677,3688,False
N[C@H](Cc1ccc(Cl)cc1)C(=O)N1CCN(c2ncnc3ccccc23)CC1,CHEMBL1255161,124.0,4.0,0.5,32,False
N[C@H](Cc1ccc(Cl)cc1)C(=O)N1CCN(c2ncnc3ccccc23)CC1,CHEMBL4282,1.0,1.0,0.815,3688,False
N[C@H](Cc1ccc(Cl)cc1)C(=O)N1CCN(c2ncnc3ccccc23)CC1,CHEMBL2431,3.0,3.0,0.815,1139,False
N[C@H](Cc1ccc(Cl)cc1)C(=O)N1CCN(c2ncnc3ccccc23)CC1,CHEMBL4816,2.0,2.0,0.815,468,False
N[C@H](Cc1ccc(Cl)cc1Cl)C(=O)N1CCN(c2ncnc3ccccc23)CC1,CHEMBL4282,1.0,1.0,0.645,3688,False
N[C@H](Cc1ccc(Cl)cc1Cl)C(=O)N1CCN(c2ncnc3ccccc23)CC1,CHEMBL2431,3.0,3.0,0.645,1139,False
N[C@H](Cc1ccc(Cl)cc1Cl)C(=O)N1CCN(c2ncnc3ccccc23)CC1,CHEMBL4816,2.0,2.0,0.645,468,False
N[C@H](Cc1ccc(F)c(F)c1)C(=O)N1CCN(c2ncnc3ccccc23)CC1,CHEMBL4282,2.0,2.0,0.741,3688,False
N[C@H](Cc1ccc(F)c(F)c1)C(=O)N1CCN(c2ncnc3ccccc23)CC1,CHEMBL2431,3.0,3.0,0.741,1139,False
N[C@H](Cc1ccc(F)c(F)c1)C(=O)N1CCN(c2ncnc3ccccc23)CC1,CHEMBL4816,1.0,1.0,0.741,468,False
N[C@H](Cc1ccc(F)cc1)C(=O)N1CCN(c2ncnc3ccccc23)CC1,CHEMBL4282,2.0,2.0,0.815,3688,False
N[C@H](Cc1ccc(F)cc1)C(=O)N1CCN(c2ncnc3ccccc23)CC1,CHEMBL2431,3.0,3.0,0.815,1139,False
N[C@H](Cc1ccc(F)cc1)C(=O)N1CCN(c2ncnc3ccccc23)CC1,CHEMBL4816,1.0,1.0,0.815,468,False
N[C@H](Cc1cccc(Cl)c1)C(=O)N1CCN(c2ncnc3ccccc23)CC1,CHEMBL4282,1.0,1.0,0.712,3688,False
N[C@H](Cc1cccc(Cl)c1)C(=O)N1CCN(c2ncnc3ccccc23)CC1,CHEMBL2431,3.0,3.0,0.712,1139,False
N[C@H](Cc1cccc(Cl)c1)C(=O)N1CCN(c2ncnc3ccccc23)CC1,CHEMBL4816,2.0,2.0,0.712,468,False
N[C@H](Cc1ccccc1)C(=O)N1CCN(c2ncnc3ccccc23)CC1,CHEMBL4282,2.0,2.0,0.88,3688,False
N[C@H](Cc1ccccc1)C(=O)N1CCN(c2ncnc3ccccc23)CC1,CHEMBL2431,3.0,3.0,0.88,1139,False
N[C@H](Cc1ccccc1)C(=O)N1CCN(c2ncnc3ccccc23)CC1,CHEMBL4816,1.0,1.0,0.88,468,False
N[C@H](Cc1ccccc1Cl)C(=O)N1CCN(c2ncnc3ccccc23)CC1,CHEMBL4282,2.0,2.0,0.69,3688,False
N[C@H](Cc1ccccc1Cl)C(=O)N1CCN(c2ncnc3ccccc23)CC1,CHEMBL2431,3.0,3.0,0.69,1139,False
N[C@H](Cc1ccccc1Cl)C(=O)N1CCN(c2ncnc3ccccc23)CC1,CHEMBL4816,1.0,1.0,0.69,468,False
N[C@H]1CCCC[C@H]1NC(=O)c1sc2nccc3c2c1NC(=O)N3c1ccnc(-c2ccccc2)c1,CHEMBL5251,1.0,1.0,0.97,9782,False
N[C@H]1CCC[C@H]1NC(=O)c1sc2nccc3c2c1NC(=O)N3c1ccc(Oc2ccccc2)nc1,CHEMBL5251,1.0,1.0,0.971,9782,False
N[C@H]1CC[C@H](NC(=O)c2sc3nccc4c3c2NC(=O)N4c2ccc(Oc3ccccc3)nc2)C1,CHEMBL5251,1.0,1.0,0.847,9782,False
N[C@H]1CC[C@H](N[C@@H]2C[C@H]2c2ccc(-c3cccc(CCC(=O)NCCOCCOCCOCCOCCOCCOCCOCCOCCOCCOCCOCCOCCOCCOCCOCCNC(=O)CCCC[C@@H]4SC[C@@H]5NC(=O)N[C@@H]54)c3)cc2)CC1,CHEMBL6136,1.0,1.0,1.0,3886,True
N[C@H]1C[C@@H]1c1ccc(-c2csc3ccccc23)nc1,CHEMBL6136,1.0,1.0,0.578,3886,False
N[C@H]1[C@H]2Cc3cc(Br)ccc3[C@@H]12,CHEMBL6136,1.0,1.0,0.583,3886,False
N[C@H]1[C@H]2Cc3ccccc3[C@@H]12,CHEMBL6136,1.0,1.0,1.0,3886,True
N[C@]1(C(=O)O)[C@@H](CCCB(O)O)C[C@H]2NCC[C@H]21,CHEMBL1075097,1.0,1.0,0.617,367,False
N[C@]1(Cc2ccccc2)C[C@H]1c1ccccc1,CHEMBL6136,3.0,3.0,1.0,3886,True
N[C@]1(Cc2ccccc2)C[C@H]1c1ccccc1,CHEMBL1951,1.0,1.0,1.0,3112,True
N[C@]1(Cc2ccccc2)C[C@H]1c1ccccc1,CHEMBL2039,2.0,2.0,1.0,4794,True
Nc1cc(-c2ccc3ncoc3c2)cc(N)n1,CHEMBL2292,1.0,1.0,0.758,3800,False
Nc1cc(CN2CCC(N(C(=O)NCc3ccc(F)cc3)c3ccc(Cl)cc3)CC2)ccn1,CHEMBL264,2.0,2.0,0.742,4372,False
Nc1cc(CN2CCC(N(C(=O)NCc3ccc(F)cc3)c3ccc(Cl)cc3)CC2)ccn1,CHEMBL240,1.0,1.0,0.742,10985,False
Nc1cc(F)ccc1Sc1ccc2c(-c3c(Cl)cccc3Cl)c(=O)ncn2n1,CHEMBL260,2.0,2.0,0.457,5079,False
Nc1cc(N2CCCC2)cc2c(=O)[nH]cnc12,CHEMBL4523418,1.0,1.0,0.568,160,False
Nc1cc(Nc2c[nH]nc2-c2nc3ccccc3[nH]2)ncn1,CHEMBL2599,1.0,1.0,0.642,5285,False
Nc1cc2cc(C(=O)O)nc(C(=O)c3ccc(O)c(O)c3)c2cc1O,CHEMBL3997,1.0,1.0,0.7,39,False
Nc1cc2nc[nH]c(=O)c2cc1N1CCCC1,CHEMBL4523418,1.0,1.0,0.682,160,False
Nc1ccc(-c2c[nH]c3cc(F)c(F)cc23)cn1,CHEMBL2140,23.0,2.0,0.472,983,False
Nc1ccc(-c2c[nH]c3cc(F)ccc23)cn1,CHEMBL2140,3.0,1.0,0.592,983,False
Nc1ccc(-c2ccc(F)cc2)cc1NC(=O)C1C2COCC21,CHEMBL325,2.0,2.0,0.681,8231,False
Nc1ccc(-c2ccc(F)cc2)cc1NC(=O)C1C2COCC21,CHEMBL1937,1.0,1.0,0.681,2834,False
Nc1ccc(-c2ccc(F)cc2)cc1NC(=O)C1C2COCC21,CHEMBL1829,3.0,3.0,0.681,2582,False
Nc1ccc(-c2ccc(N(Cc3cccnc3)C(=O)c3ccc(O)cc3O)cc2)nn1,CHEMBL4766,1.0,1.0,0.807,803,False
Nc1ccc(-c2ccccc2)cc1NC(=O)c1ccc2c(cnn2CCN2CCOCC2)c1,CHEMBL325,1.0,1.0,0.841,8231,False
Nc1ccc(-c2ccccc2)cc1NC(=O)c1ccc2c(cnn2CCN2CCOCC2)c1,CHEMBL1937,2.0,2.0,0.841,2834,False
Nc1ccc(-c2ccccc2)cc1NC(=O)c1ccc2c(cnn2CCN2CCOCC2)c1,CHEMBL1829,3.0,3.0,0.841,2582,False
Nc1ccc(-c2cccs2)cc1NC(=O)C1CCOC1,CHEMBL325,3.0,3.0,0.875,8231,False
Nc1ccc(-c2cccs2)cc1NC(=O)C1CCOC1,CHEMBL1937,1.0,1.0,0.875,2834,False
Nc1ccc(-c2cccs2)cc1NC(=O)C1CCOC1,CHEMBL1829,2.0,2.0,0.875,2582,False
Nc1ccc(-c2cccs2)cc1NC(=O)NC1COC1,CHEMBL325,1.0,1.0,0.809,8231,False
Nc1ccc(-c2cccs2)cc1NC(=O)NC1COC1,CHEMBL1937,3.0,3.0,0.809,2834,False
Nc1ccc(-c2cccs2)cc1NC(=O)NC1COC1,CHEMBL1829,2.0,2.0,0.809,2582,False
Nc1ccc(-c2n[nH]c3cc(-c4ccc(O)cc4)ccc23)cc1,CHEMBL4142,3.0,3.0,0.6,1791,False
Nc1ccc(-c2n[nH]c3cc(-c4ccc(O)cc4)ccc23)cc1,CHEMBL3650,4.0,4.0,0.6,4143,False
Nc1ccc(-c2nc(N3CCOCC3)c3cccn3n2)cn1,CHEMBL4005,1.0,1.0,0.792,7718,False
Nc1ccc(C(=O)N2CCCCC2)c(NS(=O)(=O)c2cccc3nsnc23)c1,CHEMBL298,1.0,1.0,0.797,1500,False
Nc1ccc(C(=O)c2nc(C(=O)O)cc3cc(O)c(O)cc23)cc1,CHEMBL3997,1.0,1.0,0.682,39,False
Nc1ccc([C@@H]2O[C@@H]3CC(=O)O[C@@H]3C3=C2C(=O)c2ccccc2C3=O)cc1,CHEMBL4282,1.0,1.0,0.667,3688,False
Nc1ccc2c(c1)C(=O)/C(=C/c1cc(Br)c(O)c(Br)c1)C2=O,CHEMBL258,1.0,1.0,0.6,2369,False
Nc1ccc2c(c1)C(=O)/C(=C/c1cc(Br)c(O)c(Br)c1)C2=O,CHEMBL267,51.0,72.0,0.311,3981,False
Nc1ccc2c(c1)C(=O)/C(=C/c1cc(Cl)c(O)c(Cl)c1)C2=O,CHEMBL258,8.0,20.0,0.412,2369,False
Nc1ccc2c(c1)C(=O)/C(=C/c1cc(Cl)c(O)c(Cl)c1)C2=O,CHEMBL267,33.0,52.0,0.311,3981,False
Nc1ccc2c(c1)C(=O)/C(=C/c1ccc(O)c(O)c1)C2=O,CHEMBL258,55.0,74.0,0.389,2369,False
Nc1ccc2ncnc(N3CCN(C(=O)[C@H](N)Cc4ccc(Cl)cc4)CC3)c2c1,CHEMBL4282,1.0,1.0,0.77,3688,False
Nc1cccc(CNC(=O)c2ccc(NC(=O)N3Cc4ccccc4C3)cc2)c1,CHEMBL1744525,1.0,1.0,0.8,4583,False
Nc1cccc2c1C(=O)/C(=C\c1cc(Br)c(O)c(Br)c1)C2=O,CHEMBL258,2.0,2.0,0.442,2369,False
Nc1ccccc1NC(=O)c1ccc(CNc2ncc(-c3ccc(Cl)cc3)s2)cc1,CHEMBL325,1.0,1.0,0.69,8231,False
Nc1cccnc1N1CCC(C(=O)Nc2cnc(-n3nccn3)c(Cl)c2)CC1,CHEMBL3632452,1.0,1.0,0.78,1085,False
Nc1ccnc(N2CCC(N[C@H]3C[C@@H]3c3ccccc3)CC2)n1,CHEMBL6136,1.0,1.0,0.6,3886,False
Nc1cnc(-c2ccc(-c3ccc(C(F)(F)F)cc3-c3cnc(N)nc3)cc2F)cn1,CHEMBL4550,2.0,2.0,0.778,2239,False
Nc1cnc(-c2ccc(-c3ccc(C(F)(F)F)cc3-c3cnc(N)nc3)cc2F)cn1,CHEMBL5027,1.0,1.0,0.778,1419,False
Nc1cnc(-c2ccc(-c3ccccc3-c3cnc(N)nc3)cc2F)cn1,CHEMBL4550,2.0,2.0,0.923,2239,False
Nc1cnc(-c2ccc(-c3ccccc3-c3cnc(N)nc3)cc2F)cn1,CHEMBL5027,1.0,1.0,0.923,1419,False
Nc1cnc(-c2ccc(-c3ccccc3-c3cncnc3)cc2F)cn1,CHEMBL4550,2.0,2.0,0.842,2239,False
Nc1cnc(-c2ccc(-c3ccccc3-c3cncnc3)cc2F)cn1,CHEMBL5027,1.0,1.0,0.842,1419,False
Nc1cnc(-c2ccc(-c3ccccc3CS(=O)(=O)N3CC(O)C3)cc2F)cn1,CHEMBL4550,2.0,2.0,0.758,2239,False
Nc1cnc(-c2ccc(-c3ccccc3CS(=O)(=O)N3CC(O)C3)cc2F)cn1,CHEMBL5027,1.0,1.0,0.758,1419,False
Nc1cnc(-c2ccc(-c3ccccc3CS(=O)(=O)N[C@H]3CC[C@H](O)CC3)cc2F)cn1,CHEMBL4550,2.0,2.0,0.734,2239,False
Nc1cnc(-c2ccc(-c3ccccc3CS(=O)(=O)N[C@H]3CC[C@H](O)CC3)cc2F)cn1,CHEMBL5027,1.0,1.0,0.734,1419,False
Nc1cncc(-c2cc3c(-c4cc5c(N6CCCCC6)cncc5[nH]4)n[nH]c3cn2)c1,CHEMBL2292,1.0,1.0,0.645,3800,False
Nc1cncc(-c2cc3c(-c4cc5c(N6CCCCC6)cncc5[nH]4)n[nH]c3cn2)c1,CHEMBL4225,2.0,2.0,0.645,1438,False
Nc1cncc(-c2cc3c(-c4cc5c(N6CCCCC6)cncc5[nH]4)n[nH]c3cn2)c1,CHEMBL4226,4.0,3.0,0.621,714,False
Nc1n[nH]c2cc(N[C@@H](C(=O)Nc3ccc(-c4ccccc4S(N)(=O)=O)cc3)c3ccccc3)ccc12,CHEMBL244,2.0,2.0,0.603,5906,False
Nc1nc(-c2ccc(OCCCN3CCCCC3)cc2)c2c(n1)-c1ccc(OCCCN3CCCCC3)cc1C2=O,CHEMBL251,1.0,1.0,0.889,6698,False
Nc1nc(-c2ccc(OCCCN3CCCCC3)cc2)c2c(n1)-c1ccc(OCCCN3CCCCC3)cc1C2=O,CHEMBL264,3.0,3.0,0.889,4372,False
Nc1nc(-c2cccc(-n3ccc4cc(C5CC5)cc(F)c4c3=O)c2CO)c2cc(-c3cccnc3)[nH]c2n1,CHEMBL5251,1.0,1.0,0.863,9782,False
Nc1nc(-c2ccccc2)cn2cc(-c3ccccc3)nc12,CHEMBL226,1.0,1.0,0.781,5123,False
Nc1nc(-c2ccccc2)cn2cc(-c3ccccc3)nc12,CHEMBL251,2.0,2.0,0.722,6698,False
Nc1nc(=O)c2cc(NCc3ccc(C(=O)NC(CCC(=O)O)C(=O)O)cc3)ccc2[nH]1,CHEMBL202,1.0,1.0,0.712,1231,False
Nc1nc(C(=O)NCc2ccccc2-n2cccn2)c2cccc(F)c2n1,CHEMBL251,2.0,2.0,0.684,6698,False
Nc1nc(C2CCCO2)nc2sc(Cc3ccccc3)cc12,CHEMBL226,2.0,2.0,0.558,5123,False
Nc1nc(C2CCCO2)nc2sc(Cc3ccccc3)cc12,CHEMBL251,1.0,1.0,0.558,6698,False
Nc1nc(Cc2cccc(O)c2)nc2cn(-c3ccccc3)nc12,CHEMBL226,2.0,2.0,0.784,5123,False
Nc1nc(Cc2cccc(O)c2)nc2cn(-c3ccccc3)nc12,CHEMBL251,3.0,3.0,0.784,6698,False
Nc1nc(Cc2cccc(O)c2)nc2cn(-c3ccccc3)nc12,CHEMBL256,4.0,4.0,0.604,4904,False
Nc1nc(Cc2ccccc2)nc2cn(-c3ccccc3)nc12,CHEMBL255,3.0,3.0,0.744,3330,False
Nc1nc(Cc2ccccc2)nc2cn(-c3ccccc3)nc12,CHEMBL251,1.0,1.0,0.744,6698,False
Nc1nc(Cc2ccccc2)nc2cn(-c3ccccc3)nc12,CHEMBL226,2.0,2.0,0.744,5123,False
Nc1nc(Cc2ccccc2)nc2cn(-c3ccccc3O)nc12,CHEMBL226,1.0,1.0,0.771,5123,False
Nc1nc(Cc2ccccc2Cl)nc2cn(-c3ccccc3)nc12,CHEMBL226,1.0,1.0,0.652,5123,False
Nc1nc(Cc2ccccc2F)nc2cn(-c3ccccc3)nc12,CHEMBL226,1.0,1.0,0.652,5123,False
Nc1nc(Cc2ccccc2F)nc2cn(-c3ccccc3)nc12,CHEMBL251,3.0,3.0,0.604,6698,False
Nc1nc(Cc2ccccc2F)nc2cn(-c3ccccc3)nc12,CHEMBL255,4.0,4.0,0.604,3330,False
Nc1nc(Cc2ccccc2O)nc2cn(-c3ccccc3)nc12,CHEMBL226,3.0,3.0,0.771,5123,False
Nc1nc(Cc2ccccc2O)nc2cn(-c3ccccc3)nc12,CHEMBL251,2.0,2.0,0.771,6698,False
Nc1nc(Cc2ccccc2O)nc2cn(-c3ccccc3)nc12,CHEMBL256,4.0,4.0,0.64,4904,False
Nc1nc(Nc2ccc(Oc3ccnc4[nH]ccc34)c(F)c2)cc(C2CCCNC2)n1,CHEMBL2973,1.0,1.0,0.833,5292,False
Nc1nc(O)c2c(n1)CC(Cc1ccco1)=N2,CHEMBL4338,1.0,1.0,0.653,310,False
Nc1nc(OCC2CCCCC2)c2nc[nH]c2n1,CHEMBL308,1.0,1.0,0.6,1494,False
Nc1nc(OCC2CCCCC2)c2nc[nH]c2n1,CHEMBL301,9.0,9.0,0.6,2596,False
Nc1nc(OCC2CCCCC2)c2nc[nH]c2n1,CHEMBL5285,21.0,21.0,0.413,1282,False
Nc1nc(OCC2CCCCC2)c2nc[nH]c2n1,CHEMBL4036,8.0,8.0,0.6,719,False
Nc1nc(OCC2CCCCC2)c2nc[nH]c2n1,CHEMBL2288,15.0,12.0,0.556,516,False
Nc1nc(OCc2cc(OCc3ccccc3)cc(OCc3ccccc3)c2)c2nc[nH]c2n1,CHEMBL2288,1.0,1.0,0.833,516,False
Nc1nc2c(cnn2C(C(=O)NC2COc3ccccc32)c2ccccc2)c2nc(-c3ccco3)nn12,CHEMBL1910,1.0,1.0,0.863,235,False
Nc1nc2cc(Cl)c(Cl)cc2n1CCC[C@H]1NCCC[C@@H]1O,CHEMBL2638,6.0,1.0,0.557,89,False
Nc1nc2oc3cc(C4CCCCC4)ccc3c(=O)c2cc1C(=O)O,CHEMBL5408,1.0,1.0,0.843,2312,False
Nc1nc2oc3ccc(-c4ccccc4)cc3c(=O)c2cc1C(=O)O,CHEMBL5408,1.0,1.0,0.708,2312,False
Nc1nc2sc(CCCCCCc3ccc(C(=O)N[C@@H](CCC(=O)O)C(=O)O)cc3)cc2c(=O)[nH]1,CHEMBL3972,1.0,1.0,1.0,116,True
Nc1ncc(-c2cc(N3CCOCC3)cc(S(=O)(=O)CC3CCOCC3)c2)cn1,CHEMBL4005,3.0,3.0,0.902,7718,False
Nc1ncc(-c2cc(N3CCOCC3)cc(S(=O)(=O)CC3CCOCC3)c2)cn1,CHEMBL4282,1.0,1.0,0.902,3688,False
Nc1ncc(-c2cc(N3CCOCC3)cc(S(=O)(=O)CC3CCOCC3)c2)cn1,CHEMBL2842,2.0,2.0,0.902,4921,False
Nc1ncc(-c2cc(N3CCOCC3)cc(S(=O)(=O)c3c[nH]c4ccccc34)c2)cn1,CHEMBL4005,1.0,1.0,0.734,7718,False
Nc1ncc(-c2cc(N3CCOCC3)cc(S(=O)(=O)c3c[nH]c4ccccc34)c2)cn1,CHEMBL4282,3.0,3.0,0.698,3688,False
Nc1ncc(-c2ccc(-c3ccccc3S(=O)(=O)N3CC4(C3)CS(=O)(=O)C4)cc2F)cn1,CHEMBL4550,2.0,2.0,0.776,2239,False
Nc1ncc(-c2ccc(-c3ccccc3S(=O)(=O)N3CC4(C3)CS(=O)(=O)C4)cc2F)cn1,CHEMBL5027,1.0,1.0,0.776,1419,False
Nc1ncc(-c2ccc([C@]34C[C@H]3CN(C3CCOCC3)C4)cc2)cc1C(=O)NC12CC(CO)(C1)C2,CHEMBL5903,4.0,4.0,1.0,1119,True
Nc1ncc(-c2ccc([C@]34C[C@H]3CN(C3CCOCC3)C4)cc2)cc1C(=O)NC12CC(CO)(C1)C2,CHEMBL5275,5.0,5.0,1.0,277,True
Nc1ncc(-c2ccc([C@]34C[C@H]3CN(C3CCOCC3)C4)cc2)cc1C(=O)NC12CC(CO)(C1)C2,CHEMBL5311,3.0,3.0,1.0,395,True
Nc1ncc(-c2ccc([C@]34C[C@H]3CN(C3CCOCC3)C4)cc2)cc1C(=O)NC12CC(CO)(C1)C2,CHEMBL5476,2.0,2.0,1.0,279,True
Nc1ncc(-c2ccc([C@]34C[C@H]3CN(C3CCOCC3)C4)cc2)cc1C(=O)NC12CC(CO)(C1)C2,CHEMBL4439,1.0,1.0,1.0,2681,True
Nc1ncc(-c2ccc([C@]34C[C@H]3CN(C3CCOCC3)C4)cc2)cc1C(=O)NC12CCC(O)(CC1)CC2,CHEMBL5903,4.0,4.0,1.0,1119,True
Nc1ncc(-c2ccc([C@]34C[C@H]3CN(C3CCOCC3)C4)cc2)cc1C(=O)NC12CCC(O)(CC1)CC2,CHEMBL5275,5.0,5.0,1.0,277,True
Nc1ncc(-c2ccc([C@]34C[C@H]3CN(C3CCOCC3)C4)cc2)cc1C(=O)NC12CCC(O)(CC1)CC2,CHEMBL5311,3.0,3.0,1.0,395,True
Nc1ncc(-c2ccc([C@]34C[C@H]3CN(C3CCOCC3)C4)cc2)cc1C(=O)NC12CCC(O)(CC1)CC2,CHEMBL5476,2.0,2.0,1.0,279,True
Nc1ncc(-c2ccc([C@]34C[C@H]3CN(C3CCOCC3)C4)cc2)cc1C(=O)NC12CCC(O)(CC1)CC2,CHEMBL4439,1.0,1.0,1.0,2681,True
Nc1ncc(-c2nnn(CCCO)n2)cc1-c1cc2cc(NC(=O)Nc3ccc(Cl)c(C(F)(F)F)c3)ccc2o1,CHEMBL5785,1.0,1.0,0.744,124,False
Nc1ncc(C2CCCCC2)nc1C(=O)Nc1ccccc1,CHEMBL5024,2.0,2.0,0.617,1961,False
Nc1ncc2[nH]cc(-c3ccc4[nH]ncc4c3)c2n1,CHEMBL2208,1.0,1.0,0.561,1083,False
Nc1nccc(Nc2c[nH]nc2-c2nc3ccccc3[nH]2)n1,CHEMBL2599,1.0,1.0,0.717,5285,False
Nc1nccn2c([C@@H]3CC[C@@H](O)[C@H]3O)cnc12,CHEMBL2664,6.0,5.0,0.34,191,False
Nc1ncnc(-n2c(Nc3cccc(O)c3)nc3ccccc32)n1,CHEMBL2842,1.0,1.0,0.745,4921,False
Nc1ncnc(-n2c(Nc3cccc(O)c3)nc3ccccc32)n1,CHEMBL4005,2.0,2.0,0.745,7718,False
Nc1ncnc2[nH]cc(-c3cc(F)c(NC(=O)c4cn(CC5CCOCC5)cc(-c5ccc(F)cc5)c4=O)cc3F)c12,CHEMBL4895,2.0,2.0,0.604,2888,False
Nc1ncnc2[nH]cc(-c3cc(F)c(NC(=O)c4cn(CC5CCOCC5)cc(-c5ccc(F)cc5)c4=O)cc3F)c12,CHEMBL3717,1.0,1.0,0.667,4639,False
Nc1ncnc2[nH]cc(-c3ccc(NC(=O)c4cn(CC5CCOCC5)cc(-c5ccc(F)cc5)c4=O)cc3)c12,CHEMBL4895,2.0,2.0,0.72,2888,False
Nc1ncnc2[nH]cc(-c3ccc(NC(=O)c4cn(CC5CCOCC5)cc(-c5ccc(F)cc5)c4=O)cc3)c12,CHEMBL3717,1.0,1.0,0.72,4639,False
Nc1ncnc2c1C(=O)Nc1ccccc1N2,CHEMBL4203,19.0,19.0,0.5,1069,False
Nc1ncnc2c1C(=O)Nc1ccccc1N2,CHEMBL6166,5.0,5.0,0.5,1276,False
Nc1ncnc2c1C(=O)Nc1ccccc1N2,CHEMBL3650,11.0,11.0,0.5,4143,False
Nc1ncnc2c1C(=O)Nc1ccccc1N2,CHEMBL4247,2.0,2.0,0.5,2510,False
Nc1ncnc2c1C(=O)Nc1ccccc1N2,CHEMBL5330,130.0,87.0,0.333,608,False
Nc1ncnc2c1C(=O)Nc1ccccc1N2,CHEMBL1868,9.0,9.0,0.5,1481,False
Nc1ncnc2c1C(=O)Nc1ccccc1N2,CHEMBL3717,58.0,68.0,0.333,4639,False
Nc1ncnc2c1C(=O)Nc1ccccc1N2,CHEMBL3231,73.0,80.0,0.333,2738,False
Nc1ncnc2c1C(=O)Nc1ccccc1N2,CHEMBL258,24.0,25.0,0.415,2369,False
Nc1ncnc2c1C(=O)Nc1ccccc1N2,CHEMBL1844,17.0,17.0,0.5,2620,False
Nc1ncnc2c1C(=O)Nc1ccccc1N2,CHEMBL2695,114.0,139.0,0.277,2210,False
Nc1ncnc2c1C(=O)Nc1ccccc1N2,CHEMBL2793,21.0,21.0,0.5,450,False
Nc1ncnc2c1C(=O)Nc1ccccc1N2,CHEMBL2689,74.0,81.0,0.333,318,False
Nc1ncnc2c1C(=O)Nc1ccccc1N2,CHEMBL2007,41.0,59.0,0.389,933,False
Nc1ncnc2c1C(=O)Nc1ccccc1N2,CHEMBL5261,110.0,84.0,0.333,480,False
Nc1ncnc2c1C(=O)Nc1ccccc1N2,CHEMBL2595,22.0,22.0,0.5,516,False
Nc1ncnc2c1C(=O)Nc1ccccc1N2,CHEMBL2345,13.0,13.0,0.5,856,False
Nc1ncnc2c1C(=O)Nc1ccccc1N2,CHEMBL1913,59.0,69.0,0.333,1991,False
Nc1ncnc2c1C(=O)Nc1ccccc1N2,CHEMBL5251,115.0,140.0,0.277,9782,False
Nc1ncnc2c1C(=O)Nc1ccccc1N2,CHEMBL4036,18.0,18.0,0.5,719,False
Nc1ncnc2c1c(-c1cc(C3CC3)on1)cn2Cc1ccccc1,CHEMBL2041,1.0,1.0,0.696,4396,False
Nc1ncnc2c1c(-c1ccc(Cl)c(O)c1)nn2CCC1CCCNC1,CHEMBL4005,9.0,9.0,0.839,7718,False
Nc1ncnc2c1c(-c1ccc(Cl)c(O)c1)nn2CCC1CCCNC1,CHEMBL3145,7.0,7.0,0.839,2776,False
Nc1ncnc2c1c(-c1ccc(Cl)c(O)c1)nn2CCC1CCCNC1,CHEMBL3130,4.0,4.0,0.839,7171,False
Nc1ncnc2c1c(-c1ccc(Cl)c(O)c1)nn2CCC1CCCNC1,CHEMBL3267,5.0,5.0,0.839,3907,False
Nc1ncnc2c1c(-c1ccc(Cl)c(O)c1)nn2CCC1CCCNC1,CHEMBL2842,6.0,6.0,0.839,4921,False
Nc1ncnc2c1c(-c1ccc(Cl)c(O)c1)nn2CCC1CCCNC1,CHEMBL3142,3.0,3.0,0.839,1390,False
Nc1ncnc2c1c(-c1ccc(Cl)c(O)c1)nn2CCC1CCCNC1,CHEMBL3268,13.0,13.0,0.839,483,False
Nc1ncnc2c1c(-c1ccc(Cl)c(O)c1)nn2CCC1CCCNC1,CHEMBL1862,1.0,1.0,0.839,3101,False
Nc1ncnc2c1c(-c1ccc(Cl)c(O)c1)nn2CCC1CCCNC1,CHEMBL3234,12.0,12.0,0.839,535,False
Nc1ncnc2c1c(-c1ccc(Cl)c(O)c1)nn2CCC1CCCNC1,CHEMBL267,10.0,10.0,0.839,3981,False
Nc1ncnc2c1c(-c1ccc(Cl)c(O)c1)nn2CCC1CCCNC1,CHEMBL279,2.0,2.0,0.839,10551,False
Nc1ncnc2c1c(-c1ccc(Cl)c(O)c1)nn2CCC1CCCNC1,CHEMBL203,8.0,8.0,0.839,11022,False
Nc1ncnc2c1c(-c1ccc(Cl)c(O)c1)nn2CCC1CCCNC1,CHEMBL5147,11.0,11.0,0.839,915,False
Nc1ncnc2c1c(-c1ccc(Oc3c(F)c(F)cc(F)c3F)cc1F)nn2[C@@H]1CCCN(C(=O)C(Cl)Cl)C1,CHEMBL5251,1.0,1.0,1.0,9782,True
Nc1ncnc2c1c(-c1ccc(Oc3c(F)c(F)cc(F)c3F)cc1F)nn2[C@@H]1CCCN(C(=O)CCl)C1,CHEMBL5251,1.0,1.0,1.0,9782,True
Nc1ncnc2c1c(-c1ccc(Oc3c(F)c(F)cc(F)c3F)cc1F)nn2[C@@H]1CCCN(C(=O)CF)C1,CHEMBL5251,1.0,1.0,1.0,9782,True
Nc1ncnc2c1c(-c1ccc(Oc3ccccc3)cc1)nn2[C@@H]1CCCN(C(=O)CCl)C1,CHEMBL5251,1.0,1.0,1.0,9782,True
Nc1ncnc2c1c(-c1ccc(Oc3ccccc3)cc1)nn2[C@@H]1CCCN(C(=O)[C@H](N)CO)C1,CHEMBL5251,1.0,1.0,0.87,9782,False
Nc1ncnc2c1c(Br)cn2[C@@H]1C[C@H](c2cccc(CCNCC34CC(F)(C3)C4)c2)[C@@H](O)[C@H]1O,CHEMBL4739695,1.0,1.0,0.861,766,False
Nc1ncnc2c1ncn2[C@@H]1C[C@H](c2ccccc2)[C@@H](O)[C@H]1O,CHEMBL2664,1.0,1.0,0.674,191,False
Nc1ncnc2c1ncn2[C@@H]1O[C@H](CN(CC[C@H](N)C(=O)O)Cc2ccc3ccccc3c2)[C@@H](O)[C@H]1O,CHEMBL2346486,1.0,1.0,0.877,194,False
Nc1ncnc2c1ncn2[C@H]1C[C@@H]2NS(=O)(=O)OC[C@H]3O[C@@H](n4cnc5c(=O)[nH]cnc54)[C@H](F)[C@@H]3OP(=O)(O)OC[C@H]2O1,CHEMBL4523377,1.0,1.0,0.738,1105,False
Nc1ncnc2c1sc1cc(-c3ccc(-c4nn[nH]n4)cc3)ccc12,CHEMBL3836,2.0,2.0,0.854,723,False
Nc1nn2cc(F)cnc2c1C(=O)Nc1cnccc1C1CCN(S(=O)(=O)C2CC2)CC1,CHEMBL5024,1.0,1.0,0.803,1961,False
Nc1nn2cc(F)cnc2c1C(=O)Nc1cnccc1O[C@H]1CCCN(C2COC2)C1,CHEMBL5024,1.0,1.0,0.836,1961,False
Nc1nnc(-c2ccc3[nH]cc(-c4cncc(N5CCOCC5)n4)c3c2)s1,CHEMBL2147,3.0,3.0,0.845,4940,False
Nc1nnc(-c2ccc3[nH]cc(-c4cncc(N5CCOCC5)n4)c3c2)s1,CHEMBL4523,1.0,1.0,0.845,2873,False
Nc1nnc(-c2ccc3[nH]cc(-c4cncc(N5CCOCC5)n4)c3c2)s1,CHEMBL5407,2.0,2.0,0.845,1666,False
Nc1nnc(CCCCc2nnc(NC(=O)C(CO)c3ccccc3)s2)s1,CHEMBL2146302,1.0,1.0,0.867,1424,False
Nc1nnc(CCCCc2nnc(NC(=O)Cc3ccc(F)cc3)s2)s1,CHEMBL2146302,1.0,1.0,0.75,1424,False
Nc1nnc(CCCCc2nnc(NC(=O)Cc3ccccc3)s2)s1,CHEMBL2146302,1.0,1.0,0.952,1424,False
O=C(/C=C/CN1CCCC1)Nc1ccc2ncnc3c2c1CCN3c1ccc(OCc2ccccn2)c(Cl)c1,CHEMBL1824,1.0,1.0,0.987,2604,False
O=C(/C=C/CN1CCCC1)Nc1ccc2ncnc3c2c1CCN3c1ccc(OCc2ccccn2)c(Cl)c1,CHEMBL203,2.0,2.0,0.987,11022,False
O=C(/C=C/CN1CCOCC1)Nc1cc2c(Nc3ccc(F)c(Cl)c3)ncnc2cn1,CHEMBL203,3.0,3.0,0.851,11022,False
O=C(/C=C/CN1CCOCC1)Nc1cc2c(Nc3ccc(F)c(Cl)c3)ncnc2cn1,CHEMBL1824,1.0,1.0,0.851,2604,False
O=C(/C=C/CN1CCOCC1)Nc1cc2c(Nc3ccc(F)c(Cl)c3)ncnc2cn1,CHEMBL3009,4.0,4.0,0.851,326,False
O=C(/C=C/CN1CCOCC1)Nc1cc2c(Nc3ccc(F)c(Cl)c3)ncnc2cn1,CHEMBL2148,2.0,2.0,0.851,7416,False
O=C(/C=C/c1ccc(Br)cc1)NC(=O)c1ccccc1O,CHEMBL1741207,517.0,22.0,0.447,630,False
O=C(/C=C/c1ccc(Br)cc1)NC(=O)c1ccccc1O,CHEMBL1741213,579.0,23.0,0.447,814,False
O=C(/C=C/c1ccc(Br)cc1)NC(=O)c1ccccc1O,CHEMBL1741215,467.0,21.0,0.447,697,False
O=C(/C=C/c1ccc2c(c1)NC(CCc1ccccc1)N2CCN1CCOCC1)NO,CHEMBL3192,1.0,1.0,0.71,3069,False
O=C(/C=C/c1ccc2c(c1)NC(CCc1ccccc1)N2CCN1CCOCC1)NO,CHEMBL325,2.0,2.0,0.71,8231,False
O=C(/C=C/c1cccc(Br)c1)c1ccc2c(c1)OCO2,CHEMBL1075322,295.0,330.0,0.281,657,False
O=C(/C=C/c1ccco1)NC(=S)Nc1ccc(C(=O)O)cc1,CHEMBL5979,9.0,13.0,0.53,888,False
O=C(/C=C/c1ccco1)NC(=S)Nc1ccc(C(=O)O)cc1,CHEMBL5573,1188.0,99.0,0.333,327,False
O=C(/C=C/c1ccco1)NC(=S)Nc1cccc(C(=O)O)c1,CHEMBL3402,125.0,10.0,0.486,415,False
O=C(/C=C/c1ccco1)NC(=S)Nc1cccc(C(=O)O)c1,CHEMBL5979,9.0,7.0,0.486,888,False
O=C(/C=C/c1noc(-c2cc(Cl)c(O)cc2O)c1-c1ccc(O)cc1)N1CCN(c2ncccn2)CC1,CHEMBL4766,1.0,1.0,0.831,803,False
O=C(C(O)c1ccc(Br)cc1)N1CCN(c2ccc3[nH]ncc3c2)CC1,CHEMBL2973,2.0,2.0,0.678,5292,False
O=C(C(O)c1ccc(Br)cc1)N1CCN(c2ccc3[nH]ncc3c2)CC1,CHEMBL340,1.0,1.0,0.678,5556,False
O=C(C(O)c1ccc(Cl)cc1)N1CCN(c2ccc3[nH]ncc3c2)CC1,CHEMBL2973,2.0,2.0,0.667,5292,False
O=C(C(O)c1ccc(Cl)cc1)N1CCN(c2ccc3[nH]ncc3c2)CC1,CHEMBL340,1.0,1.0,0.667,5556,False
O=C(C(c1ccc(Cl)cc1)c1cccnc1)N1CCN(Cc2ccccc2C(F)(F)F)CC1,CHEMBL340,1.0,1.0,0.629,5556,False
O=C(C(c1ccccc1)c1ccccc1)N1CCN(c2ccccn2)CC1,CHEMBL210,9.0,11.0,0.491,2135,False
O=C(C1CC1)N1CC[C@@H](CN2C(=O)C3(CC3)N=C2c2ccc(-c3cnc4ccccc4c3)cc2)C1,CHEMBL4158,1.0,1.0,0.833,1121,False
O=C(C1CCCCC1)N1CCN(S(=O)(=O)c2cccc(-c3ccccc3)c2)CC1,CHEMBL218,1.0,1.0,0.686,5877,False
O=C(C1CCN(c2ccc(S(=O)(=O)C3(C(=O)NO)CCOCC3)cc2)CC1)N1CCc2ccccc2C1,CHEMBL333,1.0,1.0,0.703,3911,False
O=C(C1CCN(c2ccc(S(=O)(=O)C3(C(=O)NO)CCOCC3)cc2)CC1)N1CCc2ccccc2C1,CHEMBL280,2.0,2.0,0.703,2826,False
O=C(C1CCOC1)N1CCc2nc(C#Cc3ccccc3)sc2C1,CHEMBL3227,1.0,1.0,0.887,2955,False
O=C(C1CCS(=O)(=O)C1)N1CCC2(S(=O)(=O)c3ccccn3)c3ccc(C(F)(C(F)(F)F)C(F)(F)F)cc3CCC12,CHEMBL1741186,1.0,1.0,0.943,10748,False
O=C(CC(F)(F)F)N1CCN(Cc2ccnc(Nc3nc4ccc(-c5cc(N6CCCC6)ncn5)cc4[nH]3)c2)CC1,CHEMBL5408,1.0,1.0,0.986,2312,False
O=C(CC12CC3CC(CC(C3)C1)C2)NC(=S)NCc1ccco1,CHEMBL1075322,11.0,13.0,0.386,657,False
O=C(CC1CC1)N1CCC(c2cc(-c3ccnc4[nH]ccc34)[nH]n2)CC1,CHEMBL3231,2.0,2.0,0.77,2738,False
O=C(CC1CC1)N1CCC(c2cc(-c3ccnc4[nH]ccc34)[nH]n2)CC1,CHEMBL2973,1.0,1.0,0.77,5292,False
O=C(CC1CC1)NCC1(O)CCN(c2nc(Oc3cccc(F)c3)cc(C(F)(F)F)n2)CC1,CHEMBL238,3.0,3.0,0.809,3420,False
O=C(CC1CC1)NCC1(O)CCN(c2nc(Oc3cccc(F)c3)cc(C(F)(F)F)n2)CC1,CHEMBL222,1.0,1.0,0.809,3692,False
O=C(CC1CCCC1)N1CCC(Oc2ccc(NC(=O)N3Cc4ccccc4C3)cn2)CC1,CHEMBL1744525,1.0,1.0,0.927,4583,False
O=C(CC1CCCC1)Nc1ccc(NC(=O)N2Cc3ccc(-c4ccncc4)cc3C2)cc1,CHEMBL1744525,1.0,1.0,0.789,4583,False
O=C(CC1CCNCC1)Nc1cc(-c2ccc3ncn(Cc4cccc(F)c4)c3c2)c(Cl)cn1,CHEMBL3116,1.0,1.0,0.75,1776,False
O=C(CCC(=O)Nc1ccc2[nH]c3ccccc3c(=O)c2c1)Nc1ccc2[nH]c3ccccc3c(=O)c2c1,CHEMBL2001,1.0,1.0,0.872,1179,False
O=C(CCCC1CCCCC1)NNc1c(Cl)cncc1Cl,CHEMBL4805,1.0,1.0,0.854,4787,False
O=C(CCCCC(OCc1ccccc1)C(=O)Nc1ccccc1)NO,CHEMBL1937,1.0,1.0,0.729,2834,False
O=C(CCCCCCC(=O)Oc1ccc2c(c1)[C@@]13CCCC[C@H]1[C@@H](C2)N(CC1CCC1)CC3)Oc1ccc2c(c1)[C@@]13CCCC[C@H]1[C@@H](C2)N(CC1CCC1)CC3,CHEMBL233,1.0,1.0,1.0,7306,True
O=C(CCCCCCC(=O)Oc1ccc2c(c1)[C@@]13CCCC[C@H]1[C@@H](C2)N(CC1CCC1)CC3)Oc1ccc2c(c1)[C@@]13CCCC[C@H]1[C@@H](C2)N(CC1CCC1)CC3,CHEMBL236,3.0,3.0,1.0,4835,True
O=C(CCCCCCC(=O)Oc1ccc2c(c1)[C@@]13CCCC[C@H]1[C@@H](C2)N(CC1CCC1)CC3)Oc1ccc2c(c1)[C@@]13CCCC[C@H]1[C@@H](C2)N(CC1CCC1)CC3,CHEMBL237,2.0,2.0,1.0,6265,True
O=C(CCCCCCc1ccccc1)NNc1c(Cl)cncc1Cl,CHEMBL4805,1.0,1.0,1.0,4787,True
O=C(CCCCCCc1ccccc1)c1ncc(-c2ccc(C(=O)O)s2)o1,CHEMBL2243,1.0,1.0,0.739,1975,False
O=C(CCCCCCc1ccccc1)c1ncc(-c2cccs2)o1,CHEMBL2243,1.0,1.0,0.756,1975,False
O=C(CCCCCCc1ccccc1)c1ncc(-c2cccs2)o1,CHEMBL2265,2.0,2.0,0.723,350,False
O=C(CCCc1cccs1)Nc1ccc2c(c1)CO[C@H](C(=O)O)C2,CHEMBL335,1.0,1.0,0.942,3606,False
O=C(CCCc1cccs1)Nc1ccc2c(c1)CO[C@H](C(=O)O)C2,CHEMBL3807,2.0,2.0,0.942,896,False
O=C(CCCc1cccs1)Nc1ccc2c(c1)CO[C@H](C(=O)O)C2,CHEMBL3521,3.0,3.0,0.942,90,False
O=C(CCN1CC[C@@H](O)C1)Nc1cc(Nc2nc(-c3cccc(C(F)(F)F)n3)nn3cccc23)ccn1,CHEMBL4439,1.0,1.0,0.919,2681,False
O=C(CCOCCOCCOCCOCCOCCC(=O)NCCOCCOCCOCCNS(=O)(=O)c1ccc(O[C@H]2c3ccccc3C[C@@H]2N2CCCCC2)cc1)NCCOCCOCCOCCNS(=O)(=O)c1ccc(O[C@H]2c3ccccc3C[C@@H]2N2CCCCC2)cc1,CHEMBL3273,1.0,1.0,1.0,350,True
O=C(CCOc1ccccc1)Nc1ccc(NC(=O)N2Cc3ccccc3C2)cc1,CHEMBL1744525,1.0,1.0,0.884,4583,False
O=C(CCc1ccc2nc(-c3ccccc3)c3c(c2c1)OCCC3)NCCCCCCCNc1c2c(nc3cc(Cl)ccc13)CCCC2,CHEMBL220,2.0,2.0,1.0,6051,True
O=C(CCc1ccc2nc(-c3ccccc3)c3c(c2c1)OCCC3)NCCCCCCCNc1c2c(nc3cc(Cl)ccc13)CCCC2,CHEMBL1914,1.0,1.0,1.0,3653,True
O=C(CCc1ccccc1)N(Cc1ccsc1)Cc1nc2c(c(=O)[nH]1)COCC2,CHEMBL1255137,2.0,2.0,0.773,531,False
O=C(CCc1ccccc1)N(Cc1ccsc1)Cc1nc2c(c(=O)[nH]1)COCC2,CHEMBL5366,4.0,4.0,0.773,773,False
O=C(CCc1ccccc1)N(Cc1ccsc1)Cc1nc2c(c(=O)[nH]1)COCC2,CHEMBL3105,5.0,5.0,0.493,4466,False
O=C(CCc1ccccc1)N(Cc1ccsc1)Cc1nc2c(c(=O)[nH]1)COCC2,CHEMBL6154,1.0,1.0,0.773,887,False
O=C(CCc1ccccc1)N(Cc1ccsc1)Cc1nc2c(c(=O)[nH]1)COCC2,CHEMBL6164,3.0,3.0,0.773,1063,False
O=C(CCc1ccccc1)NCc1nc2ncccc2c(=O)[nH]1,CHEMBL3785,1.0,1.0,0.64,603,False
O=C(CCc1ccco1)N[C@@H]1CC[C@@]2(O)[C@H]3Cc4ccc(O)c5c4[C@@]2(CCN3CC2CC2)[C@H]1O5,CHEMBL236,1.0,1.0,1.0,4835,True
O=C(CCc1ccco1)N[C@@H]1CC[C@@]2(O)[C@H]3Cc4cccc5c4[C@@]2(CCN3CC2CC2)[C@H]1O5,CHEMBL236,1.0,1.0,1.0,4835,True
O=C(CCl)N(C/C=C/c1ccccc1)c1ccc2c(c1)OCCO2,CHEMBL2971,6.0,11.0,0.362,12637,False
O=C(CN(Cc1ccc(OCc2ccccc2)cc1)C(=O)[C@H](Cc1c[nH]cn1)NC(=O)OCc1ccccc1)NCC1(c2ccccc2)CCCC1,CHEMBL2167,1.0,1.0,0.973,63,False
O=C(CN(N1CCN(Cc2ccccc2)CC1)N1CCN(Cc2ccccc2)CC1)N1CCN(Cc2cc(C(F)(F)F)cc(C(F)(F)F)c2)CC1c1ccc(Cl)c(Cl)c1,CHEMBL249,1.0,1.0,0.879,2543,False
O=C(CN(N1CCN(Cc2ccccc2)CC1)N1CCN(Cc2ccccc2)CC1)N1CCN(Cc2cc(C(F)(F)F)cc(C(F)(F)F)c2)CC1c1ccccc1,CHEMBL249,1.0,1.0,0.85,2543,False
O=C(CN1C(=O)C2(CCN(C(=O)c3ccc4[nH]ncc4c3)CC2)c2c1ccc(F)c2Cl)N1CC2CCCC2C1,CHEMBL5319,1.0,1.0,0.831,1645,False
O=C(CN1CCN(S(=O)(=O)C2CC2)CC1)c1cnc2ccccn12,CHEMBL1075189,1.0,1.0,0.898,244,False
O=C(CN1CCN(c2ccc(Cl)cc2)CC1)Nc1cccc(-c2cnc3ccccc3n2)c1,CHEMBL2148,1.0,1.0,0.733,7416,False
O=C(CN1CCN(c2cccc3c2cnn3-c2ccccc2F)C1=O)N1CC2CCCC2C1,CHEMBL4296,1.0,1.0,1.0,7797,True
O=C(CN1CCN(c2ccccc2)CC1)Nc1cccc(-c2cnc3ccccc3n2)c1,CHEMBL2971,2.0,2.0,0.593,12637,False
O=C(CN1CCN(c2ccccc2)CC1)Nc1cccc(-c2cnc3ccccc3n2)c1,CHEMBL2148,1.0,1.0,0.786,7416,False
O=C(CN1CCNCC1)Nc1cccc(-c2cnc3ccccc3n2)c1,CHEMBL2148,1.0,1.0,0.811,7416,False
O=C(CN1CCOCC1)N1CC=C(c2ccc(NC(=O)N3Cc4ccccc4C3)nc2)CC1,CHEMBL1744525,1.0,1.0,0.783,4583,False
O=C(CN1CN(c2ccccc2)C2(CCN(C(=O)c3ccc(C4CCCCC4)cc3)CC2)C1=O)N1CCNCC1,CHEMBL2027,1.0,1.0,0.871,129,False
O=C(CN1CN(c2ccccc2)C2(CCN(C(=O)c3cnc4[nH]ncc4c3)CC2)C1=O)N1CCC2(C1)CC2(F)F,CHEMBL5319,1.0,1.0,0.859,1645,False
O=C(CN1Cc2ccc(-c3nc(NC4CCOCC4)ncc3Cl)cc2C1=O)N1CCC(c2ccccc2)C1,CHEMBL4040,1.0,1.0,0.934,5246,False
O=C(CN1Cc2ccc(-c3nc(NC4CCOCC4)ncc3Cl)cc2C1=O)NCc1ccc2nccnc2c1,CHEMBL4040,1.0,1.0,0.821,5246,False
O=C(CNC(=O)[C@@H]1CCCN1C(=O)CC(c1ccccc1)(c1ccccc1)c1ccccc1)NC[C@H]1CCCN(CC2CCCCC2)C1,CHEMBL245,2.0,2.0,0.857,2649,False
O=C(CNC(=O)[C@@H]1CCCN1C(=O)CC(c1ccccc1)(c1ccccc1)c1ccccc1)NC[C@H]1CCCN(CC2CCCCC2)C1,CHEMBL216,5.0,5.0,0.857,2735,False
O=C(CNC(=O)[C@@H]1CCCN1C(=O)CC(c1ccccc1)(c1ccccc1)c1ccccc1)NC[C@H]1CCCN(CC2CCCCC2)C1,CHEMBL211,4.0,4.0,0.857,2278,False
O=C(CNC(=O)[C@@H]1CCCN1C(=O)CC(c1ccccc1)(c1ccccc1)c1ccccc1)NC[C@H]1CCCN(CC2CCCCC2)C1,CHEMBL1821,3.0,3.0,0.857,1918,False
O=C(CNC(=O)[C@@H]1CCCN1C(=O)CC(c1ccccc1)(c1ccccc1)c1ccccc1)NC[C@H]1CCCN(CC2CCCCC2)C1,CHEMBL2035,1.0,1.0,0.857,1102,False
O=C(CO)N1CCCC12CCN(c1ncnc3[nH]ccc13)C2,CHEMBL2148,2.0,2.0,0.94,7416,False
O=C(COC(=O)c1cc2c(s1)CCC2)Nc1ccc(F)cc1,CHEMBL1741179,1341.0,38.0,0.35,469,False
O=C(COC(=O)c1cc2c(s1)CCC2)Nc1ccc(F)cc1,CHEMBL1741217,1302.0,37.0,0.35,921,False
O=C(COC(=O)c1cc2c(s1)CCC2)Nc1ccc(F)cc1,CHEMBL1795098,620.0,9.0,0.439,1001,False
O=C(COC(=O)c1cc2c(s1)CCC2)Nc1ccc(F)cc1,CHEMBL1993,16.0,16.0,0.394,406,False
O=C(COc1ccc(C(F)(F)F)cc1)Nc1ccc2nc(N3CCOCC3)ccc2c1,CHEMBL344,1.0,1.0,0.642,3656,False
O=C(COc1ccc(Cl)cc1)Nc1ccc2nc(N3CCOCC3)ccc2c1,CHEMBL344,1.0,1.0,0.606,3656,False
O=C(COc1ccc2cc(/C=C3/SC(=O)NC3=O)ccc2c1)Nc1nc2ccccc2s1,CHEMBL3524,2.0,2.0,0.71,1200,False
O=C(COc1ccc2cc(/C=C3/SC(=O)NC3=O)ccc2c1)Nc1nc2ccccc2s1,CHEMBL3192,1.0,1.0,0.71,3069,False
O=C(COc1cccc(Cl)c1)NC1CN(Cc2ccn(-c3ccc(C(F)(F)F)cc3)c2)C1,CHEMBL344,1.0,1.0,0.862,3656,False
O=C(COc1ccccc1)N1CCCC[C@@H]1c1noc(-c2cc(F)c(F)cc2F)n1,CHEMBL1293194,1.0,1.0,0.723,485,False
O=C(CSc1cnnn1-c1ccccc1)c1ccco1,CHEMBL4235,1.0,1.0,0.689,3366,False
O=C(C[C@@H](Cc1ccc(-c2ccccc2-c2nn[nH]n2)cc1)C(=O)N[C@H]1c2ccccc2C[C@H]1O)NO,CHEMBL333,2.0,2.0,0.71,3911,False
O=C(C[C@@H](Cc1ccc(-c2ccccc2-c2nn[nH]n2)cc1)C(=O)N[C@H]1c2ccccc2C[C@H]1O)NO,CHEMBL321,1.0,1.0,0.71,2771,False
O=C(C[C@@H]1Cc2cc(Cl)c3[nH]ncc3c2CN(CC(F)(F)F)C1=O)N1CCC(N2Cc3ccccc3NC2=O)CC1,CHEMBL3798,2.0,2.0,0.9,871,False
O=C(C[C@H]1CC[C@H](COc2cn[nH]c(=O)c2C(F)(F)F)O1)N1CCN(c2ncc(C(F)(F)F)cn2)CC1,CHEMBL2380188,1.0,1.0,1.0,331,True
O=C(C[C@H]1CC[C@H](COc2cn[nH]c(=O)c2C(F)(F)F)O1)N1CCN(c2ncc(Cl)cn2)CC1,CHEMBL2380188,1.0,1.0,1.0,331,True
O=C(Cc1ccc(Cl)c(Cl)c1)N1CCc2sccc2C1CN1CCCC1,CHEMBL236,1.0,1.0,0.737,4835,False
O=C(Cc1ccc(Cl)cc1)Nc1nc(-c2cc(Cl)ccc2Cl)cs1,CHEMBL1741186,2.0,2.0,0.533,10748,False
O=C(Cc1ccc(Cl)cn1)Nc1cncc(C(=O)c2cn(C(CO)CO)c3ncncc23)c1,CHEMBL2815,1.0,1.0,0.815,4872,False
O=C(Cc1ccc(Oc2ccccc2)cc1)NC1CCOc2ncccc21,CHEMBL4805,1.0,1.0,0.808,4787,False
O=C(Cc1cccc(F)c1)Nc1nnc(CCCCc2nnc(NC(=O)C[C@@H](O)C(=O)O)s2)s1,CHEMBL2146302,1.0,1.0,0.82,1424,False
O=C(Cc1cccc(OC(F)(F)F)c1)Nc1nnc(CCCCn2cc(C(=O)NCCO)nn2)s1,CHEMBL2146302,1.0,1.0,0.762,1424,False
O=C(Cc1ccccc1)N1CCN(c2nc(Nc3ccccn3)c3cccn3n2)CC1,CHEMBL2971,1.0,2.0,0.738,12637,False
O=C(Cc1ccccc1)Nc1nc(-c2cc(Cl)ccc2Cl)cs1,CHEMBL1741186,5.0,5.0,0.507,10748,False
O=C(Cc1ccccc1)Nc1nc(-c2ccccc2)cs1,CHEMBL6001,36.0,30.0,0.528,69,False
O=C(Cc1ccccc1)Nc1nnc(CCCCn2cc(C(=O)NCCN3CCC(O)CC3)nn2)s1,CHEMBL2146302,1.0,1.0,0.732,1424,False
O=C(Cc1ccccc1)Nc1nnc(N2CCC(CCOCc3cccc(C(=O)NCCN4CCCC4)c3)CC2)s1,CHEMBL2146302,1.0,1.0,0.986,1424,False
O=C(Cc1ccccc1Cl)Nc1ccc(-c2cn[nH]c2)cc1OCCN1CCCC1,CHEMBL2973,2.0,2.0,0.542,5292,False
O=C(Cc1ccccc1Cl)Nc1ccc(-c2cn[nH]c2)cc1OCCN1CCCC1,CHEMBL3231,3.0,3.0,0.493,2738,False
O=C(Cc1ccccc1F)Nc1nc(-c2ccccc2)cs1,CHEMBL6001,3.0,3.0,0.755,69,False
O=C(Cc1cccs1)Nc1nnc(Cc2ccccc2)s1,CHEMBL242,12.0,17.0,0.562,2308,False
O=C(Cc1cccs1)Nc1nnc(Cc2ccccc2)s1,CHEMBL4361,65.0,74.0,0.453,3411,False
O=C(Cc1cccs1)Nc1nnc(Cc2ccccc2)s1,CHEMBL1741179,1685.0,267.0,0.299,469,False
O=C(Cc1cccs1)Nc1nnc(Cc2ccccc2)s1,CHEMBL1741217,1041.0,93.0,0.397,921,False
O=C(Cc1ccncc1)N1CCC(C(O)CC2c3ccccc3-c3cncn32)CC1,CHEMBL4685,3.0,3.0,0.895,3604,False
O=C(Cc1ccncc1)N1CCC(C(O)CC2c3ccccc3-c3cncn32)CC1,CHEMBL340,2.0,2.0,0.895,5556,False
O=C(Cc1ccncc1)N1CCC(C(O)CC2c3ccccc3-c3cncn32)CC1,CHEMBL289,1.0,1.0,0.895,3036,False
O=C(Cc1ccncc1)N1CCC(C(O)CC2c3ccccc3-c3cncn32)CC1,CHEMBL3356,5.0,5.0,0.677,1600,False
O=C(Cc1ccncc1)N1CCC(C(O)CC2c3ccccc3-c3cncn32)CC1,CHEMBL4729,4.0,4.0,0.895,232,False
O=C(Cc1ccncc1)NCC1C2CCc3cc(C(O)(C(F)(F)F)C(F)(F)F)ccc3C21S(=O)(=O)c1ccc(F)cc1,CHEMBL1741186,1.0,1.0,0.625,10748,False
O=C(Cc1ccncc1)NCC1C2CCc3cc(I)ccc3C21S(=O)(=O)c1ccc(F)cc1,CHEMBL1741186,1.0,1.0,0.686,10748,False
O=C(Cc1cnccn1)N[C@H]1C[C@@](c2ccc(C(F)(C(F)(F)F)C(F)(F)F)cc2)(S(=O)(=O)c2ccc(F)cc2)C1,CHEMBL1741186,1.0,1.0,0.75,10748,False
O=C(Cc1cnccn1)N[C@H]1C[C@@](c2ccc(C(O)(C(F)(F)F)C(F)(F)F)cc2)(S(=O)(=O)c2ccc(F)cc2)C1,CHEMBL1741186,1.0,1.0,0.761,10748,False
O=C(Cn1c(=O)[nH]c2ncc(-c3cccc(C(F)(F)F)c3)cc21)N1CC2(CNC2)C1,CHEMBL1904,1.0,1.0,0.836,2018,False
O=C(Cn1cnc2cc(C(=O)Nc3ccc(OC(F)(F)Cl)cc3)cc(Br)c21)NC1CC1,CHEMBL1862,1.0,1.0,0.629,3101,False
O=C(N/N=C/c1cc(Br)c(O)c(Br)c1O)c1ccc(-c2ccccn2)cc1,CHEMBL4506,1.0,1.0,0.74,735,False
O=C(N/N=C/c1cc(Br)c(O)c(Br)c1O)c1ccc(-c2ccncc2)cc1,CHEMBL4506,1.0,1.0,0.783,735,False
O=C(N/N=C/c1cc(Cl)cc([N+](=O)[O-])c1O)c1cc(-c2ccccn2)nc2ccccc12,CHEMBL1795098,642.0,15.0,0.429,1001,False
O=C(N/N=C/c1ccc(Cl)cc1)c1ccc(Nc2ncnc3sc4c(c23)CCCC4)cc1,CHEMBL3717,3.0,4.0,0.638,4639,False
O=C(N/N=C/c1ccc(Cl)cc1)c1ccc(Nc2ncnc3sc4c(c23)CCCC4)cc1,CHEMBL279,6.0,7.0,0.513,10551,False
O=C(N1CCC(Cc2ccccc2)CC1)N1CC(OC(c2ccc(Cl)cc2)c2cccnc2Cl)C1,CHEMBL2243,1.0,1.0,0.806,1975,False
O=C(N1CCC(c2ccccc2)CC1)C1(c2ccc(Cl)cc2)CC1,CHEMBL4235,1.0,1.0,0.854,3366,False
O=C(N1CCCCC1Cc1ccccc1)n1cc(-c2ccc(CN3CCCC3)cc2)nn1,CHEMBL5545,2.0,3.0,0.83,191,False
O=C(N1CCCC[C@@H]1COCc1ccccc1)n1cc(-c2ccc(-c3ccccc3)cc2)nn1,CHEMBL5545,1.0,1.0,0.764,191,False
O=C(N1CCCC[C@@H]1COCc1ccccc1)n1cc(-c2ccc(-c3ccccc3)cc2)nn1,CHEMBL2189127,2.0,2.0,0.764,149,False
O=C(N1CCN(C2CCC2)CC1)N1CCC2(CCN(S(=O)(=O)c3ccccc3)CC2)C1,CHEMBL264,1.0,1.0,0.939,4372,False
O=C(N1CCN(c2nc3ccccc3c(=O)[nH]2)CC1)N1CCC2(CC1)CCN(S(=O)(=O)c1cccc(Cl)c1)CC2,CHEMBL4191,1.0,1.0,0.877,2112,False
O=C(NC(C(=O)c1ccc(Cl)cc1)C1CC1)c1ccccc1,CHEMBL6007,1.0,1.0,0.605,1814,False
O=C(NC/C=C/CN1CCN(c2cccc(Cl)c2Cl)CC1)c1ccc(-c2ccccn2)cc1,CHEMBL217,1.0,1.0,0.833,9217,False
O=C(NC/C=C/CN1CCN(c2cccc(Cl)c2Cl)CC1)c1ccc(-c2ccccn2)cc1,CHEMBL234,2.0,2.0,0.833,6166,False
O=C(NC/C=C/CN1CCN(c2cccc(Cl)c2Cl)CC1)c1ccc(-c2ccccn2)cc1,CHEMBL219,6.0,6.0,0.727,2981,False
O=C(NC/C=C/CN1CCN(c2cccc(Cl)c2Cl)CC1)c1ccc(-c2ccccn2)cc1,CHEMBL214,4.0,4.0,0.735,5809,False
O=C(NC/C=C/CN1CCN(c2cccc(Cl)c2Cl)CC1)c1ccc(-c2ccccn2)cc1,CHEMBL224,5.0,5.0,0.735,6081,False
O=C(NC/C=C/CN1CCN(c2cccc(Cl)c2Cl)CC1)c1ccc(-c2ccccn2)cc1,CHEMBL225,3.0,3.0,0.735,3966,False
O=C(NC12CC3CC(CC(C3)C1)C2)c1cc2ncccc2[nH]1,CHEMBL253,1.0,1.0,0.688,7881,False
O=C(NC1=NC2CCc3cc(Cl)ccc3C2C1)[C@H]1CC[C@H](CNS(=O)(=O)c2ccccc2)CC1,CHEMBL4561,1.0,1.0,0.47,1180,False
O=C(NC1=NC2CCc3cc(O)ccc3C2C1)[C@H]1CC[C@H](CNS(=O)(=O)c2ccccc2)CC1,CHEMBL4561,1.0,1.0,0.513,1180,False
O=C(NC1=NC2CCc3ccccc3C2C1)[C@H]1CC[C@H](CNS(=O)(=O)c2ccccc2)CC1,CHEMBL4561,1.0,2.0,0.457,1180,False
O=C(NC1CCCC1c1ccccc1)C1CCN(c2nc3cc(Cl)ccc3o2)CC1,CHEMBL5658,1.0,1.0,0.767,1840,False
O=C(NC1CCCCC1)c1cc(-c2ccco2)nc2ccc(-c3ccc4scnc4c3)cc12,CHEMBL4361,1.0,1.0,0.918,3411,False
O=C(NC1CCCCC1)c1cc2ccccc2oc1=O,CHEMBL2039,2.0,2.0,0.66,4794,False
O=C(NC1CCCCCC1)c1cc2cccnc2n(Cc2ccc(F)cc2)c1=O,CHEMBL253,1.0,1.0,1.0,7881,True
O=C(NC1CCCCCC1)c1cc2cccnc2n(Cc2ccc(F)cc2)c1=O,CHEMBL218,2.0,2.0,1.0,5877,True
O=C(NC1CCCCCC1)c1cc2cccnc2n(Cc2ccccc2)c1=O,CHEMBL253,2.0,2.0,1.0,7881,True
O=C(NC1CCCCCC1)c1cc2cccnc2n(Cc2ccccc2)c1=O,CHEMBL218,1.0,1.0,1.0,5877,True
O=C(NC1CCN(C(=O)CCc2ccccc2F)CC1)C(c1ccccc1)C1CCCCC1,CHEMBL4761,1.0,1.0,0.776,210,False
O=C(NC1CCN(C2CCCC2)CC1)c1cc(-c2ccc(F)cc2F)on1,CHEMBL2010631,2.0,2.0,0.98,1433,False
O=C(NC1CCN(Cc2ccccc2)C1)c1cccc(C2CC2NCC2CC2)c1,CHEMBL6136,1.0,1.0,0.895,3886,False
O=C(NC1CCN(c2ccncn2)CC1)c1cc2ccccc2n1Cc1cc(-c2ccc(Cl)s2)on1,CHEMBL244,2.0,2.0,0.836,5906,False
O=C(NC1CCNCC1)c1cccc(Nc2ncc(Cl)c(NCc3cccc(F)c3)n2)c1,CHEMBL2815,2.0,2.0,0.829,4872,False
O=C(NC1CCS(=O)(=O)C1)c1ccc2c(-c3ccccc3Cl)nn(-c3ccccn3)c2c1,CHEMBL5853,1.0,1.0,0.824,1031,False
O=C(NC1CN2CCC1CC2)c1cc(Cl)cn2ccnc12,CHEMBL1899,1.0,1.0,0.552,1020,False
O=C(NC1CN2CCC1CC2)c1cc(NC(=O)c2cc(-c3ncccc3F)ccc2Cl)n(-c2ccccc2)n1,CHEMBL2815,1.0,1.0,0.931,4872,False
O=C(NCC#CCOc1ccc(F)cc1)NC12CC3CC(CC(C3)C1)C2,CHEMBL2409,1.0,1.0,0.68,2764,False
O=C(NCC#Cc1ccc2ncc3ncn(C4CCNC4)c3c2c1)c1cncn(Cc2ccc(F)c(F)c2)c1=O,CHEMBL2534,1.0,1.0,1.0,1246,True
O=C(NCC(F)(F)F)C1(Nc2ccnc(-c3c[nH]c4ncccc34)n2)CN(S(=O)(=O)C2CC2)C1,CHEMBL2148,1.0,1.0,0.886,7416,False
O=C(NCC(F)(F)F)C1(Nc2nc(-c3c[nH]c4ncccc34)ncc2F)CN(S(=O)(=O)C2CC2)C1,CHEMBL2148,1.0,1.0,0.89,7416,False
O=C(NCC1(N2CCN(c3ccccc3)CC2)CCCCC1)c1cn(C2COC2)c2cccc(Cl)c12,CHEMBL4805,1.0,1.0,0.892,4787,False
O=C(NCC1=Nc2cccc3c(=O)[nH]nc(c23)N1)c1ccc([N+](=O)[O-])cc1,CHEMBL3105,1.0,1.0,0.594,4466,False
O=C(NCC1CC1)c1ccc(Nc2nc3cc(Br)ccc3[nH]2)cc1,CHEMBL5857,93.0,12.0,0.391,717,False
O=C(NCC1CC12CCN(C(=O)c1ccc(CN3CCOCC3)cc1)CC2)c1cc2ccncc2o1,CHEMBL1744525,1.0,1.0,0.881,4583,False
O=C(NCC1CC12CCN(C(=O)c1n[nH]c3c1CCC3)CC2)c1cc2ccncc2o1,CHEMBL1744525,1.0,1.0,0.724,4583,False
O=C(NCC1CCCC1)NC1CCN(c2ncnc3c2nc(-c2ccccc2Cl)n3-c2ccc(Cl)cc2)CC1,CHEMBL218,2.0,2.0,0.985,5877,False
O=C(NCC1CCCC1)NC1CCN(c2ncnc3c2nc(-c2ccccc2Cl)n3-c2ccc(Cl)cc2)CC1,CHEMBL253,1.0,1.0,0.985,7881,False
O=C(NCC1CCCCC1)c1nc2ccc(O)cc2s1,CHEMBL2039,1.0,1.0,0.688,4794,False
O=C(NCC1CCCCC1)c1nc2ccccc2s1,CHEMBL218,3.0,3.0,0.54,5877,False
O=C(NCC1CCCO1)[C@H]1[C@H](C(=O)Nc2ccc(Br)cc2)[C@@H]2CC[C@H]1C21CC1,CHEMBL4227,1.0,1.0,0.811,2172,False
O=C(NCC1CCCO1)[C@H]1[C@H](C(=O)Nc2ccc(Br)cc2)[C@@H]2CC[C@H]1C21CC1,CHEMBL5646,2.0,2.0,0.811,419,False
O=C(NCC1CCN(c2ccncc2)CC1)c1cc2ccccc2n1Cc1cc(-c2ccc(Cl)s2)on1,CHEMBL244,1.0,1.0,0.811,5906,False
O=C(NCC1CN(c2ccc(N3CCC(O)C3)c(F)c2)C(=O)O1)c1ccc(Cl)s1,CHEMBL244,1.0,1.0,0.906,5906,False
O=C(NCC1NNNN1)c1ncc2c(=O)n(Cc3ccccc3)ccc2c1O,CHEMBL5697,1.0,1.0,0.719,1921,False
O=C(NCCCCN1CCN(c2ccc(Cl)cc2)CC1)C12CC3CC(CC(C3)C1)C2,CHEMBL219,2.0,2.0,0.854,2981,False
O=C(NCCCCN1CCN(c2ccc(Cl)cc2)CC1)C12CC3CC(CC(C3)C1)C2,CHEMBL217,1.0,1.0,0.854,9217,False
O=C(NCCCCN1CCN(c2ccc3ccccc3n2)CC1)C1CCC(c2ccccc2)CC1,CHEMBL234,1.0,1.0,0.677,6166,False
O=C(NCCCCN1CCN(c2ccc3ccccc3n2)CC1)C1CCC(c2ccccc2)CC1,CHEMBL217,2.0,2.0,0.677,9217,False
O=C(NCCCCc1ccccc1)n1c(=O)oc2cc(N3CCNCC3)ccc21,CHEMBL5463,1.0,1.0,0.828,171,False
O=C(NCCCCc1ccccc1)n1c2c(oc1=O)CCNC2,CHEMBL5463,1.0,1.0,0.846,171,False
O=C(NCCCN1CCOCC1)Nc1cc(F)c(Oc2ccnc3[nH]cc(C(F)(F)F)c23)c(F)c1,CHEMBL5749,1.0,1.0,0.757,3184,False
O=C(NCCCN1CCOCC1)Nc1cc(F)c(Oc2ccnc3[nH]cc(C(F)(F)F)c23)cc1F,CHEMBL5749,1.0,1.0,0.578,3184,False
O=C(NCCCN1CCOCC1)Nc1ccc(Oc2ccnc3[nH]cc(C(F)(F)F)c23)c(F)c1,CHEMBL5749,1.0,1.0,0.658,3184,False
O=C(NCCCN1CCOCC1)Nc1ccc(Oc2ccnc3[nH]cc(C(F)(F)F)c23)cc1,CHEMBL5749,1.0,1.0,0.588,3184,False
O=C(NCCCOc1ccc(Cl)cc1)c1ccc(NC(=O)N2Cc3ccccc3C2)cc1,CHEMBL1744525,1.0,1.0,0.788,4583,False
O=C(NCCCn1ccnc1)c1ccc2nc(N3CCC3)c(-c3ccccc3)nc2c1,CHEMBL1744525,1.0,1.0,1.0,4583,True
O=C(NCCN1CCCC1)c1cccn2c(=O)c3ccc4ccccc4c3nc12,CHEMBL3286067,2.0,2.0,0.981,60,False
O=C(NCCN1CCCC1)c1cccn2c(=O)c3ccc4ccccc4c3nc12,CHEMBL240,1.0,1.0,0.981,10985,False
O=C(NCCN1CC[C@@H](F)C1)c1cccn2c(=O)c3ccc4ccccc4c3nc12,CHEMBL3356,2.0,3.0,0.677,1600,False
O=C(NCCN1CC[C@@H](F)C1)c1cccn2c(=O)c3ccc4ccccc4c3nc12,CHEMBL3286067,3.0,2.0,0.762,60,False
O=C(NCCN1CC[C@@H](F)C1)c1cccn2c(=O)c3ccc4ccccc4c3nc12,CHEMBL240,1.0,1.0,0.762,10985,False
O=C(NCCN1CC[C@H](F)C1)c1cccn2c(=O)c3ccc4ccccc4c3nc12,CHEMBL3356,2.0,3.0,0.677,1600,False
O=C(NCCN1CCc2cc(F)ccc21)O[C@@H](CC1CCCCC1)C(=O)N1CCOCC1,CHEMBL2954,3.0,3.0,0.667,2538,False
O=C(NCC[C@@H](NS(=O)(=O)c1ccc(OCc2cc(Br)cc(Br)c2)cc1)C(=O)NO)OCc1ccccc1,CHEMBL3706,2.0,2.0,0.902,1918,False
O=C(NCC[C@@H](NS(=O)(=O)c1ccc(OCc2cc(Br)cc(Br)c2)cc1)C(=O)NO)OCc1ccccc1,CHEMBL321,1.0,1.0,0.902,2771,False
O=C(NCC[C@@H](NS(=O)(=O)c1ccc(OCc2cc(Br)cc(Br)c2)cc1)C(=O)NO)OCc1ccccc1,CHEMBL5028,5.0,5.0,0.902,157,False
O=C(NCC[C@@H](NS(=O)(=O)c1ccc(OCc2cc(Br)cc(Br)c2)cc1)C(=O)NO)OCc1ccccc1,CHEMBL333,3.0,3.0,0.902,3911,False
O=C(NCCc1ccc2c(c1)OCO2)c1ccc(Oc2cc3c(cc2Cl)C(C(=O)O)CCO3)cc1,CHEMBL5071,1.0,1.0,0.846,3272,False
O=C(NCCc1ccccc1)C1=N[C@@]23CC[C@]1(O)C1Oc4c(O)ccc5c4C12CCN(CC1CC1)C3C5,CHEMBL233,3.0,3.0,0.867,7306,False
O=C(NCCc1ccccc1)C1=N[C@@]23CC[C@]1(O)C1Oc4c(O)ccc5c4C12CCN(CC1CC1)C3C5,CHEMBL237,2.0,2.0,0.867,6265,False
O=C(NCCc1ccccc1)Nc1ccc(-c2cn[nH]c2)cc1,CHEMBL2973,1.0,1.0,0.867,5292,False
O=C(NCCc1ccccn1)C12CC3CC(CC(C3)C1)C2,CHEMBL4235,2.0,2.0,0.562,3366,False
O=C(NC[C@@H]1OC(=O)N2c3ccc(N4CCCCC4=O)cc3SC[C@@H]12)c1ccc(Cl)s1,CHEMBL244,1.0,1.0,0.795,5906,False
O=C(NC[C@H]1CCCN1)c1ccc(-c2cnc3ccc(NCC4CC4)nn23)cc1,CHEMBL1991,1.0,1.0,1.0,1140,True
O=C(NCc1cc(-c2ccc(C(F)(F)F)nc2)ncn1)[C@@H]1CC2(CC2)CN1S(=O)(=O)c1ccc(F)cc1,CHEMBL6007,1.0,1.0,0.817,1814,False
O=C(NCc1cc(-c2ccc(C(F)(F)F)nc2)ncn1)[C@@H]1C[C@]2(CN1S(=O)(=O)c1ccc(F)cc1)CC2(F)F,CHEMBL6007,1.0,1.0,0.819,1814,False
O=C(NCc1cc(C(F)(F)F)nn1-c1cccc(Cl)c1)C1(c2cccc(F)c2)CCC1,CHEMBL4794,1.0,1.0,0.672,3651,False
O=C(NCc1cc(F)cc(C(F)(F)F)c1)c1ccc(NC(=O)N2Cc3ccccc3C2)cc1,CHEMBL1744525,1.0,1.0,0.672,4583,False
O=C(NCc1cc2cn[nH]c2cc1F)c1ccnc(Cc2ccc3ncc(Cl)cc3c2)c1,CHEMBL2000,2.0,2.0,0.794,3740,False
O=C(NCc1cc2cn[nH]c2cc1F)c1ccnc(Cc2ccc3ncc(Cl)cc3c2)c1,CHEMBL5749,1.0,1.0,0.794,3184,False
O=C(NCc1ccc(C(F)(F)F)cc1)c1ccc(NC(=O)N2Cc3ccccc3C2)cc1,CHEMBL1744525,1.0,1.0,0.804,4583,False
O=C(NCc1ccc(Cl)cc1)c1ccc(NC(=O)N2Cc3ccccc3C2)cc1,CHEMBL1744525,1.0,1.0,0.796,4583,False
O=C(NCc1ccc(Cl)cc1Cl)c1ccc(CN2CCN(C3CCCC3)C(=O)C2)s1,CHEMBL2409,1.0,1.0,0.758,2764,False
O=C(NCc1ccc(Cl)cc1Cl)c1cnc(CN2CCN(C(=O)C3(O)CC3)CC2)s1,CHEMBL2409,1.0,1.0,0.762,2764,False
O=C(NCc1ccc(Cl)cc1Cl)c1cnc(CN2CCN(C(=O)C3CC3)CC2)s1,CHEMBL2409,1.0,1.0,0.869,2764,False
O=C(NCc1ccc(F)cc1)N(c1ccc(Cl)cc1)C1CCN(Cc2ccnc(O)c2)CC1,CHEMBL264,1.0,1.0,0.754,4372,False
O=C(NCc1ccc(F)cc1)N(c1ccc(Cl)cc1)C1CCN(Cc2ccncc2)CC1,CHEMBL264,2.0,2.0,0.831,4372,False
O=C(NCc1ccc(F)cc1)N(c1ccc(Cl)cc1)C1CCN(Cc2ccncc2)CC1,CHEMBL240,1.0,1.0,0.831,10985,False
O=C(NCc1ccc(F)cc1)c1ccc(NC(=O)N2Cc3ccccc3C2)cc1,CHEMBL1744525,1.0,1.0,0.82,4583,False
O=C(NCc1ccc(OC(F)(F)F)cc1)c1ccc(NC(=O)N2Cc3ccccc3C2)cc1,CHEMBL1744525,1.0,1.0,0.784,4583,False
O=C(NCc1ccc(S(=O)(=O)N2CCC3(CCCO3)C2)cc1)c1cc2ccncc2o1,CHEMBL1744525,1.0,1.0,0.75,4583,False
O=C(NCc1ccc(S(=O)(=O)c2ccc(N3CCOCC3)cc2)cn1)c1cnc2nccn2c1,CHEMBL1744525,1.0,1.0,0.828,4583,False
O=C(NCc1ccc(SC(F)(F)F)cc1)c1ccc(NC(=O)N2Cc3ccccc3C2)cc1,CHEMBL1744525,1.0,1.0,0.644,4583,False
O=C(NCc1ccc2[nH]cc(Cl)c2c1F)c1nnc(Cc2ccc3ncc(Cl)cc3c2)[nH]1,CHEMBL2000,1.0,1.0,0.736,3740,False
O=C(NCc1ccc2[nH]nc(C(F)(F)F)c2c1)c1ccnc(Cc2ccc3ncc(Cl)cc3c2)c1,CHEMBL2000,2.0,2.0,0.841,3740,False
O=C(NCc1ccc2[nH]nc(C(F)(F)F)c2c1)c1ccnc(Cc2ccc3ncc(Cl)cc3c2)c1,CHEMBL5749,1.0,1.0,0.841,3184,False
O=C(NCc1cccc(-c2cn3c(n2)CCC3)c1)c1ccccc1,CHEMBL1075317,1.0,1.0,0.849,1687,False
O=C(NCc1cccc(F)c1)c1ccc(NC(=O)N2Cc3ccccc3C2)cc1,CHEMBL1744525,1.0,1.0,0.808,4583,False
O=C(NCc1cccc(OC(F)(F)F)c1)c1ccc(NC(=O)N2Cc3ccccc3C2)cc1,CHEMBL1744525,1.0,1.0,0.679,4583,False
O=C(NCc1ccccc1)N(c1ccc(Br)cc1)C1CCN(Cc2ccncc2)CC1,CHEMBL264,2.0,2.0,0.81,4372,False
O=C(NCc1ccccc1)N(c1ccc(Br)cc1)C1CCN(Cc2ccncc2)CC1,CHEMBL240,1.0,1.0,0.81,10985,False
O=C(NCc1ccccc1)N1Cc2[nH]nc(-c3cc4ccccc4[nH]3)c2C12CCC2,CHEMBL1908383,1.0,1.0,0.774,97,False
O=C(NCc1ccccc1)[C@H]1CCCCN1C(=O)COc1ccccc1,CHEMBL1293194,6.0,2.0,0.579,485,False
O=C(NCc1ccccc1)c1ccc(C2CC2NCc2ccc(C(F)(F)F)cc2)cc1,CHEMBL1951,1.0,1.0,0.717,3112,False
O=C(NCc1ccccc1)c1ccc(C2CC2NCc2ccccc2F)cc1,CHEMBL1951,1.0,1.0,0.655,3112,False
O=C(NCc1ccccc1)c1ccc(NC(=O)N2Cc3ccc(F)cc3C2)cc1,CHEMBL1744525,1.0,1.0,0.939,4583,False
O=C(NCc1ccccc1)c1ccc(NC(=O)N2Cc3ccccc3C2)cc1,CHEMBL1744525,1.0,1.0,0.778,4583,False
O=C(NCc1ccccc1F)c1ccc(NC(=O)N2Cc3ccccc3C2)cc1,CHEMBL1744525,1.0,1.0,0.796,4583,False
O=C(NCc1ccccc1OC(F)(F)F)c1ccc(CN2CCN(C3CCCC3)C(=O)C2)s1,CHEMBL2409,1.0,1.0,0.729,2764,False
O=C(NCc1cccnc1)NCC12CC3CC(CC(C3)C1)C2,CHEMBL4805,1.0,1.0,0.714,4787,False
O=C(NCc1cccnc1)Nc1ccc(S(=O)(=O)c2ccc(N3CCOCC3)nc2)cc1,CHEMBL1744525,1.0,1.0,0.814,4583,False
O=C(NCc1cccs1)[C@@H]1CN(C(=O)Oc2ccccc2Cl)CCN1C(=O)[C@@H](CCCCN1CCCS1(=O)=O)NC1CCCCC1,CHEMBL2821,1.0,1.0,0.812,678,False
O=C(NCc1cccs1)c1cccc(Cc2n[nH]c(=O)c3c2CCCC3)c1,CHEMBL3105,1.0,1.0,0.754,4466,False
O=C(NCc1ccncc1)Nc1ccc(S(=O)(=O)N2CCOCC2)cc1,CHEMBL1744525,1.0,1.0,0.812,4583,False
O=C(NCc1cn2cc(CNC(=O)C3CCCCC3)ccc2n1)c1cc(=O)n2ccccc2n1,CHEMBL4739695,1.0,1.0,0.815,766,False
O=C(NCc1cn2cc(CNC3CNC3)ccc2n1)c1cc(=O)n2ccccc2n1,CHEMBL4739695,1.0,1.0,0.869,766,False
O=C(NCc1ncccc1F)c1csc(CCNc2nc3ccccc3[nH]2)n1,CHEMBL3392948,1.0,1.0,0.902,474,False
O=C(NN1C(=O)/C(=C/C=C/c2ccco2)SC1=S)c1ccccc1O,CHEMBL4361,1.0,1.0,0.7,3411,False
O=C(NN1C(=O)/C(=C/C=C/c2ccco2)SC1=S)c1ccccc1O,CHEMBL3402,17.0,6.0,0.557,415,False
O=C(NN1C(=O)/C(=C/C=C/c2ccco2)SC1=S)c1ccccc1O,CHEMBL5979,6.0,5.0,0.557,888,False
O=C(NN1C(=O)/C(=C/C=C/c2ccco2)SC1=S)c1ccccc1O,CHEMBL5573,28.0,7.0,0.557,327,False
O=C(NNC(=O)c1oc2ccccc2c1CN1CCN(c2ccccc2)CC1)Nc1ccc(Cl)c(C(F)(F)F)c1,CHEMBL301,1.0,1.0,0.628,2596,False
O=C(NNC(=O)c1oc2ccccc2c1CN1CCN(c2ccccc2)CC1)Nc1ccccc1,CHEMBL301,1.0,1.0,0.738,2596,False
O=C(NNc1ccc(Cl)cc1)c1sccc1Cl,CHEMBL227,3.0,3.0,0.465,1165,False
O=C(NO)c1ccc(CCCN2CCC(CNC3CC3c3ccc(-c4ccc(Cl)cc4)cc3)CC2)cc1,CHEMBL6136,2.0,2.0,1.0,3886,True
O=C(NO)c1ccc(CCCN2CCC(CNC3CC3c3ccc(-c4ccc(Cl)cc4)cc3)CC2)cc1,CHEMBL1865,1.0,1.0,1.0,6508,True
O=C(NO)c1ccc(CCCN2CCC(CNC3CC3c3ccc(-c4ccc(F)cc4)cc3)CC2)cc1,CHEMBL6136,1.0,1.0,1.0,3886,True
O=C(NO)c1ccc(CCCN2CCC(CNC3CC3c3ccc(-c4ccc(F)cc4)cc3)CC2)cc1,CHEMBL1865,2.0,2.0,1.0,6508,True
O=C(NO)c1ccc(CN2C(=O)c3cccnc3C2=O)cc1-c1ccccc1,CHEMBL2716,6.0,6.0,0.776,398,False
O=C(NO)c1ccc(NC(=O)c2ccc(C3CC3)cc2)cc1,CHEMBL1829,3.0,3.0,0.853,2582,False
O=C(NO)c1ccc(NC(=O)c2ccc(C3CC3)cc2)cc1,CHEMBL1865,2.0,2.0,0.853,6508,False
O=C(NO)c1ccc(NC(=O)c2ccc(C3CC3)cc2)cc1,CHEMBL3192,1.0,1.0,0.853,3069,False
O=C(NO)c1ccc(NC(=O)c2ccc(C3CC3)cc2)cc1,CHEMBL3310,4.0,4.0,0.853,521,False
O=C(NO)c1ccc2oc(N(Cc3ccccc3)c3ccccc3)nc2c1,CHEMBL1865,1.0,1.0,0.76,6508,False
O=C(NO)c1cnc(NC2(Cc3ccccc3)CC2)nc1,CHEMBL1937,3.0,3.0,0.622,2834,False
O=C(NO)c1cnc(NC2(Cc3ccccc3)CC2)nc1,CHEMBL325,1.0,1.0,0.622,8231,False
O=C(NO)c1cnc(NC2(Cc3ccccc3)CC2)nc1,CHEMBL1829,4.0,4.0,0.622,2582,False
O=C(NO)c1cnc(NC2(Cc3ccccc3)CC2)nc1,CHEMBL1865,2.0,2.0,0.622,6508,False
O=C(NS(=O)(=O)C1CC1)c1cc(Cl)c(COC2CCCCC2)cc1F,CHEMBL4296,1.0,1.0,0.788,7797,False
O=C(NS(=O)(=O)c1ccc(F)cc1)c1ccc(CN2CCC(N[C@@H]3C[C@H]3c3ccccc3)CC2)cc1,CHEMBL6136,1.0,1.0,0.73,3886,False
O=C(NS(=O)(=O)c1ccc(NCC2CCOCC2)c([N+](=O)[O-])c1)c1ccc(-c2ccc(N3CCC[C@@H]3c3ccccc3-c3ccncc3)cc2)cc1Oc1cnc2[nH]ccc2c1,CHEMBL4860,1.0,1.0,0.933,3171,False
O=C(NS(=O)(=O)c1ccc(NCC2CCOCC2)c([N+](=O)[O-])c1)c1ccc(-c2ccc(N3CCC[C@@H]3c3ccccc3-c3ccncc3)cc2)cc1Oc1cnc2[nH]ccc2c1,CHEMBL4625,2.0,2.0,0.869,1611,False
O=C(NS(=O)(=O)c1ccc(NCC2CCOCC2)c([N+](=O)[O-])c1)c1ccc(N2CC3(CCC(N4CCC[C@@H]4c4ccccc4C4CC4)CC3)C2)cc1Oc1cnc2[nH]ccc2c1,CHEMBL4860,1.0,1.0,1.0,3171,True
O=C(NS(=O)(=O)c1ccc(NC[C@@H]2COCCO2)c([N+](=O)[O-])c1)c1ccc(C2=CCC(N3CCC[C@@H]3c3ccccc3C3CC3)CC2)cc1Oc1cnc2[nH]ccc2c1,CHEMBL4860,2.0,2.0,1.0,3171,True
O=C(NS(=O)(=O)c1ccc(NC[C@@H]2COCCO2)c([N+](=O)[O-])c1)c1ccc(C2=CCC(N3CCC[C@@H]3c3ccccc3C3CC3)CC2)cc1Oc1cnc2[nH]ccc2c1,CHEMBL4625,1.0,1.0,1.0,1611,True
O=C(NS(=O)(=O)c1ccccc1)c1ccc(CN2CCC(N[C@@H]3C[C@H]3c3ccccc3)CC2)cc1,CHEMBL6136,1.0,1.0,0.793,3886,False
O=C(N[C@@H](CCCCNC(=O)c1ccc(I)cc1)C(=O)O)N[C@H](C(=O)O)c1ccc(O)cc1,CHEMBL1892,1.0,1.0,0.698,545,False
O=C(N[C@@H](CO)CN1CCc2cc(F)ccc21)O[C@@H](CC1CCCCC1)C(=O)N1CCOCC1,CHEMBL2954,3.0,3.0,0.779,2538,False
O=C(N[C@@H](CO)c1ccccc1)c1ccc(NC(=O)N2Cc3ccccc3C2)cc1,CHEMBL1744525,1.0,1.0,0.808,4583,False
O=C(N[C@@H]1CC(=O)N(c2ccc(CN3CCOCC3)cc2)C1)c1nnc(CCc2ccc(Cl)cc2)s1,CHEMBL3691,1.0,1.0,1.0,2147,True
O=C(N[C@@H]1CC[C@@H](CN2CCCC2)OC1)[C@H]1[C@H](C(=O)Nc2ccc(Br)cc2)[C@@H]2C=C[C@H]1C21CC1,CHEMBL4227,1.0,1.0,0.77,2172,False
O=C(N[C@@H]1CC[C@@H](CN2CCCC2)OC1)[C@H]1[C@H](C(=O)Nc2ccc(Br)cc2)[C@@H]2C=C[C@H]1C21CC1,CHEMBL5646,2.0,2.0,0.77,419,False
O=C(N[C@@H]1CNC[C@@H]1F)c1cc(NC(=O)c2cc(-c3ncccc3F)c(F)cc2Cl)n(-c2ccccc2)n1,CHEMBL2815,1.0,1.0,1.0,4872,True
O=C(N[C@@H]1CNC[C@H]1O)c1cc(NC(=O)c2cc(-c3ncccc3F)ccc2Cl)n(-c2ccccc2)n1,CHEMBL2815,1.0,1.0,1.0,4872,True
O=C(N[C@@H]1CN[C@H](CO)C1)c1cc(NC(=O)c2cc(-c3ncccc3F)ccc2Cl)n(-c2ccccc2)n1,CHEMBL2815,1.0,1.0,0.805,4872,False
O=C(N[C@H](C(=O)N1C[C@@H](Cl)[C@H]2OCC(=O)[C@H]21)C1CCCCC1)c1cccc(-n2ccnc2)c1,CHEMBL3272,4.0,4.0,0.747,150,False
O=C(N[C@H](C(=O)N1C[C@@H](Cl)[C@H]2OCC(=O)[C@H]21)C1CCCCC1)c1cccc(-n2ccnc2)c1,CHEMBL2954,2.0,2.0,0.747,2538,False
O=C(N[C@H](C(=O)N1C[C@@H](Cl)[C@H]2OCC(=O)[C@H]21)C1CCCCC1)c1cccc(-n2ccnc2)c1,CHEMBL3837,5.0,5.0,0.696,2086,False
O=C(N[C@H](C(=O)N1C[C@@H](Cl)[C@H]2OCC(=O)[C@H]21)C1CCCCC1)c1cccc(-n2ccnc2)c1,CHEMBL268,1.0,1.0,0.747,2225,False
O=C(N[C@H](C(=O)N1C[C@@H](Cl)[C@H]2OCC(=O)[C@H]21)C1CCCCC1)c1cccc(-n2ccnc2)c1,CHEMBL4072,3.0,3.0,0.747,1368,False
O=C(N[C@H](C(=O)N1C[C@H](Cl)[C@H]2OCC(=O)[C@H]21)C1CCCCC1)c1cccc(-n2ccnc2)c1,CHEMBL3837,5.0,5.0,0.696,2086,False
O=C(N[C@H](C(=O)N1C[C@H](Cl)[C@H]2OCC(=O)[C@H]21)C1CCCCC1)c1cccc(-n2ccnc2)c1,CHEMBL2954,2.0,2.0,0.747,2538,False
O=C(N[C@H](C(=O)N1C[C@H](Cl)[C@H]2OCC(=O)[C@H]21)C1CCCCC1)c1cccc(-n2ccnc2)c1,CHEMBL3272,4.0,4.0,0.747,150,False
O=C(N[C@H](C(=O)N1C[C@H](Cl)[C@H]2OCC(=O)[C@H]21)C1CCCCC1)c1cccc(-n2ccnc2)c1,CHEMBL268,1.0,1.0,0.747,2225,False
O=C(N[C@H](C(=O)N1C[C@H](Cl)[C@H]2OCC(=O)[C@H]21)C1CCCCC1)c1cccc(-n2ccnc2)c1,CHEMBL4072,3.0,3.0,0.747,1368,False
O=C(N[C@H](CCN1CCCC1)c1cccc(F)c1)c1ccc(-c2ccnc(F)c2)cc1,CHEMBL3231,2.0,2.0,0.761,2738,False
O=C(N[C@H](CCN1CCCC1)c1cccc(F)c1)c1ccc(-c2ccnc(F)c2)cc1,CHEMBL2973,1.0,1.0,0.761,5292,False
O=C(N[C@H](CCN1CCCC1)c1ccccc1)c1ccc(-c2ccncc2)cc1,CHEMBL3231,6.0,6.0,0.694,2738,False
O=C(N[C@H](CCN1CCCC1)c1ccccc1)c1ccc(-c2ccncc2)cc1,CHEMBL2973,14.0,14.0,0.653,5292,False
O=C(N[C@H](CCO)c1ccccc1)c1ccc(NC(=O)N2Cc3ccccc3C2)cc1,CHEMBL1744525,1.0,1.0,0.684,4583,False
O=C(N[C@H](CO)c1ccc(F)cc1)c1ccc(NC(=O)N2Cc3ccccc3C2)cc1,CHEMBL1744525,1.0,1.0,0.786,4583,False
O=C(N[C@H](CO)c1ccccc1)c1ccc(NC(=O)N2Cc3ccc(F)cc3C2)cc1,CHEMBL1744525,1.0,1.0,0.754,4583,False
O=C(N[C@H](CO)c1ccccc1)c1ccc(NC(=O)N2Cc3ccccc3C2)cc1,CHEMBL1744525,1.0,1.0,0.808,4583,False
O=C(N[C@H]1C(O)O[C@H](CO)[C@@H](O)[C@@H]1O)c1cc([N+](=O)[O-])cc([N+](=O)[O-])c1,CHEMBL2688,6.0,1.0,0.569,89,False
O=C(N[C@H]1C(O)O[C@H](CO)[C@@H](O)[C@@H]1O)c1cc([N+](=O)[O-])cc([N+](=O)[O-])c1,CHEMBL2640,7.0,2.0,0.569,31,False
O=C(N[C@H]1CCN(Cc2ccc(OCCN3CCCC3)c(Br)c2)C1)c1ccc(Cl)c(Cl)c1,CHEMBL3764,1.0,1.0,0.864,627,False
O=C(N[C@H]1CCNC1)c1cc(NC(=O)c2cc(-c3ccc(F)cn3)c(Cl)cc2Cl)n(-c2ccccc2)n1,CHEMBL2815,1.0,1.0,1.0,4872,True
O=C(N[C@H]1CCNC1)c1cc(NC(=O)c2cc(-c3ccccn3)c(Cl)cc2Cl)n(-c2ccccc2)n1,CHEMBL2815,1.0,1.0,1.0,4872,True
O=C(N[C@H]1CCNC1)c1cc(NC(=O)c2cc(-c3ncccc3F)c(F)cc2Cl)n(-c2ccccc2)n1,CHEMBL2815,1.0,1.0,1.0,4872,True
O=C(N[C@H]1CCNC1)c1cc(NC(=O)c2cc(-c3ncccc3F)ccc2Cl)n(-c2ccccc2)n1,CHEMBL2815,1.0,1.0,1.0,4872,True
O=C(N[C@H]1CCNC1=O)c1cnc2cc(C3CC3)ncc2c1,CHEMBL5879,1.0,1.0,0.691,383,False
O=C(N[C@H]1CCOC1=O)c1cccc2c1CCN2c1cc(Cc2cc(F)c(F)c(F)c2)ccn1,CHEMBL3297639,1.0,1.0,1.0,366,True
O=C(N[C@H]1CC[C@@H](c2ccccc2)CC1)c1[nH]c(=O)n(Cc2ccccc2)c(=O)c1O,CHEMBL5080,1.0,1.0,0.792,1191,False
O=C(N[C@H]1CC[C@H](CN2CC(F)C2)CC1)c1n[nH]c2ccc(-c3cnn4c3CCCC4)cc12,CHEMBL2292,2.0,2.0,0.68,3800,False
O=C(N[C@H]1CC[C@H](CN2CC(F)C2)CC1)c1n[nH]c2ccc(-c3cnn4c3CCCC4)cc12,CHEMBL262,1.0,1.0,0.68,5430,False
O=C(Nc1cc(-c2ccncc2)c[nH]c1=O)[C@H](Cc1ccccc1)NCCc1ccccn1,CHEMBL2069161,1.0,1.0,0.836,189,False
O=C(Nc1cc(C(F)(F)F)ccc1N1CCN(Cc2cncs2)CC1)c1ccc(-c2ccncc2)o1,CHEMBL4375,1.0,1.0,0.818,375,False
O=C(Nc1cc2cc[nH]c(=O)c2cc1Cl)C1CNCC1c1ccncc1,CHEMBL2973,1.0,1.0,0.821,5292,False
O=C(Nc1ccc(-c2ccn3c(CC4CC4)nnc3c2C(F)(F)F)cc1)c1ccc(S(=O)(=O)F)cc1,CHEMBL5137,1.0,1.0,0.824,1873,False
O=C(Nc1ccc(-c2n[nH]c(=O)c3ccccc23)cc1)C1CC(=O)N(c2cccc(Cl)c2F)C1,CHEMBL3231,2.0,2.0,0.636,2738,False
O=C(Nc1ccc(-c2n[nH]c(=O)c3ccccc23)cc1)C1CC(=O)N(c2cccc(Cl)c2F)C1,CHEMBL2973,1.0,1.0,0.636,5292,False
O=C(Nc1ccc(-c2n[nH]c(=O)c3ccccc23)cc1)C1CC(=O)N(c2ccccc2)C1,CHEMBL3231,2.0,2.0,0.724,2738,False
O=C(Nc1ccc(-c2n[nH]c(=O)c3ccccc23)cc1)C1CC(=O)N(c2ccccc2)C1,CHEMBL2973,1.0,1.0,0.724,5292,False
O=C(Nc1ccc(-n2nc(C3CC3)cc2C2CC2)c(F)c1)c1ccncc1,CHEMBL3638353,1.0,1.0,0.768,56,False
O=C(Nc1ccc(-n2nc(C3CC3)cc2C2CC2)cc1)c1c(Cl)cncc1Cl,CHEMBL3638353,1.0,1.0,0.745,56,False
O=C(Nc1ccc(-n2nc(C3CC3)cc2C2CC2)cc1)c1ccncc1,CHEMBL3638353,1.0,1.0,0.731,56,False
O=C(Nc1ccc(-n2nc(C3CC3)cc2C2CC2)cc1)c1ccncc1F,CHEMBL3638353,1.0,1.0,0.772,56,False
O=C(Nc1ccc(C(=O)N(CCO)Cc2ccccc2)cc1)N1Cc2ccccc2C1,CHEMBL1744525,1.0,1.0,0.69,4583,False
O=C(Nc1ccc(C(=O)N2CCC3(CCCNC3)C2)cc1)N1Cc2ccccc2C1,CHEMBL1744525,1.0,1.0,0.923,4583,False
O=C(Nc1ccc(C(=O)N2CCCC3(CCCCN3)C2)cc1)N1Cc2ccc(F)cc2C1,CHEMBL1744525,1.0,1.0,0.93,4583,False
O=C(Nc1ccc(C(=O)N2CCCC3(CCCCN3)C2)cc1)N1Cc2ccccc2C1,CHEMBL1744525,1.0,1.0,0.922,4583,False
O=C(Nc1ccc(C(=O)N2CCN(C3CCCCC3)CC2)cc1)N1Cc2cccnc2C1,CHEMBL1744525,1.0,1.0,0.778,4583,False
O=C(Nc1ccc(C(=O)N2CCN(CC3CCCCC3)CC2)cc1)N1Cc2ccccc2C1,CHEMBL1744525,1.0,1.0,0.75,4583,False
O=C(Nc1ccc(C(F)(F)F)cn1)N1CCN(c2ccccc2C(F)(F)F)CC1,CHEMBL4794,1.0,1.0,0.769,3651,False
O=C(Nc1ccc(Cl)cc1)c1cc(Cl)ccc1NC(=O)c1scc(Cn2ccnn2)c1Cl,CHEMBL244,1.0,1.0,0.774,5906,False
O=C(Nc1ccc(Cl)cc1)c1cc(Cl)ccc1NC(=O)c1scc(Cn2ccnn2)c1Cl,CHEMBL204,2.0,2.0,0.774,5517,False
O=C(Nc1ccc(F)cc1)Nc1cc2c(cc1N1CCOCC1)/C(=C/c1ccc[nH]1)C(=O)N2,CHEMBL2185,1.0,1.0,0.722,2659,False
O=C(Nc1ccc(N2CCN(C(=O)[C@H]3CC[C@H](C(=O)O)CC3)CC2)nc1)c1nc(-c2ccccc2)oc1C(F)(F)F,CHEMBL6009,1.0,1.0,0.952,1340,False
O=C(Nc1ccc(N2CCNCC2)cc1)c1n[nH]cc1Nc1cc(OCC2CCCC2)ncn1,CHEMBL1974,2.0,2.0,0.797,4344,False
O=C(Nc1ccc(Nc2ncnc3sccc23)cc1)Nc1cccc(Br)c1,CHEMBL1906,16.0,20.0,0.484,2781,False
O=C(Nc1ccc(Nc2ncnc3sccc23)cc1)Nc1cccc(Br)c1,CHEMBL279,5.0,5.0,0.696,10551,False
O=C(Nc1ccc(Nc2ncnc3sccc23)cc1)Nc1cccc(Br)c1,CHEMBL1955,4.0,4.0,0.696,811,False
O=C(Nc1ccc(Nc2ncnc3sccc23)cc1)Nc1cccc(Br)c1,CHEMBL1913,3.0,3.0,0.696,1991,False
O=C(Nc1ccc(Nc2ncnc3sccc23)cc1)Nc1cccc(Br)c1,CHEMBL1936,6.0,6.0,0.696,3154,False
O=C(Nc1ccc(Oc2ccnc3ccccc23)cc1)Nc1ccc(Cl)c(C(F)(F)F)c1,CHEMBL279,3.0,3.0,0.639,10551,False
O=C(Nc1ccc(Oc2ccnc3ccccc23)cc1)Nc1cccc(C(F)(F)F)c1,CHEMBL5260,4.0,4.0,0.724,240,False
O=C(Nc1ccc(Oc2ccnc3ccccc23)cc1)Nc1cccc(C(F)(F)F)c1,CHEMBL279,1.0,1.0,0.724,10551,False
O=C(Nc1ccc(Oc2ccnc3ccccc23)cc1)Nc1cccc(C(F)(F)F)c1,CHEMBL260,2.0,2.0,0.724,5079,False
O=C(Nc1ccc(Oc2ccnc3ccccc23)cc1)Nc1cccc(C(F)(F)F)c1,CHEMBL5145,3.0,3.0,0.724,5743,False
O=C(Nc1ccc([C@@H]2C[C@H]2NCC2CC2)cc1)c1ccccc1,CHEMBL6136,1.0,1.0,0.905,3886,False
O=C(Nc1ccc2[nH]cc(C3CCN(CCCCCCCCCCN4CCC(c5c[nH]c6ccc(NC(=O)c7ccc(F)cc7)cc56)CC4)CC3)c2c1)c1ccc(F)cc1,CHEMBL1983,1.0,1.0,1.0,1314,True
O=C(Nc1ccc2[nH]cc(C3CCN(CCCCCCCCCCN4CCC(c5c[nH]c6ccc(NC(=O)c7ccc(F)cc7)cc56)CC4)CC3)c2c1)c1ccc(F)cc1,CHEMBL1898,3.0,3.0,1.0,1151,True
O=C(Nc1ccc2[nH]cc(C3CCN(CCc4ccccc4)CC3)c2n1)c1ccc(F)cc1,CHEMBL1805,7.0,1.0,0.794,126,False
O=C(Nc1ccc2c(c1)nnn2-c1ccccc1)c1c(O)nn2ccccc12,CHEMBL1966,1.0,1.0,0.655,1916,False
O=C(Nc1ccc2scnc2c1)C1CCN(S(=O)(=O)c2ccc(Cl)s2)CC1,CHEMBL2035,1.0,1.0,0.703,1102,False
O=C(Nc1cccc(-c2ccnc3c(-c4ccoc4)cnn23)c1)c1cccc(C(F)(F)F)c1,CHEMBL5145,1.0,1.0,0.812,5743,False
O=C(Nc1cccc(-c2nc3c(N4CC5CCN(Cc6ccccc6)C5C4)ncnc3o2)c1)C1CC1,CHEMBL3589,1.0,1.0,0.843,456,False
O=C(Nc1cccc(C(F)(F)F)c1)Nc1cc(S(=O)(=O)N2CCOCC2)ccc1-c1ccsc1,CHEMBL3991501,1.0,1.0,0.859,446,False
O=C(Nc1cccc(C(F)=C2CCN(C(F)F)CC2)n1)c1c(F)cc(F)cc1F,CHEMBL1805,1.0,1.0,0.732,126,False
O=C(Nc1cccc(CN2CCC(C(=O)NC3CCCc4ccccc43)CC2)c1)c1ccc(Cl)cc1,CHEMBL2010631,1.0,1.0,0.905,1433,False
O=C(Nc1cccc(Cc2n[nH]c(=O)c3c2CCCC3)c1)c1cscn1,CHEMBL3105,1.0,1.0,0.726,4466,False
O=C(Nc1cccc(Cn2ncc(N3CCNCC3)c(Cl)c2=O)c1)c1ccc(-c2ccccc2)cc1,CHEMBL1898,29.0,38.0,0.381,1151,False
O=C(Nc1cccc(Cn2ncc(N3CCNCC3)c(Cl)c2=O)c1)c1ccc(-c2ccccc2)cc1,CHEMBL1983,26.0,35.0,0.381,1314,False
O=C(Nc1cccc(Cn2ncc(N3CCNCC3)c(Cl)c2=O)c1)c1ccc(-c2ccccc2)cc1,CHEMBL224,1.0,2.0,0.566,6081,False
O=C(Nc1cccc(Cn2ncc(N3CCNCC3)c(Cl)c2=O)c1)c1ccc(-c2ccccc2)cc1,CHEMBL1833,3.0,4.0,0.566,2154,False
O=C(Nc1cccc(Cn2ncc(N3CCNCC3)c(Cl)c2=O)c1)c1ccc(-c2ccccc2)cc1,CHEMBL225,2.0,3.0,0.566,3966,False
O=C(Nc1cccc(Cn2ncc(N3CCNCC3)c(Cl)c2=O)c1)c1ccc(-c2ccccc2)cc1,CHEMBL3371,59.0,76.0,0.356,4324,False
O=C(Nc1cccc(Cn2ncc(N3CCNCC3)c(Cl)c2=O)c1)c1ccc(-c2ccccc2)cc1,CHEMBL232,217.0,380.0,0.309,1455,False
O=C(Nc1cccc(Cn2ncc(N3CCNCC3)c(Cl)c2=O)c1)c1ccc(-c2ccccc2)cc1,CHEMBL210,229.0,398.0,0.306,2135,False
O=C(Nc1cccc(Cn2ncc(N3CCNCC3)c(Cl)c2=O)c1)c1ccc(-c2ccccc2)cc1,CHEMBL217,27.0,36.0,0.381,9217,False
O=C(Nc1cccc(Cn2ncc(N3CCNCC3)c(Cl)c2=O)c1)c1ccc(-c2ccccc2)cc1,CHEMBL234,25.0,34.0,0.381,6166,False
O=C(Nc1cccc(Cn2ncc(N3CCNCC3)c(Cl)c2=O)c1)c1ccc(-c2ccccc2)cc1,CHEMBL5850,5.0,1.0,0.58,148,False
O=C(Nc1cccc(OC(F)(F)F)c1)[C@@H]1CCCN1S(=O)(=O)c1ccc(Br)s1,CHEMBL5113,1.0,1.0,0.698,7217,False
O=C(Nc1cccc(OC(F)(F)F)c1)[C@@H]1CCCN1S(=O)(=O)c1ccc(Br)s1,CHEMBL4792,2.0,2.0,0.545,7613,False
O=C(Nc1cccc2cccnc12)c1ccc(C2C(=O)[C@@H]3[C@H](C2=O)[C@@H]2C=C[C@H]3C2)cc1,CHEMBL6164,2.0,2.0,0.702,1063,False
O=C(Nc1cccc2cccnc12)c1ccc(C2C(=O)[C@@H]3[C@H](C2=O)[C@@H]2C=C[C@H]3C2)cc1,CHEMBL6154,1.0,1.0,0.702,887,False
O=C(Nc1ccccc1)N1CCC(c2ccccc2)(c2nccn2Cc2ccccn2)CC1,CHEMBL236,2.0,2.0,0.8,4835,False
O=C(Nc1ccccc1)N1CCC(c2ccccc2)(c2nccn2Cc2ccccn2)CC1,CHEMBL233,3.0,3.0,0.733,7306,False
O=C(Nc1ccccc1)N1CCC(c2ccccc2)(c2nccn2Cc2ccccn2)CC1,CHEMBL237,1.0,1.0,0.8,6265,False
O=C(Nc1ccccc1)[C@@H]1CCCN1S(=O)(=O)c1ccc(Br)s1,CHEMBL4792,6.0,6.0,0.5,7613,False
O=C(Nc1ccccc1)[C@@H]1CCCN1S(=O)(=O)c1ccc(Br)s1,CHEMBL5113,1.0,1.0,0.745,7217,False
O=C(Nc1ccccc1Br)c1ccc2cnc(N3C[C@H]4CC[C@@H]3CN4)nn12,CHEMBL3778,1.0,1.0,1.0,7453,True
O=C(Nc1ccccc1C(F)(F)F)c1ccc2cnc(N3C[C@H]4CC[C@@H]3CN4)nn12,CHEMBL3778,1.0,1.0,1.0,7453,True
O=C(Nc1ccccc1C(F)F)c1ccc2cnc(N3C[C@H]4CC[C@@H]3CN4)nn12,CHEMBL3778,1.0,1.0,1.0,7453,True
O=C(Nc1ccccc1C1=CCNCC1)c1csc(-c2ccc3c(c2)CCO3)n1,CHEMBL4630,1.0,1.0,0.676,2809,False
O=C(Nc1ccccc1Cl)c1ccc2cnc(N3C[C@H]4CC[C@@H]3CN4)nn12,CHEMBL3778,1.0,1.0,1.0,7453,True
O=C(Nc1ccccc1N1CCNCC1)c1csc(N2CCc3sccc3C2)n1,CHEMBL4630,1.0,1.0,0.814,2809,False
O=C(Nc1ccccn1)N1CCN(c2ccccc2C(F)(F)F)CC1,CHEMBL4794,1.0,1.0,0.694,3651,False
O=C(Nc1cccnc1)N1CCN(Cc2ccc(Br)c(Br)c2)CC1,CHEMBL2243,1.0,1.0,0.76,1975,False
O=C(Nc1ccnc2[nH]c(-c3cccs3)cc12)C1CCCNC1,CHEMBL4896,1.0,1.0,0.631,276,False
O=C(Nc1cn2nc(-c3c(-c4ccc(F)cc4)nc4ccccn34)ccc2n1)c1csc(-c2cccnc2)n1,CHEMBL4937,1.0,1.0,0.863,1147,False
O=C(Nc1cn2nc(-c3c(-c4ccc(F)cc4)nc4ccccn34)ccc2n1)c1csc(-c2cccnc2)n1,CHEMBL2828,2.0,2.0,0.863,1464,False
O=C(Nc1cnc(-n2nccn2)c(Cl)c1)C1CCN(c2ncccc2Cl)CC1,CHEMBL3632452,1.0,1.0,0.732,1085,False
O=C(Nc1cnc(-n2nccn2)c(Cl)c1)c1cnn(-c2ccc(F)c3cccnc23)c1C(F)(F)F,CHEMBL3632452,1.0,1.0,0.891,1085,False
O=C(Nc1cnc2ccccn12)N1CCN(Cc2cccc(Oc3ccc(Cl)cc3)c2)CC1,CHEMBL2243,1.0,1.0,0.836,1975,False
O=C(Nc1cnc2cccnc2c1)c1cc2[nH]ccc2cc1Cl,CHEMBL5002,1.0,1.0,0.769,181,False
O=C(Nc1cnccc1N1CCC(F)(F)CC1)c1c[nH]c2ncc(-c3ccccc3)cc12,CHEMBL262,1.0,1.0,0.82,5430,False
O=C(Nc1cnccc1N1CCNCC1)c1csc(-n2ncc3ccccc32)n1,CHEMBL4630,1.0,1.0,0.833,2809,False
O=C(Nc1nc(-c2ccc(F)cc2F)cs1)[C@H]1[C@H](C(=O)O)[C@H]2C=C[C@@H]1C2,CHEMBL4879410,1.0,1.0,1.0,42,True
O=C(Nc1nc(C(F)(F)F)cs1)Nc1cc(S(=O)(=O)NCC(F)(F)F)ccc1-c1ccccc1,CHEMBL3991501,1.0,1.0,0.692,446,False
O=C(Nc1nc2c(s1)CCC2)c1cc2ccccc2s1,CHEMBL3712907,3.0,3.0,0.617,148,False
O=C(Nc1nc2c(s1)CCC2)c1cc2ccccc2s1,CHEMBL226,2.0,2.0,0.617,5123,False
O=C(Nc1nc2ccc(-c3c(C4CC4)c(F)cc4[nH]ncc34)nc2s1)[C@@H]1C[C@@H]1F,CHEMBL5749,1.0,1.0,0.754,3184,False
O=C(Nc1nc2ccc(F)cc2s1)[C@H](Cc1c[nH]cn1)NC(=O)[C@H]1O[C@@H]1C(=O)O,CHEMBL3891,1.0,1.0,1.0,659,True
O=C(Nc1nc2cccc(-c3ccc(C(=O)N4CCC(n5nnc6ccccc65)CC4)cc3)n2n1)C1CC1,CHEMBL2835,3.0,3.0,0.676,10399,False
O=C(Nc1ncc(Cl)s1)C1CCC(=Cc2cccc(Oc3ccc(C(F)(F)F)cn3)c2)CC1,CHEMBL2243,1.0,1.0,0.722,1975,False
O=C(Nc1ncc(Cl)s1)Nc1cc(S(=O)(=O)NCC(F)(F)F)ccc1-c1ccccc1,CHEMBL3991501,1.0,1.0,0.705,446,False
O=C(Nc1nccs1)Nc1cc(S(=O)(=O)NCC(F)(F)F)ccc1-c1ccccc1,CHEMBL3991501,1.0,1.0,0.71,446,False
O=C(O)/C=C/c1c(-c2ccc([S+]([O-])c3ccccc3)cc2)c(-c2ccccc2)c2n1CCC2,CHEMBL215,1.0,1.0,0.787,2375,False
O=C(O)C(Sc1nc(Cl)cc(Nc2ccc3c(c2)CCC3)n1)c1cccc2ccccc12,CHEMBL235,2.0,3.0,0.767,4321,False
O=C(O)C(Sc1nc(Cl)cc(Nc2ccc3c(c2)CCC3)n1)c1cccc2ccccc12,CHEMBL215,3.0,2.0,0.781,2375,False
O=C(O)C1=C(Cl)CS[C@@H]2[C@H](NC(=O)c3ccc(COc4ccc(Br)cc4Cl)o3)C(=O)N12,CHEMBL4523140,2.0,1.0,0.706,24,False
O=C(O)C1=CCS[C@@H]2[C@H](NC(=O)c3ccc(COc4ccc(Br)cc4Cl)o3)C(=O)N12,CHEMBL4523140,2.0,1.0,0.628,24,False
O=C(O)C1CCN(C(=O)/C=C/c2ccc(Sc3ccc4c(c3)OCCO4)c3ccccc23)CC1,CHEMBL1803,1.0,1.0,0.762,87,False
O=C(O)C1CCc2ccc(-c3cccc(Cl)c3OCc3ccccc3)cc21,CHEMBL2083,1.0,1.0,0.737,623,False
O=C(O)C1CN(Cc2cc(Cl)c(OCc3cc(-c4ccccc4)c(C(F)(F)F)s3)c(Cl)c2)C1,CHEMBL4333,1.0,1.0,0.703,3408,False
O=C(O)C1CN(Cc2cc(Cl)c(OCc3cc(-c4ccccc4)c(C(F)(F)F)s3)c(Cl)c2)C1,CHEMBL3230,4.0,4.0,0.703,578,False
O=C(O)C1CN(Cc2cc(Cl)c(OCc3cc(-c4ccccc4)c(C(F)(F)F)s3)c(Cl)c2)C1,CHEMBL2274,2.0,2.0,0.703,522,False
O=C(O)C1CN(Cc2ccc(-c3noc(-c4ccc(C5CCC5)cc4)n3)cc2)C1,CHEMBL4333,2.0,2.0,0.959,3408,False
O=C(O)C1CN(Cc2ccc(-c3noc(-c4ccc(C5CCC5)cc4)n3)cc2)C1,CHEMBL3230,4.0,4.0,0.959,578,False
O=C(O)C1CN(Cc2ccc(-c3noc(-c4ccc(C5CCC5)cc4)n3)cc2)C1,CHEMBL2274,1.0,1.0,0.959,522,False
O=C(O)C1CN(Cc2ccc(OCc3cc(-c4ccccc4)c(C(F)(F)F)s3)c(Br)c2)C1,CHEMBL4333,2.0,2.0,0.682,3408,False
O=C(O)C1CN(Cc2ccc(OCc3cc(-c4ccccc4)c(C(F)(F)F)s3)c(Br)c2)C1,CHEMBL3230,4.0,4.0,0.682,578,False
O=C(O)C1CN(Cc2ccc(OCc3cc(-c4ccccc4)c(C(F)(F)F)s3)c(Br)c2)C1,CHEMBL2274,1.0,1.0,0.682,522,False
O=C(O)C1CN(Cc2ccc(OCc3cc(-c4ccccc4)c(C(F)(F)F)s3)c(C(F)(F)F)c2)C1,CHEMBL4333,1.0,1.0,0.682,3408,False
O=C(O)C1CN(Cc2ccc(OCc3cc(-c4ccccc4)c(C(F)(F)F)s3)c(C(F)(F)F)c2)C1,CHEMBL3230,4.0,4.0,0.682,578,False
O=C(O)C1CN(Cc2ccc(OCc3cc(-c4ccccc4)c(C(F)(F)F)s3)c(C(F)(F)F)c2)C1,CHEMBL2274,2.0,2.0,0.682,522,False
O=C(O)C1CN(Cc2ccc(OCc3cc(-c4ccccc4)c(C(F)(F)F)s3)c(Cl)c2)C1,CHEMBL4333,1.0,1.0,0.697,3408,False
O=C(O)C1CN(Cc2ccc(OCc3cc(-c4ccccc4)c(C(F)(F)F)s3)c(Cl)c2)C1,CHEMBL3892,3.0,3.0,0.697,1557,False
O=C(O)C1CN(Cc2ccc(OCc3cc(-c4ccccc4)c(C(F)(F)F)s3)c(Cl)c2)C1,CHEMBL3230,4.0,4.0,0.697,578,False
O=C(O)C1CN(Cc2ccc(OCc3cc(-c4ccccc4)c(C(F)(F)F)s3)c(Cl)c2)C1,CHEMBL2274,2.0,2.0,0.697,522,False
O=C(O)C1CN(Cc2ccc(OCc3cc(-c4ccccc4)c(C(F)(F)F)s3)c(F)c2)C1,CHEMBL4333,1.0,1.0,0.682,3408,False
O=C(O)C1CN(Cc2ccc(OCc3cc(-c4ccccc4)c(C(F)(F)F)s3)c(F)c2)C1,CHEMBL3892,3.0,3.0,0.682,1557,False
O=C(O)C1CN(Cc2ccc(OCc3cc(-c4ccccc4)c(C(F)(F)F)s3)c(F)c2)C1,CHEMBL3230,4.0,4.0,0.682,578,False
O=C(O)C1CN(Cc2ccc(OCc3cc(-c4ccccc4)c(C(F)(F)F)s3)c(F)c2)C1,CHEMBL2274,2.0,2.0,0.682,522,False
O=C(O)C1CN(Cc2ccc(OCc3cc(-c4ccccc4)c(C(F)(F)F)s3)cc2)C1,CHEMBL4333,1.0,1.0,0.877,3408,False
O=C(O)C1CN(Cc2ccc(OCc3cc(-c4ccccc4)c(C(F)(F)F)s3)cc2)C1,CHEMBL2274,2.0,2.0,0.877,522,False
O=C(O)C1CN(Cc2ccc(OCc3cc(-c4ccccc4)c(C(F)(F)F)s3)cc2)C1,CHEMBL3230,4.0,4.0,0.877,578,False
O=C(O)C1CN(Cc2ccc(OCc3cc(-c4ccccc4)c(C(F)(F)F)s3)cc2)C1,CHEMBL3892,3.0,3.0,0.877,1557,False
O=C(O)CC/C=C\C[C@@H]1CO[C@H](c2ccc(COc3cccc(/C(=C\CCCCC(=O)O)c4cccnc4)c3)cc2)O[C@@H]1c1ccccc1O,CHEMBL1835,1.0,1.0,0.881,859,False
O=C(O)CCC(=O)N1N=C(c2ccco2)CC1c1cc2ccc(F)cc2nc1Cl,CHEMBL4714,1.0,1.0,0.766,320,False
O=C(O)CCC(=O)N1N=C(c2ccco2)CC1c1cc2ccccc2nc1Cl,CHEMBL4714,1.0,1.0,0.763,320,False
O=C(O)CCC(=O)N1N=C(c2ccco2)CC1c1cnc2ccccc2c1,CHEMBL4714,2.0,1.0,0.759,320,False
O=C(O)CCCC(CCCNS(=O)(=O)c1ccc(Cl)cc1)CCc1cccnc1,CHEMBL1835,2.0,2.0,0.81,859,False
O=C(O)CCCCC(=O)Nc1nnc(CCCCc2nnc(NC(=O)Cc3ccccc3)s2)s1,CHEMBL2146302,1.0,1.0,0.833,1424,False
O=C(O)CCCCCC(=O)Nc1nnc(CCCCc2nnc(NC(=O)Cc3ccccc3)s2)s1,CHEMBL2146302,1.0,1.0,0.837,1424,False
O=C(O)CCCCCCCCCCCNC(=O)Cc1c2n(c3ccccc13)CCn1c-2cc2ccccc21,CHEMBL2916,1.0,1.0,0.661,673,False
O=C(O)CCCCCCN1C(=O)CC[C@@H]1/C=C/C(O)c1cccc(C(F)(F)F)c1,CHEMBL1881,2.0,2.0,0.766,658,False
O=C(O)CCCCCCN1C(=O)CC[C@@H]1/C=C/C(O)c1cccc(C(F)(F)F)c1,CHEMBL1836,1.0,1.0,0.766,1087,False
O=C(O)CCCCCCN1C(=O)CC[C@@H]1/C=C/C(O)c1ccccc1,CHEMBL1881,1.0,1.0,0.833,658,False
O=C(O)CCCCCCN1C(=O)CC[C@@H]1/C=C/C(O)c1ccccc1,CHEMBL1836,2.0,2.0,0.833,1087,False
O=C(O)CCNC(=O)c1ccc(-c2cc(C3CCCCC3)ccc2CNc2ccc(-c3ccc(F)cc3)cc2)cn1,CHEMBL1985,1.0,1.0,0.738,1226,False
O=C(O)CCNC(=S)NCC/C=C/c1cc(NCCc2ccccc2)ccc1[N+](=O)[O-],CHEMBL2163183,1.0,1.0,0.847,385,False
O=C(O)CCNC(=S)NCCCNc1cc(NCCc2ccccc2)ccc1[N+](=O)[O-],CHEMBL2163183,1.0,1.0,0.726,385,False
O=C(O)CC[C@H](NC(=O)N[C@@H](CCCCNC(=O)Cn1nnc(I)c1CNc1ccc([N+](=O)[O-])cc1[N+](=O)[O-])C(=O)O)C(=O)O,CHEMBL1892,1.0,1.0,0.807,545,False
O=C(O)CC[C@H]1O[C@H](c2cccc(Cl)c2)[C@H](c2ccc(Cl)cc2)N(CC2CC2)C1=O,CHEMBL5023,1.0,1.0,1.0,4821,True
O=C(O)CCc1ccc(-c2ccc(-c3cnc(Nc4cccc(Cl)c4)o3)cc2)cc1,CHEMBL6009,1.0,1.0,0.621,1340,False
O=C(O)CN1C(=O)/C(=C/c2cccc(OCc3ccccc3)c2)SC1=S,CHEMBL283,1.0,3.0,0.792,1962,False
O=C(O)CN1C(=O)/C(=C/c2cccc(OCc3ccccc3)c2)SC1=S,CHEMBL280,2.0,4.0,0.792,2826,False
O=C(O)CN1C(=O)/C(=C/c2cccc(OCc3ccccc3)c2)SC1=S,CHEMBL335,3.0,1.0,0.818,3606,False
O=C(O)CN1C(=O)/C(=C/c2cccc(OCc3ccccc3)c2)SC1=S,CHEMBL1900,4.0,2.0,0.818,855,False
O=C(O)CNC(=O)C1=C(O)CCN(Cc2ccc(Oc3ccc(C(F)(F)F)cc3)cn2)C1=O,CHEMBL5697,1.0,1.0,0.746,1921,False
O=C(O)CNC(=O)C1=C(O)CCN(Cc2ccc(Oc3ccc(F)cc3)cn2)C1=O,CHEMBL5697,1.0,1.0,0.723,1921,False
O=C(O)CNC(=O)c1c(O)c2c(n(Cc3nc(C(F)(F)F)cs3)c1=O)COC2,CHEMBL5697,1.0,1.0,0.687,1921,False
O=C(O)CNC(=O)c1c(O)c2c(n(Cc3nc(C(F)(F)F)cs3)c1=O)COC2,CHEMBL5705,3.0,3.0,0.687,137,False
O=C(O)CNC(=O)c1c(O)c2c(n(Cc3nc(C(F)(F)F)cs3)c1=O)COC2,CHEMBL3028,2.0,2.0,0.687,570,False
O=C(O)CNC(=O)c1ncc(C#CCOc2cccc3ccccc23)cc1O,CHEMBL5697,1.0,1.0,0.783,1921,False
O=C(O)CNc1ccc(-c2c[nH]c3cc(F)ccc23)cn1,CHEMBL2140,1.0,1.0,0.6,983,False
O=C(O)COc1cccc2c1CCCC2CCCCOC(c1ccccc1)c1ccccc1,CHEMBL1995,1.0,1.0,0.942,391,False
O=C(O)COc1cccc2c1CCCC2CCn1cc(C(c2ccccc2)c2ccccc2)cn1,CHEMBL1995,1.0,1.0,0.606,391,False
O=C(O)C[C@@H]1CCCN(c2ccc(C(=O)NC3CCCCC3)c(SCc3ccccc3)n2)C1,CHEMBL2007625,2.0,2.0,0.758,4299,False
O=C(O)C[C@@H]1CCCN(c2ccc(C(=O)NC3CCCCC3)c(SCc3ccccc3F)n2)C1,CHEMBL2007625,2.0,1.0,0.736,4299,False
O=C(O)C[C@H](CN1CC[C@@H](CCc2ccc3c(n2)NCCC3)C1)c1cccc(O[C@@H]2CCOC2)c1,CHEMBL240,1.0,1.0,1.0,10985,True
O=C(O)C[C@H]1O[C@H](c2cccc(Cl)c2)[C@H](c2ccc(Cl)cc2)N(CC2CC2)C1=O,CHEMBL5023,1.0,1.0,1.0,4821,True
O=C(O)Cc1cc(Cl)cc(OCCC2(C3CCCC3)CCN(c3nc4ccc(Cl)cc4s3)CC2)c1,CHEMBL3979,1.0,1.0,0.985,1864,False
O=C(O)Cc1cc(Cl)cc(OCCC2(C3CCCC3)CCN(c3nc4ccc(Cl)cc4s3)CC2)c1,CHEMBL235,3.0,3.0,0.764,4321,False
O=C(O)Cc1cccc(-c2cc(CCCCCCc3ccc(O[C@H]4O[C@H](CO)[C@@H](O)[C@@H](O)[C@@H]4O)c(-c4cccc(CC(=O)O)c4)c3)ccc2O[C@H]2O[C@H](CO)[C@@H](O)[C@@H](O)[C@@H]2O)c1,CHEMBL5378,40.0,20.0,0.418,135,False
O=C(O)Cc1cccc(-c2cc(CCCCCCc3ccc(O[C@H]4O[C@H](CO)[C@@H](O)[C@H](O)[C@@H]4O)c(-c4cccc(CC(=O)O)c4)c3)ccc2O[C@H]2O[C@H](CO)[C@@H](O)[C@H](O)[C@@H]2O)c1,CHEMBL4183,4343.0,2876.0,0.125,2,False
O=C(O)Cc1cccc(-c2cc(CCCCCCc3ccc(O[C@H]4O[C@H](CO)[C@@H](O)[C@H](O)[C@@H]4O)c(-c4cccc(CC(=O)O)c4)c3)ccc2O[C@H]2O[C@H](CO)[C@@H](O)[C@H](O)[C@@H]2O)c1,CHEMBL5378,40.0,20.0,0.418,135,False
O=C(O)[C@@H]1CN(CCc2ccccc2)CCN1C(=O)C(c1ccccc1)c1ccccc1,CHEMBL4607,1.0,1.0,0.867,787,False
O=C(O)[C@@H]1[C@H](C(=O)Nc2nc(-c3ccc(F)cc3F)cs2)[C@@H]2C=C[C@H]1C2,CHEMBL4879410,1.0,1.0,1.0,42,True
O=C(O)[C@@]1(N(CCn2cnnc2)S(=O)(=O)c2ccc(-c3ccc(Cl)cc3)cc2)C[C@H]1c1ccccc1,CHEMBL2285,1.0,1.0,0.82,977,False
O=C(O)[C@H]1CC[C@H](C(=O)N2CCC3(S(=O)(=O)c4ccccn4)c4ccc(C(F)(C(F)(F)F)C(F)(F)F)cc4CCC23)CC1,CHEMBL1741186,1.0,1.0,0.873,10748,False
O=C(O)[C@H]1CC[C@](F)(C(=O)N2CCC3(S(=O)(=O)c4ccccn4)c4ccc(C(F)(C(F)(F)F)C(F)(F)F)cc4CCC23)CC1,CHEMBL1741186,1.0,1.0,0.806,10748,False
O=C(O)[C@H]1CC[C@](O)(C(=O)N2CCC3(S(=O)(=O)c4ccccn4)c4ccc(C(F)(C(F)(F)F)C(F)(F)F)cc4CCC23)CC1,CHEMBL1741186,1.0,1.0,0.813,10748,False
O=C(O)[C@H]1c2ccccc2C(=O)N(c2ccc(CN3CCOCC3)c(Cl)c2)[C@@H]1c1ccc2c(c1)OCCO2,CHEMBL4523377,1.0,1.0,0.771,1105,False
O=C(O)c1[nH]c2cc(O)c(O)cc2c1-c1cccnc1,CHEMBL1293267,1.0,1.0,0.725,420,False
O=C(O)c1cc(N(Cc2ccc(N3CCOCC3)cc2)C(=O)CN(Cc2ccccc2)S(=O)(=O)c2ccc(-c3ccccc3)cc2)ccc1O,CHEMBL4026,1.0,1.0,0.778,1223,False
O=C(O)c1cc(NS(=O)(=O)c2ccc(OCC34CC5CC(CC(C5)C3)C4)c3ccccc23)ccc1F,CHEMBL3674,3.0,2.0,0.672,451,False
O=C(O)c1cc(NS(=O)(=O)c2ccc(OCC34CC5CC(CC(C5)C3)C4)c3ccccc23)ccc1F,CHEMBL2083,1.0,1.0,0.694,623,False
O=C(O)c1cc2cc(O)c(O)cc2c(C(=O)c2ccc(C(F)(F)F)cc2)n1,CHEMBL3997,1.0,1.0,0.717,39,False
O=C(O)c1cc2cc(O)c(O)cc2c(C(=O)c2ccc(Cl)c(Cl)c2)n1,CHEMBL3997,1.0,1.0,0.698,39,False
O=C(O)c1cc2cc(O)c(O)cc2c(C(=O)c2ccc(Cl)cc2Cl)n1,CHEMBL3997,1.0,1.0,0.604,39,False
O=C(O)c1cc2cc(O)c(O)cc2c(C(=O)c2ccc(F)c(F)c2)n1,CHEMBL3997,1.0,1.0,0.692,39,False
O=C(O)c1cc2cc(O)c(O)cc2c(C(=O)c2ccc(O)c(O)c2)n1,CHEMBL3997,1.0,1.0,0.756,39,False
O=C(O)c1cc2cc(O)c(O)cc2c(C(=O)c2ccc(O)c(O)c2)n1,CHEMBL4178,,,0.0,2,False
O=C(O)c1cc2cc(O)c(O)cc2c(C(=O)c2ccc(O)c(O)c2)n1,CHEMBL3088,,,0.0,2,False
O=C(O)c1cc2cc(O)c(O)cc2c(C(=O)c2ccc(O)c(O)c2)n1,CHEMBL2310,,,0.0,2,False
O=C(O)c1cc2cc(O)c(O)cc2c(C(=O)c2ccc(O)c(O)c2)n1,CHEMBL2665,61.0,2.0,0.533,10,False
O=C(O)c1cc2cc(O)c(O)cc2c(C(=O)c2ccc(O)c(O)c2)n1,CHEMBL2139,,,0.0,2,False
O=C(O)c1cc2cc(O)c(O)cc2c(C(=O)c2ccc([N+](=O)[O-])cc2)n1,CHEMBL3997,1.0,1.0,0.625,39,False
O=C(O)c1cc2cc(O)c(O)cc2c(C(=O)c2cccc(F)c2)n1,CHEMBL3997,1.0,1.0,0.674,39,False
O=C(O)c1cc2cc(O)c(O)cc2c(C(=O)c2ccccc2Cl)n1,CHEMBL3997,1.0,1.0,0.727,39,False
O=C(O)c1ccc(-c2ccc3c(c2)C[C@@H](NC[C@H](O)c2cccc(Cl)c2)CC3)nc1,CHEMBL213,2.0,2.0,0.732,1536,False
O=C(O)c1ccc(-c2ccc3c(c2)C[C@@H](NC[C@H](O)c2cccc(Cl)c2)CC3)nc1,CHEMBL246,1.0,1.0,0.794,1600,False
O=C(O)c1ccc(-c2cnc(-c3ccc(O)c(C45CC6CC(CC(C6)C4)C5)c3)s2)cc1,CHEMBL1991,2.0,4.0,0.571,1140,False
O=C(O)c1ccc(-c2cnc(-c3ccc(O)c(C45CC6CC(CC(C6)C4)C5)c3)s2)cc1,CHEMBL2055,4.0,3.0,0.593,273,False
O=C(O)c1ccc(/C=C/c2ccccc2NS(=O)(=O)c2ccc3ccccc3c2)cc1,CHEMBL2073663,1.0,1.0,0.8,357,False
O=C(O)c1ccc(CN2C(=O)/C(=C/c3cccc(OCCc4ccccc4)c3)S/C2=N\c2ccc(F)cc2)cc1,CHEMBL335,1.0,1.0,0.868,3606,False
O=C(O)c1ccc(CN2C(=O)/C(=C/c3cccc(OCCc4ccccc4)c3)S/C2=N\c2ccccc2)cc1,CHEMBL3807,2.0,3.0,0.828,896,False
O=C(O)c1ccc(CN2C(=O)/C(=C/c3cccc(OCCc4ccccc4)c3)S/C2=N\c2ccccc2)cc1,CHEMBL4903,3.0,2.0,0.844,465,False
O=C(O)c1ccc(CN2C(=O)/C(=C/c3cccc(OCCc4ccccc4)c3)S/C2=N\c2ccccc2)cc1,CHEMBL335,1.0,1.0,0.844,3606,False
O=C(O)c1ccc(CN2CCC(CNC(=O)c3n[nH]c4ccc(Br)cc34)CC2)o1,CHEMBL262,1.0,1.0,0.732,5430,False
O=C(O)c1ccc(N(Cc2ccc3c(c2)OCCO3)S(=O)(=O)c2ccc(-c3ccccc3)cc2)cc1,CHEMBL5658,1.0,1.0,0.885,1840,False
O=C(O)c1ccc(N(Cc2ccc3c(c2)OCCO3)S(=O)(=O)c2ccc(-c3ccccc3)cc2)cc1,CHEMBL215,2.0,2.0,0.885,2375,False
O=C(O)c1ccc(NC(=O)C2c3cccc(N4CCCCC4=O)c3CCN2C(=O)/C=C/c2cc(Cl)ccc2-n2cnnn2)cc1,CHEMBL2820,1.0,1.0,0.783,3003,False
O=C(O)c1ccc(Nc2nccc(-c3cnn4ncccc34)n2)cc1,CHEMBL331,3.0,3.0,0.627,1424,False
O=C(O)c1ccc(Nc2nccc(-c3cnn4ncccc34)n2)cc1,CHEMBL262,1.0,1.0,0.627,5430,False
O=C(O)c1ccc(Nc2nccc(-c3cnn4ncccc34)n2)cc1,CHEMBL301,4.0,4.0,0.627,2596,False
O=C(O)c1ccc2c(c1)C(=O)/C(=C/c1ccccc1)C2=O,CHEMBL4804,547.0,41.0,0.396,561,False
O=C(O)c1ccc2c(c1)C(=O)/C(=C/c1ccccc1)C2=O,CHEMBL3775,520.0,58.0,0.375,306,False
O=C(O)c1ccc2c(c1)C(=O)/C(=C/c1ccccc1)C2=O,CHEMBL1795098,202.0,9.0,0.521,1001,False
O=C(O)c1ccc2c(c1)C(=O)N(c1n[nH]c(-c3ccco3)n1)C2=O,CHEMBL5573,1539.0,188.0,0.271,327,False
O=C(O)c1ccc2c(c1)CCc1ccc(OCc3c(-c4c(Cl)cccc4Cl)noc3C3CC3)cc1O2,CHEMBL2047,1.0,1.0,0.938,3259,False
O=C(O)c1ccc2nc(CN3CCC(Oc4cccc(Cc5ccc(Cl)c6occc56)n4)CC3)n(C[C@@H]3CCO3)c2n1,CHEMBL1784,1.0,1.0,0.795,1534,False
O=C(O)c1ccc2nc(CN3CCC(Oc4cccc(Cc5ccc6cn[nH]c6c5F)n4)CC3)n(C[C@@H]3CCO3)c2n1,CHEMBL1784,1.0,1.0,0.72,1534,False
O=C(O)c1ccc2nc(CN3CCC(Oc4cccc(Cc5ccc6cnn(CC(F)F)c6c5F)n4)CC3)n(C[C@@H]3CCO3)c2n1,CHEMBL1784,1.0,1.0,0.826,1534,False
O=C(O)c1cccc(/C=C/c2ccc(Oc3cnoc3-c3ccc(Cl)c(Cl)c3)cc2)c1,CHEMBL335,157.0,85.0,0.295,3606,False
O=C(O)c1cccc(/C=C/c2ccc(Oc3cnoc3-c3ccc(Cl)c(Cl)c3)cc2)c1,CHEMBL3807,355.0,162.0,0.276,896,False
O=C(O)c1cccc(/C=C/c2ccc(Oc3cnoc3-c3cccc(Cl)c3)cc2)c1,CHEMBL335,135.0,64.0,0.315,3606,False
O=C(O)c1cccc(/C=C/c2ccc(Oc3cnoc3-c3cccc(Cl)c3)cc2)c1,CHEMBL3807,298.0,142.0,0.294,896,False
O=C(O)c1cccc(/C=C/c2ccc(Oc3cnoc3-c3cccc([N+](=O)[O-])c3)cc2)c1,CHEMBL335,3.0,2.0,0.438,3606,False
O=C(O)c1cccc(/C=C/c2ccc(Oc3cnoc3-c3cccc([N+](=O)[O-])c3)cc2)c1,CHEMBL3807,349.0,239.0,0.281,896,False
O=C(O)c1cccc(/C=C/c2ccc(Oc3cnoc3-c3ccccc3Cl)cc2)c1,CHEMBL335,89.0,41.0,0.322,3606,False
O=C(O)c1cccc(/C=C/c2ccc(Oc3cnoc3-c3ccccc3Cl)cc2)c1,CHEMBL3807,360.0,182.0,0.279,896,False
O=C(O)c1cccc(/C=C/c2ccccc2NS(=O)(=O)c2ccc3ccccc3c2)c1,CHEMBL2073663,1.0,1.0,1.0,357,True
O=C(O)c1ccccc1C(=O)N(C1CC1)[C@H]1c2ccccc2N(C(=O)c2ccc(OC(F)(F)F)cc2)[C@H]2CCC[C@H]21,CHEMBL5071,1.0,1.0,0.75,3272,False
O=C(O)c1ccccc1C(=O)Nc1cc(-c2ccccc2)[nH]n1,CHEMBL5573,1517.0,306.0,0.303,327,False
O=C(O)c1ccccc1C(=O)Nc1cc(-c2ccccc2)[nH]n1,CHEMBL5979,42.0,37.0,0.422,888,False
O=C(O)c1ccccc1SCc1csc(-c2ccccc2)n1,CHEMBL4869,717.0,79.0,0.339,250,False
O=C(O)c1ccncc1NC[C@@H]1CCCc2cc(N3CCCCc4ccccc43)ccc21,CHEMBL6175,1.0,1.0,0.952,1065,False
O=C(O)c1ccncc1Nc1nn(CC2CCCC2)c2ccc(F)cc12,CHEMBL6175,1.0,1.0,0.964,1065,False
O=C(O)c1cnn(-c2ccc(-c3cncnc3)cn2)c1,CHEMBL5697,1.0,1.0,0.707,1921,False
O=C(O)c1cnn(-c2nc(N3CCCC3)c3cc(OC4CCCCC4)c(Cl)cc3n2)c1,CHEMBL5697,1.0,1.0,0.871,1921,False
O=C(O)c1cnn(-c2nc(N3CCCC3)c3cc(OC4CCCCC4)c(F)cc3n2)c1,CHEMBL5697,1.0,1.0,0.871,1921,False
O=C(O)c1cnn(-c2nc(N3CCCC3)c3cc(OC4CCCCC4)ccc3n2)c1,CHEMBL5697,1.0,1.0,0.864,1921,False
O=C(O)c1cnn(-c2nc(N3CCCCCC3)c3cc(Oc4ccc(Cl)cc4)ccc3n2)c1,CHEMBL5697,1.0,1.0,1.0,1921,True
O=C(O)c1nc2ccccc2n([C@H]2C[C@H]3CC[C@@H](C2)N3C2CC3CCCC(C3)C2)c1=O,CHEMBL2014,5.0,5.0,0.958,2731,True
O=C(O)c1nc2ccccc2n([C@H]2C[C@H]3CC[C@@H](C2)N3C2CC3CCCC(C3)C2)c1=O,CHEMBL233,2.0,2.0,1.0,7306,True
O=C(O)c1nc2ccccc2n([C@H]2C[C@H]3CC[C@@H](C2)N3C2CC3CCCC(C3)C2)c1=O,CHEMBL237,1.0,1.0,1.0,6265,True
O=C(O)c1nc2ccccc2n([C@H]2C[C@H]3CC[C@@H](C2)N3C2CC3CCCC(C3)C2)c1=O,CHEMBL3638334,3.0,3.0,1.0,414,True
O=C(O)c1ncc(N2C(=O)[C@@H]3C[C@H]2C[C@H]3OCc2c(-c3c(Cl)cccc3Cl)noc2C2CC2)cn1,CHEMBL2047,1.0,1.0,0.833,3259,False
O=C(O)c1nn[nH]c1Oc1cccc(C#CCC2CCCC2)c1,CHEMBL4229,1.0,1.0,0.98,303,False
O=C(O)c1sc(N2CCOCC2)nc1CC(=O)N1CCc2c(Br)cccc21,CHEMBL3145,2.0,2.0,0.567,2776,False
O=C(O)c1sc(N2CCOCC2)nc1CC(=O)N1CCc2c(Br)cccc21,CHEMBL4005,3.0,3.0,0.567,7718,False
O=C(O)c1sc(N2CCOCC2)nc1CC(=O)N1CCc2c(Br)cccc21,CHEMBL3130,4.0,4.0,0.567,7171,False
O=C(O)c1sc(N2CCOCC2)nc1CC(=O)N1CCc2c(Br)cccc21,CHEMBL340,6.0,6.0,0.567,5556,False
O=C(O)c1sc(N2CCOCC2)nc1CC(=O)N1CCc2c(Cl)cccc21,CHEMBL4005,6.0,6.0,0.574,7718,False
O=C(O)c1sc(N2CCOCC2)nc1CC(=O)N1CCc2c(Cl)cccc21,CHEMBL3145,3.0,3.0,0.574,2776,False
O=C(O)c1sc(N2CCOCC2)nc1CC(=O)N1CCc2c(Cl)cccc21,CHEMBL3130,1.0,1.0,0.574,7171,False
O=C(O)c1sc(N2CCOCC2)nc1CC(=O)N1CCc2c(Cl)cccc21,CHEMBL340,2.0,2.0,0.574,5556,False
O=C(O)c1sc(N2CCOCC2)nc1CC(=O)N1CCc2cc(Br)ccc21,CHEMBL3145,1.0,1.0,0.446,2776,False
O=C(O)c1sc(N2CCOCC2)nc1CC(=O)N1CCc2cc(Br)ccc21,CHEMBL3130,5.0,5.0,0.446,7171,False
O=C(O)c1sc(N2CCOCC2)nc1CC(=O)N1CCc2cc(F)ccc21,CHEMBL3145,4.0,4.0,0.574,2776,False
O=C(O)c1sc(N2CCOCC2)nc1CC(=O)N1CCc2cc(F)ccc21,CHEMBL3130,6.0,6.0,0.574,7171,False
O=C(O)c1sc(N2CCOCC2)nc1CC(=O)N1CCc2cc(F)ccc21,CHEMBL340,1.0,1.0,0.574,5556,False
O=C(O)c1sc(N2CCOCC2)nc1CC(=O)N1CCc2ccccc21,CHEMBL3130,5.0,5.0,0.538,7171,False
O=C(O)c1sc(N2CCOCC2)nc1CC(=O)N1CCc2ccccc21,CHEMBL3145,6.0,6.0,0.538,2776,False
O=C(O/N=C/c1ccc(O)cc1)C1CC=CCC1,CHEMBL2085,1.0,1.0,0.683,399,False
O=C(OCc1cc(Cl)cc(Cl)n1)N1CCC2(CC1)CN(C(=O)c1ccc3[nH]nnc3c1)C2,CHEMBL3691,1.0,1.0,0.8,2147,False
O=C(OCc1cc(Cl)cc(Cl)n1)N1CCC2(CC1)CN(C(=O)c1ccc3[nH]nnc3c1)C2,CHEMBL1795085,2.0,2.0,0.8,148,False
O=C(O[C@@H](Cc1c(Cl)c[n+]([O-])cc1Cl)c1ccc(OC(F)F)c(OCC2CC2)c1)c1ccc(CNC(C(=O)OCC23CCN(CC2)CC3)c2ccccc2)s1,CHEMBL245,1.0,1.0,0.875,2649,False
O=C(O[C@@H](Cc1c(Cl)c[n+]([O-])cc1Cl)c1ccc(OC(F)F)c(OCC2CC2)c1)c1ccc(CNC(C(=O)OCC23CCN(CC2)CC3)c2ccccc2)s1,CHEMBL275,2.0,2.0,0.808,2377,False
O=C(Oc1ccc2c(-c3ccccc3)cc(=O)oc2c1)c1ccco1,CHEMBL206,14.0,19.0,0.433,4427,False
O=C(Oc1cccc2cccnc12)c1cccc(S(=O)(=O)N2CCCCCC2)c1,CHEMBL218,1.0,1.0,1.0,5877,True
O=C([C@@H]1CCC(=O)N1c1cc(F)c(-c2noc(C(F)(F)F)n2)cc1F)N1CCC1,CHEMBL1865,2.0,2.0,0.964,6508,False
O=C([C@@H]1CCC(=O)N1c1cc(F)c(-c2noc(C(F)(F)F)n2)cc1F)N1CCC1,CHEMBL325,1.0,1.0,0.964,8231,False
O=C([C@@H]1CCC(=O)N1c1cc(F)c(-c2noc(C(F)(F)F)n2)cc1F)N1CCC1,CHEMBL3192,3.0,3.0,0.964,3069,False
O=C([C@@H]1CCN(CCc2ccc(Cl)cc2)C[C@H]1c1ccc(F)cc1)N1CC(c2ccccc2)(c2ccccc2)C1,CHEMBL2335,1.0,1.0,1.0,387,True
O=C([C@@H]1CC[C@H]2CCC[C@H]21)N1Cc2cccnc2Nc2ccc(N3CCOCC3)cc21,CHEMBL2007625,1.0,1.0,1.0,4299,True
O=C([C@@H]1CCc2c(Cl)cc(OCc3ccncc3)c(=O)n21)N1CCCC1,CHEMBL3202,1.0,1.0,0.793,516,False
O=C([C@@H]1C[C@@H](Nc2ccc3ccccc3c2)CN1)N1Cc2ccccc2C1,CHEMBL4657,1.0,1.0,1.0,1127,True
O=C([C@@H]1C[C@@H](Nc2ccc3ccccc3c2)CN1)N1Cc2ccccc2C1,CHEMBL4793,2.0,2.0,1.0,794,True
O=C([C@@H]1C[C@@H](Nc2ccc3ccccc3c2)CN1)N1Cc2ccccc2C1,CHEMBL3976,3.0,3.0,1.0,1086,True
O=C([C@@H]1C[C@H](N2CCN(c3ccc4ccccc4n3)CC2)CN1)N1CCSC1,CHEMBL284,1.0,1.0,0.729,4372,False
O=C([C@@H]1Cc2ccc(S(=O)(=O)c3cccc4cnccc34)cc2CN1S(=O)(=O)c1cccc2ccccc12)N1CCN(c2ccccc2)CC1,CHEMBL4805,2.0,2.0,0.475,4787,False
O=C([C@@H]1Cc2ccccc2CN1C(=O)Cc1ccc(C(F)(F)F)cc1)N1CCCC1,CHEMBL3202,1.0,1.0,0.643,516,False
O=C([C@H](O)c1cccc(Cl)c1)N1CCN(c2ccc3[nH]ncc3c2)CC1,CHEMBL2973,1.0,1.0,0.694,5292,False
O=C([C@H](O)c1cccc(Cl)c1)N1CCN(c2ccc3[nH]ncc3c2)CC1,CHEMBL340,2.0,2.0,0.694,5556,False
O=C([C@H](O)c1ccccc1)N1CCN(c2ccc3[nH]ncc3c2)CC1,CHEMBL2973,1.0,1.0,0.692,5292,False
O=C([C@H](O)c1ccccc1)N1CCN(c2ccc3[nH]ncc3c2)CC1,CHEMBL340,2.0,2.0,0.692,5556,False
O=C([C@H](O)c1ccccc1Cl)N1CCN(c2ccc3[nH]ncc3c2)CC1,CHEMBL2973,1.0,1.0,0.689,5292,False
O=C([C@H](O)c1ccccc1Cl)N1CCN(c2ccc3[nH]ncc3c2)CC1,CHEMBL340,2.0,2.0,0.689,5556,False
O=C([C@H]1CC[C@](F)(C(=O)O)CC1)N1CCC2(S(=O)(=O)c3ccccn3)c3ccc(C(F)(C(F)(F)F)C(F)(F)F)cc3CCC12,CHEMBL1741186,1.0,1.0,0.806,10748,False
O=C([O-])c1ccc(CN2CCC(CNC(=O)c3n[nH]c4ccc(Br)cc34)CC2)o1,CHEMBL262,1.0,1.0,0.64,5430,False
O=C([O-])c1ccc2c(c1)CC(CCCCNS(=O)(=O)c1ccc(Cl)cc1)C2,CHEMBL2069,1.0,1.0,0.938,1031,False
O=C(c1c(Cl)cccc1NS(=O)(=O)c1cccc2nsnc12)N1CCCCC1,CHEMBL298,1.0,1.0,0.733,1500,False
O=C(c1cc(Br)c(Br)cc1NS(=O)(=O)c1cccc2nsnc12)N1CCCCC1,CHEMBL298,1.0,1.0,0.793,1500,False
O=C(c1cc(Br)ccc1NS(=O)(=O)c1cccc2nsnc12)N1CCCCC1,CHEMBL298,1.0,1.0,0.75,1500,False
O=C(c1cc(Cl)c(Cl)cc1NS(=O)(=O)c1cccc2nsnc12)N1CCCCC1,CHEMBL298,1.0,1.0,0.81,1500,False
O=C(c1cc(Cl)ccc1NS(=O)(=O)c1cccc2nsnc12)N1CCCCC1,CHEMBL298,1.0,1.0,0.86,1500,False
O=C(c1cc2ccc(-c3nccc(Nc4ccc(-c5cn[nH]c5)cc4)n3)cc2[nH]1)N1CC2(CNC2)C1,CHEMBL2973,1.0,1.0,0.838,5292,False
O=C(c1cc2ccc(-c3nccc(Nc4ccc(-c5cn[nH]c5)cc4)n3)cc2[nH]1)N1CC2(CNC2)C1,CHEMBL3231,2.0,2.0,0.814,2738,False
O=C(c1ccc(-c2ccc3c(c2)CNC3)s1)N1N=C(c2cccnc2)CC1c1c(O)cccc1F,CHEMBL5145,1.0,1.0,0.89,5743,False
O=C(c1ccc(-c2ccc3c(c2)CNC3)s1)N1N=C(c2cccnc2)CC1c1ccccc1O,CHEMBL5145,1.0,1.0,0.882,5743,False
O=C(c1ccc(-c2ccc3c(c2)CNC3)s1)N1N=C(c2cncc(CO)c2)CC1c1c(O)cccc1F,CHEMBL5145,1.0,1.0,0.711,5743,False
O=C(c1ccc(-c2ccc3ncc(-c4cc5ccccc5s4)n3c2)cc1)N1CCOCC1,CHEMBL4718,1.0,1.0,0.694,1361,False
O=C(c1ccc(-c2ccc3ncc(-c4cc5ccccc5s4)n3c2)cc1)N1CCOCC1,CHEMBL4204,2.0,2.0,0.694,1710,False
O=C(c1ccc(-c2ccc3ncc(-c4cc5ccccc5s4)n3c2)cc1)N1CCOCC1,CHEMBL4848,3.0,3.0,0.677,271,False
O=C(c1ccc(-n2nnc3ccccc32)cc1)N(c1ncccc1Cl)[C@@H]1CCCNC1,CHEMBL2929,2.0,2.0,0.831,301,False
O=C(c1ccc(Br)cc1NS(=O)(=O)c1c(F)ccc2nsnc12)N1CCCCC1,CHEMBL298,1.0,1.0,0.695,1500,False
O=C(c1ccc(Br)cc1NS(=O)(=O)c1ccc(Br)c2nsnc12)N1CCCCC1,CHEMBL298,1.0,1.0,0.667,1500,False
O=C(c1ccc(Br)cc1NS(=O)(=O)c1cccc2nsnc12)N1CCCCC1,CHEMBL298,1.0,1.0,0.831,1500,False
O=C(c1ccc(C(F)(F)F)cc1)c1nccc2ccccc12,CHEMBL253,27.0,40.0,0.365,7881,False
O=C(c1ccc(C(F)(F)F)cc1NS(=O)(=O)c1cccc2nsnc12)N1CCCCC1,CHEMBL298,1.0,1.0,0.758,1500,False
O=C(c1ccc(COc2ccc(Cl)cc2)o1)N1N=C(C(F)F)CC1(O)C(F)F,CHEMBL1741176,45.0,3.0,0.38,584,False
O=C(c1ccc(CS)cc1NS(=O)(=O)c1cccc2nsnc12)N1CCCCC1,CHEMBL298,1.0,1.0,0.758,1500,False
O=C(c1ccc(Cl)cc1Cl)N1[C@@H]2CCC[C@H]1c1nnc(-c3ncc(F)cn3)n1C2,CHEMBL4805,1.0,1.0,0.614,4787,False
O=C(c1ccc(Cl)cc1NS(=O)(=O)c1cccc2nsnc12)N1CCC(CO)CC1,CHEMBL298,1.0,1.0,0.79,1500,False
O=C(c1ccc(Cl)cc1NS(=O)(=O)c1cccc2nsnc12)N1CCCCC1,CHEMBL298,1.0,1.0,1.0,1500,True
O=C(c1ccc(F)c(Cl)c1)N1CCC(F)(CNCc2ccc(C(F)F)cn2)CC1,CHEMBL214,1.0,1.0,0.806,5809,False
O=C(c1ccc(F)c(Cl)c1)N1CCC(F)(CNCc2ccc(CF)cn2)CC1,CHEMBL214,1.0,1.0,0.71,5809,False
O=C(c1ccc(F)c(Cl)c1)N1CCC(F)(CNCc2ccc(CO)cn2)CC1,CHEMBL214,1.0,1.0,0.71,5809,False
O=C(c1ccc(F)c(Cl)c1)N1CCC(F)(CNCc2ccc(Cl)cn2)CC1,CHEMBL214,1.0,1.0,0.789,5809,False
O=C(c1ccc(F)cc1NS(=O)(=O)c1cccc2nsnc12)N1CCCCC1,CHEMBL298,1.0,1.0,0.831,1500,False
O=C(c1ccc(I)cc1NS(=O)(=O)c1cccc2nsnc12)N1CCCCC1,CHEMBL298,1.0,1.0,0.831,1500,False
O=C(c1ccc(N2CC3(COC3)C2)cc1)N1CCN(c2nc3ccccc3c(=O)[nH]2)CC1,CHEMBL4191,1.0,1.0,0.807,2112,False
O=C(c1ccc(Nc2nc3c(N4CCC(O)(c5ccc(Cl)cc5)CC4)cccn3n2)cc1)N1CCN(C2CCC2)CC1,CHEMBL2835,1.0,1.0,0.956,10399,False
O=C(c1ccc(O)c(O)c1)c1nc(O)cc2cc(O)c(O)cc12,CHEMBL3997,9.0,1.0,0.533,39,False
O=C(c1ccc(O)c(O)c1)c1nc(O)cc2cc(O)c(O)cc12,CHEMBL4178,,,0.0,2,False
O=C(c1ccc(O)c(O)c1)c1nc(O)cc2cc(O)c(O)cc12,CHEMBL3088,,,0.0,2,False
O=C(c1ccc(O)c(O)c1)c1nc(O)cc2cc(O)c(O)cc12,CHEMBL2310,,,0.0,2,False
O=C(c1ccc(O)c(O)c1)c1nc(O)cc2cc(O)c(O)cc12,CHEMBL2665,935.0,19.0,0.375,10,False
O=C(c1ccc(O)c(O)c1)c1nc(O)cc2cc(O)c(O)cc12,CHEMBL2139,,,0.0,2,False
O=C(c1ccc(O)c(O)c1)c1nccc2cc(O)c(O)cc12,CHEMBL3997,15.0,1.0,0.458,39,False
O=C(c1ccc([N+](=O)[O-])cc1NS(=O)(=O)c1cccc2nsnc12)N1CCCCC1,CHEMBL298,1.0,1.0,0.746,1500,False
O=C(c1ccc2c(c1)N(c1ncc(-c3ccccc3)cn1)CC21CC1)N1C[C@H]2C[C@@H]1CN2,CHEMBL275,1.0,1.0,0.642,2377,False
O=C(c1ccc2c(c1)N(c1ncc(-c3ccccc3F)cn1)CC21CC1)N1C[C@H]2C[C@@H]1CN2,CHEMBL275,1.0,1.0,0.711,2377,False
O=C(c1ccc2c(c1)nc1n2CC[C@H]2[C@@H]1[C@H](c1cccc(Cl)c1F)[C@]1(C(=O)Nc3cc(Cl)ccc31)N2CC1CC1)N1CC(O)C1,CHEMBL5023,1.0,1.0,0.854,4821,False
O=C(c1ccc2cc[nH]c2c1)N1CCC2(CC1)CC(=O)N(c1ccc(C(F)(F)F)cc1)C2,CHEMBL3351,1.0,1.0,0.762,555,False
O=C(c1cccc(C(F)(F)F)c1)c1nccc2ccccc12,CHEMBL253,1.0,1.0,0.542,7881,False
O=C(c1cccc(C(F)(F)F)c1Cl)N1[C@@H]2CCC[C@H]1c1nnc(-c3ncc(F)cn3)n1C2,CHEMBL4805,1.0,1.0,0.918,4787,False
O=C(c1cccc(C(F)(F)F)c1Cl)N1[C@@H]2CCC[C@H]1c1nnc(-c3ncccn3)n1C2,CHEMBL4805,1.0,1.0,1.0,4787,True
O=C(c1cccc(NCC2c3ccccc3CN2c2cn[nH]c(=O)c2C(F)(F)F)c1)N1CCN(c2ccccn2)CC1,CHEMBL2380188,1.0,1.0,0.783,331,False
O=C(c1cccc2cc(Nc3n[nH]c4cccnc34)ccc12)N1CCOCC1,CHEMBL2736,1.0,1.0,0.933,1466,False
O=C(c1ccccc1-n1cccc1)N1CC2CN(c3cnc4ccccc4n3)CC2C1,CHEMBL4792,2.0,2.0,0.755,7613,False
O=C(c1ccccc1-n1cccc1)N1CC2CN(c3cnc4ccccc4n3)CC2C1,CHEMBL5113,1.0,1.0,0.755,7217,False
O=C(c1ccccc1C(F)(F)F)c1nccc2ccccc12,CHEMBL253,1.0,1.0,0.511,7881,False
O=C(c1ccco1)N1CCN(c2ncnc3c2[nH]c2ccc(Br)cc23)CC1,CHEMBL6101,268.0,12.0,0.431,198,False
O=C(c1ccco1)N1CCN(c2ncnc3c2[nH]c2ccc(Br)cc23)CC1,CHEMBL4026,14.0,2.0,0.478,1223,False
O=C(c1ccco1)N1CCN(c2ncnc3c2[nH]c2ccccc23)CC1,CHEMBL3004,6.0,3.0,0.596,539,False
O=C(c1ccco1)N1CCN(c2ncnc3c2[nH]c2ccccc23)CC1,CHEMBL5393,1.0,1.0,0.596,1337,False
O=C(c1ccncc1)N1CCN(Cc2c(-c3ccc(Cl)cc3)nc3ccc(C4CC4)cn23)CC1,CHEMBL2321613,2.0,1.0,0.773,838,False
O=C(c1ccncc1)N1CCN(Cc2c(-c3ccc(Cl)cc3)nc3ccc(C4CC4)cn23)CC1,CHEMBL2321614,3.0,2.0,0.773,345,False
O=C(c1cnc(N2Cc3ccccc3C2)s1)N1CCC2(CCOCC2)C1,CHEMBL4739843,1.0,1.0,0.765,440,False
O=C(c1n[nH]c2ncccc12)N1CCc2nc(COc3ccccc3)oc2C1,CHEMBL3227,1.0,1.0,0.794,2955,False
O=C(c1n[nH]c2ncccc12)N1CCc2nc(COc3ccccc3)oc2C1,CHEMBL3397,295.0,112.0,0.294,2945,False
O=C(c1nc(Nc2cc(C3CC3)[nH]n2)c2cc(Cl)ccc2n1)N1CCNCC1,CHEMBL4600,4.0,2.0,0.597,447,False
O=C(c1nc(Nc2cc(C3CC3)[nH]n2)c2cc(Cl)ccc2n1)N1CCNCC1,CHEMBL4482,1.0,1.0,0.758,609,False
O=C(c1nc2cccnc2n1-c1cncc(Cl)c1)N1CCC1,CHEMBL275,2.0,2.0,0.76,2377,False
O=C(c1nc2cccnc2n1-c1cncc(Cl)c1)N1CCC1,CHEMBL288,1.0,1.0,0.76,1570,False
O=C(c1nc2cccnn2c1-c1ccnc(C(F)(F)F)c1)N1CCC1,CHEMBL275,3.0,3.0,0.667,2377,False
O=C(c1nc2cccnn2c1-c1ccnc(OC(F)F)c1)N1CCC1,CHEMBL275,3.0,3.0,0.683,2377,False
O=C(c1nc2cccnn2c1-c1ccnc(OC(F)F)c1)N1CCC1,CHEMBL288,4.0,4.0,0.683,1570,False
O=C(c1nc2cccnn2c1-c1ccnc(OC(F)F)c1)N1CCC1,CHEMBL254,2.0,2.0,0.683,869,False
O=C(c1nc2cccnn2c1-c1ccnc(OC(F)F)c1)N1CCC1,CHEMBL291,1.0,1.0,0.683,262,False
O=C(c1nc2n(n1)[C@H](c1ccccc1)CCC2)C1CC1,CHEMBL5464,1.0,1.0,1.0,3943,True
O=C(c1nc2n(n1)[C@H](c1ccccc1)C[C@@H]2F)C1CCOC1,CHEMBL5464,1.0,1.0,0.882,3943,False
O=C(c1sc2cccc(F)c2c1Cl)N1CCN(Cc2ccco2)CC1,CHEMBL5113,10.0,17.0,0.333,7217,False
O=C1/C(=C/c2cc(Cl)c(O)c(Cl)c2)C(=O)c2c1cccc2[N+](=O)[O-],CHEMBL258,77.0,147.0,0.288,2369,False
O=C1/C(=C/c2ccc(O)c(O)c2)C(=O)c2c1cccc2[N+](=O)[O-],CHEMBL258,68.0,100.0,0.333,2369,False
O=C1/C(=C\c2cc(Br)c(O)c(Br)c2)C(=O)c2cc(Br)ccc21,CHEMBL258,10.0,16.0,0.458,2369,False
O=C1/C(=C\c2ccc(O)c(O)c2)NC(=S)N1Cc1ccc(O)cc1,CHEMBL2007625,1.0,2.0,0.558,4299,False
O=C1C(=Cc2cc(Br)c(O)c(Br)c2)C(=O)c2ccccc21,CHEMBL258,16.0,26.0,0.457,2369,False
O=C1C(=Cc2ccc(O)c(O)c2)C(=O)c2ccccc21,CHEMBL258,44.0,58.0,0.452,2369,False
O=C1C(Nc2ccc3c(c2)OC(F)(F)O3)CCN1c1ccc(-c2cn[nH]c2)cc1,CHEMBL2973,1.0,1.0,0.754,5292,False
O=C1C=CC2(C=C1)C(c1ccccc1)=CC(=O)N2C(C(=O)NC1CCCCC1)c1ccc(Cl)cc1,CHEMBL264,3.0,4.0,0.416,4372,False
O=C1CC(c2ccc(CC(NS(=O)(=O)c3cccc(C(F)(F)F)c3)c3ncc(CCCc4ccccc4)[nH]3)cc2)S(=O)(=O)N1,CHEMBL335,1.0,1.0,0.973,3606,False
O=C1CC(c2ccc(CC(NS(=O)(=O)c3cccc(C(F)(F)F)c3)c3ncc(CCCc4ccccc4)[nH]3)cc2)S(=O)(=O)N1,CHEMBL3807,2.0,2.0,0.973,896,False
O=C1CC(c2ccc(CC(NS(=O)(=O)c3cccc(F)c3)c3ncc(CCCc4ccccc4)[nH]3)cc2)S(=O)(=O)N1,CHEMBL335,1.0,1.0,0.971,3606,False
O=C1CC(c2ccc(CC(NS(=O)(=O)c3cccc(F)c3)c3ncc(CCCc4ccccc4)[nH]3)cc2)S(=O)(=O)N1,CHEMBL3807,2.0,2.0,0.971,896,False
O=C1CC(c2ccc(F)cc2)CC(=O)C1=CNCCN1CCN(C(=O)Nc2ccccc2)CC1,CHEMBL4879514,2.0,1.0,0.621,238,False
O=C1CC/C=C/CCC(=O)N(Cc2cccc(/C=N/NC(=O)c3cccc(C(=O)NO)c3)c2)C[C@@H](c2ccccc2)O1,CHEMBL1937,1.0,1.0,1.0,2834,True
O=C1CC/C=C/CCC(=O)N(Cc2cccc(/C=N/NC(=O)c3cccc(C(=O)NO)c3)c2)C[C@@H](c2ccccc2)O1,CHEMBL3192,2.0,2.0,1.0,3069,True
O=C1CC/C=C/CCC(=O)N(Cc2cccc(/C=N/NC(=O)c3cccc(C(=O)NO)c3)c2)C[C@@H](c2ccccc2)O1,CHEMBL1829,3.0,3.0,0.478,2582,True
O=C1CC2CCc3ccsc3C2=NN1CN1CCN(Cc2ccccc2)CC1,CHEMBL1914,1.0,1.0,0.868,3653,False
O=C1CC2CCc3ccsc3C2=NN1CN1CCN(Cc2ccccc2)CC1,CHEMBL220,2.0,2.0,0.868,6051,False
O=C1CCC(CCN2CC(N3C4CCC3CC(O)C4)C2)(c2ccc(Cl)c(Cl)c2)CN1Cc1ccccc1,CHEMBL249,1.0,1.0,0.791,2543,False
O=C1CCC(N2C(=O)c3ccc(OCCN4CCN(Cc5ccc(C6Cc7c(NCc8ccccc8Cl)ncnc7N6)cc5)CC4)cc3C2=O)C(=O)N1,CHEMBL203,1.0,1.0,0.932,11022,False
O=C1CCC(N2C(=O)c3cccc(NCCCCCCC(=O)Nc4ccc(N5Cc6ccc(O)cc6OC5=O)cc4)c3C2=O)C(=O)N1,CHEMBL2085,1.0,1.0,1.0,399,True
O=C1CCC2(CCN(C(=O)[C@@H]3CCCc4ccccc43)C2)C(=O)N1,CHEMBL3763008,1.0,1.0,1.0,410,True
O=C1CCc2cc(-c3cccnc3)cc3c2N1CC3,CHEMBL2722,1.0,1.0,0.85,2212,False
O=C1CCc2cc(-c3cccnc3)cc3c2N1CC3,CHEMBL1908,2.0,2.0,0.85,1695,False
O=C1CCc2cc(-c3cncc(C(F)(F)F)c3)cc3c2N1CC3,CHEMBL2722,1.0,1.0,0.787,2212,False
O=C1CCc2cc(-c3cncc(C(F)(F)F)c3)cc3c2N1CC3,CHEMBL1908,2.0,2.0,0.787,1695,False
O=C1CCc2cc(-c3cncc(F)c3)cc3c2N1CC3,CHEMBL2722,1.0,1.0,0.872,2212,False
O=C1CCc2cc(-c3cncc(F)c3)cc3c2N1CC3,CHEMBL1908,2.0,2.0,0.872,1695,False
O=C1CCc2cc(-c3cncc(O)c3)cc3c2N1CC3,CHEMBL2722,2.0,2.0,0.773,2212,False
O=C1CCc2cc(-c3cncc(O)c3)cc3c2N1CC3,CHEMBL1908,1.0,1.0,0.773,1695,False
O=C1CCc2cc(S(=O)(=O)NC(C(=O)N3CCC(Cc4ccccc4)CC3)c3ccccc3)ccc2N1,CHEMBL5955,1.0,1.0,0.721,41,False
O=C1CN(c2ncc(-c3ccn4c(-c5cccc(NC(=O)NCC(F)(F)F)c5)cnc4c3)cn2)CCN1,CHEMBL2742,2.0,2.0,0.769,2331,False
O=C1CN(c2ncc(-c3ccn4c(-c5cccc(NC(=O)NCC(F)(F)F)c5)cnc4c3)cn2)CCN1,CHEMBL279,1.0,1.0,0.769,10551,False
O=C1CN(c2nccn3c(-c4ccc5[nH]c(=O)[nH]c5c4)c(-c4ccc(F)cc4)nc23)CCN1,CHEMBL2009,1.0,1.0,0.758,328,False
O=C1COC(c2ccc(/N=C/c3ccc(Cl)cc3)cc2)=NN1,CHEMBL2039,1.0,1.0,0.755,4794,False
O=C1COC(c2ccc(/N=C/c3cccc(Cl)c3)cc2)=NN1,CHEMBL2039,1.0,1.0,0.816,4794,False
O=C1COC(c2ccc(/N=C/c3cccc(F)c3)cc2)=NN1,CHEMBL2039,1.0,1.0,0.72,4794,False
O=C1CO[C@H](c2cccc(Cl)c2)[C@H](c2ccc(Cl)cc2)N1CC1CC1,CHEMBL5023,1.0,1.0,1.0,4821,True
O=C1COc2ccc(-c3cc(Nc4ccc(N5CCOCC5)nn4)c4nccn4c3)cc2N1,CHEMBL2599,1.0,1.0,0.662,5285,False
O=C1COc2ccc(-c3nc([C@H]4CCCCN4C(=O)COc4ccccc4)no3)cc2N1,CHEMBL1293194,1.0,1.0,0.77,485,False
O=C1CSC(NN=C2CCCCCC2)=N1,CHEMBL203,2.0,2.0,1.0,11022,True
O=C1CSC(NN=C2CCCCCC2)=N1,CHEMBL1824,1.0,1.0,1.0,2604,True
O=C1C[C@@](c2ccc(N3CCOCC3)cc2)(c2ccsc2)NC(=O)[C@H]1Sc1cc(Cl)ccc1Cl,CHEMBL4835,1.0,1.0,1.0,603,True
O=C1C[C@H]2O[C@@H](c3ccc(O)cc3)C3=C(C(=O)c4ccccc4C3=O)[C@H]2O1,CHEMBL4282,1.0,1.0,0.667,3688,False
O=C1C[C@H]2O[C@@H](c3cccc(O)c3)C3=C(C(=O)c4ccccc4C3=O)[C@H]2O1,CHEMBL4282,1.0,1.0,0.627,3688,False
O=C1Cc2cc(-c3c(-c4ccc(F)cc4)nc4c(N5CCC6(CC5)OCCO6)nccn34)ccc2N1,CHEMBL2009,1.0,1.0,0.818,328,False
O=C1N(C2CCCCC2)C(=O)C2(CCN(Cc3ccc(-n4ccnc4)cc3)CC2)N1Cc1ccccc1F,CHEMBL344,1.0,1.0,0.75,3656,False
O=C1N(C[C@@H](O)CNCc2cccs2)CN(c2ccccc2)C12CCN(CCc1ccccc1-c1cccs1)CC2,CHEMBL2014,1.0,1.0,0.836,2731,False
O=C1N(C[C@@H](O)CNCc2cccs2)CN(c2ccccc2)C12CCN(CCc1ccccc1-c1cccs1)CC2,CHEMBL233,2.0,2.0,0.836,7306,False
O=C1N(C[C@H](O)CNCc2cccs2)CN(c2ccccc2)C12CCN(CCc1ccccc1-c1cccs1)CC2,CHEMBL2014,1.0,1.0,0.836,2731,False
O=C1N(C[C@H](O)CNCc2cccs2)CN(c2ccccc2)C12CCN(CCc1ccccc1-c1cccs1)CC2,CHEMBL233,2.0,2.0,0.836,7306,False
O=C1NC(=O)/C(=C/c2ccc(OC(=O)C3CCCC3)c(Br)c2)S1,CHEMBL1293255,1.0,1.0,0.978,503,False
O=C1NC(=O)/C(=C/c2ccc(OC(=O)C3CCCC3)c(Cl)c2)S1,CHEMBL1293255,1.0,1.0,0.978,503,False
O=C1NC(=O)/C(=C/c2ccc(OC(=O)C3CCCC3)cc2)S1,CHEMBL1293255,1.0,1.0,0.974,503,False
O=C1NC(=O)/C(=C/c2ccc(OC(=O)C3CCCC3)cc2Cl)S1,CHEMBL1293255,1.0,1.0,0.979,503,False
O=C1NC(=O)/C(=C/c2cnn3c(NC4CC4)cc(-c4cccnc4)nc23)N1,CHEMBL2358,1.0,1.0,0.845,176,False
O=C1NC(=O)/C(=C/c2cnn3c(NC4CC4)nc(Nc4cccc(CN5CCCC5)c4)nc23)N1,CHEMBL2358,1.0,1.0,0.699,176,False
O=C1NC(=O)C(c2cc(Cl)ccc2S(=O)(=O)NCCc2ccccc2)N1,CHEMBL1900,1.0,1.0,0.88,855,False
O=C1NC(=O)c2cccc(NC(=O)c3ccc(F)cc3)c2C1=O,CHEMBL2334,1.0,1.0,0.681,1965,False
O=C1NC(=O)c2cccc(NC(=O)c3ccc([N+](=O)[O-])cc3)c2C1=O,CHEMBL2334,1.0,1.0,0.706,1965,False
O=C1NC(=O)c2cccc(NC(=O)c3cccc([N+](=O)[O-])c3)c2C1=O,CHEMBL2334,1.0,1.0,0.66,1965,False
O=C1NC(=O)c2cccc(NC(=O)c3ccccc3)c2C1=O,CHEMBL2334,1.0,1.0,0.675,1965,False
O=C1NC(=O)c2cccc(NC(=O)c3ccccc3Cl)c2C1=O,CHEMBL2334,1.0,1.0,0.651,1965,False
O=C1NC(=S)N/C1=C/c1cc(-c2ccc3c(c2)COC3=O)ns1,CHEMBL5480,1.0,1.0,0.707,259,False
O=C1NC(=S)S/C1=C/c1ccc2c(c1)N(Cc1ccc(F)c(Cl)c1)C(=O)CO2,CHEMBL4005,27.0,36.0,0.371,7718,True
O=C1NC(=S)S/C1=C/c1ccc2c(c1)N(Cc1ccc(F)c(Cl)c1)C(=O)CO2,CHEMBL3267,5.0,5.0,0.831,3907,True
O=C1NC(=S)S/C1=C/c1ccc2c(c1)N(Cc1ccc(F)c(Cl)c1)C(=O)CO2,CHEMBL3130,6.0,6.0,0.638,7171,True
O=C1NC(=S)S/C1=C/c1ccc2c(c1)N(Cc1ccc(F)c(Cl)c1)C(=O)CO2,CHEMBL3145,106.0,163.0,0.296,2776,True
O=C1NC(=S)S/C1=C/c1ccc2c(c1)N(Cc1ccc(F)c(Cl)c1)C(=O)CO2,CHEMBL5554,2.0,2.0,1.0,214,True
O=C1NC(=S)S/C1=C/c1ccc2c(c1)N(Cc1ccc(F)c(Cl)c1)C(=O)CO2,CHEMBL1075102,4.0,4.0,1.0,24,True
O=C1NC(=S)S/C1=C/c1ccc2c(c1)N(Cc1ccc(F)c(Cl)c1)C(=O)CO2,CHEMBL3142,1.0,1.0,1.0,1390,True
O=C1NC(=S)S/C1=C\c1cccc(OCc2ccccc2)c1,CHEMBL280,4.0,4.0,0.766,2826,True
O=C1NC(=S)S/C1=C\c1csc(-c2cccnc2)n1,CHEMBL2147,1.0,1.0,0.766,4940,False
O=C1NC(NCc2ccco2)=N/C1=C\c1c[nH]c2ncccc12,CHEMBL5443,1.0,1.0,0.719,631,False
O=C1NC(c2cccc(Nc3ccc(F)c(F)c3)n2)(c2cccc(NC3CCOCC3)n2)CC(O)=C1Sc1ccccc1Cl,CHEMBL4835,1.0,1.0,0.868,603,False
O=C1NC(c2cccc(Nc3ccc(F)c(F)c3)n2)(c2cccc(NC3CCOCC3)n2)CC(O)=C1Sc1ccccc1Cl,CHEMBL4940,2.0,2.0,0.868,230,False
O=C1NC2(CC2)COc2ncc(F)cc2[C@H]2CCCCN2c2ccn3ncc1c3n2,CHEMBL2815,4.0,4.0,0.803,4872,False
O=C1NC2(CC2)COc2ncc(F)cc2[C@H]2CCCCN2c2ccn3ncc1c3n2,CHEMBL5608,5.0,5.0,0.803,635,False
O=C1NC2(CC2)COc2ncc(F)cc2[C@H]2CCCCN2c2ccn3ncc1c3n2,CHEMBL4247,2.0,2.0,0.803,2510,False
O=C1NC2(CC2)COc2ncc(F)cc2[C@H]2CCCCN2c2ccn3ncc1c3n2,CHEMBL5568,1.0,1.0,0.803,364,False
O=C1NCC(C(=O)NC[C@@H]2CCc3cc(C(O)(C(F)(F)F)C(F)(F)F)ccc3N2S(=O)(=O)c2ccc(F)cc2)N1,CHEMBL1741186,1.0,1.0,0.707,10748,False
O=C1NCC2(CCNCC2)c2[nH]c(-c3ccnc(-c4ccc5ccccc5c4)n3)cc21,CHEMBL2208,1.0,1.0,0.78,1083,False
O=C1NCCC1NCC[C@H]1CC[C@@H](c2ccc(F)cc2Cl)CC1,CHEMBL2014,1.0,1.0,0.722,2731,False
O=C1NCN(c2ccccc2)C12CCN(CCCCc1nc3cc(Cl)ccc3s1)CC2,CHEMBL234,7.0,7.0,0.589,6166,False
O=C1NCN(c2ccccc2)C12CCN(CCCCc1nc3cc(Cl)ccc3s1)CC2,CHEMBL219,5.0,5.0,0.589,2981,False
O=C1NCN(c2ccccc2)C12CCN(CCCCc1nc3cc(Cl)ccc3s1)CC2,CHEMBL217,3.0,3.0,0.589,9217,False
O=C1NCN(c2ccccc2)C12CCN(CCCCc1nc3cc(Cl)ccc3s1)CC2,CHEMBL214,6.0,6.0,0.589,5809,False
O=C1NCN(c2ccccc2)C12CCN(CCCCc1nc3cc(Cl)ccc3s1)CC2,CHEMBL224,4.0,4.0,0.589,6081,False
O=C1NCN(c2ccccc2)C12CCN(CCCCc1nc3cc(Cl)ccc3s1)CC2,CHEMBL3155,2.0,2.0,0.589,3175,False
O=C1NCN(c2ccccc2)C12CCN(CCCCc1nc3cc(Cl)ccc3s1)CC2,CHEMBL1833,8.0,8.0,0.589,2154,False
O=C1NCN(c2ccccc2)C12CCN(CCCCc1nc3cc(Cl)ccc3s1)CC2,CHEMBL225,10.0,10.0,0.536,3966,False
O=C1NCN(c2ccccc2)C12CCN(CCCCc1nc3cc(Cl)ccc3s1)CC2,CHEMBL228,1.0,1.0,0.589,5328,False
O=C1NCN(c2ccccc2)C12CCN(CCCCc1nc3cc(Cl)ccc3s1)CC2,CHEMBL231,9.0,9.0,0.577,1704,False
O=C1NCN(c2ccccc2)C12CCN(CCCCc1nc3ccccc3s1)CC2,CHEMBL219,6.0,6.0,0.719,2981,False
O=C1NCN(c2ccccc2)C12CCN(CCCCc1nc3ccccc3s1)CC2,CHEMBL234,7.0,7.0,0.719,6166,False
O=C1NCN(c2ccccc2)C12CCN(CCCCc1nc3ccccc3s1)CC2,CHEMBL217,5.0,5.0,0.719,9217,False
O=C1NCN(c2ccccc2)C12CCN(CCCCc1nc3ccccc3s1)CC2,CHEMBL214,1.0,1.0,0.719,5809,False
O=C1NCN(c2ccccc2)C12CCN(CCCCc1nc3ccccc3s1)CC2,CHEMBL3155,2.0,2.0,0.719,3175,False
O=C1NCN(c2ccccc2)C12CCN(CCCCc1nc3ccccc3s1)CC2,CHEMBL1833,8.0,8.0,0.719,2154,False
O=C1NCN(c2ccccc2)C12CCN(CCCCc1nc3ccccc3s1)CC2,CHEMBL231,9.0,9.0,0.656,1704,False
O=C1NCc2cc(-c3cnc(Nc4ccc(N5CCOCC5)cc4)c4nccn34)ccc21,CHEMBL3094,1.0,1.0,0.758,97,False
O=C1NCc2cccc(-c3ccc[nH]3)c21,CHEMBL279,1.0,1.0,0.571,10551,False
O=C1NCc2cccc(-c3ccc[nH]3)c21,CHEMBL4722,2.0,2.0,0.571,3456,False
O=C1N[C@H](c2cccc([N+](=O)[O-])c2)c2c(-c3ccco3)n[nH]c21,CHEMBL3713916,445.0,2.0,0.444,10,False
O=C1Nc2cc(C(F)(F)F)ccc2Nc2nc(Cl)ncc21,CHEMBL4977,1.0,1.0,0.64,130,False
O=C1Nc2ccc(Cl)cc2[C@@]2(CCN(C(=O)[C@H](Cc3ccccc3)NC(=O)c3ccc(C(=O)O)cc3)C2)O1,CHEMBL2820,1.0,1.0,1.0,3003,True
O=C1Nc2cn(C3CCN(C(=O)C4CC4(F)F)CC3)nc2C(=O)NCCCCCCn2cc(cn2)-c2cccc1n2,CHEMBL3357,1.0,1.0,0.763,681,False
O=C1OCC/C1=C\c1ccc2ncsc2c1,CHEMBL4376,9.0,3.0,0.533,333,False
O=C1OCC/C1=C\c1ccc2ncsc2c1,CHEMBL5543,7.0,2.0,0.533,754,False
O=C1OCC/C1=C\c1ccc2ncsc2c1,CHEMBL2292,6.0,1.0,0.533,3800,False
O=C1O[C@@H](Cn2cc(Br)nn2)CN1c1ccc(C2=CCS(=O)(=O)CC2)c(F)c1,CHEMBL1951,1.0,1.0,0.616,3112,False
O=C1O[C@@H](Cn2cc(CO)nn2)CN1c1ccc(C2=CCS(=O)(=O)CC2)c(F)c1,CHEMBL1951,1.0,1.0,0.622,3112,False
O=C1O[C@@H](Cn2cc(Cl)nn2)CN1c1ccc(C2=CCS(=O)(=O)CC2)c(F)c1,CHEMBL1951,1.0,1.0,0.616,3112,False
O=C1O[C@@H](Cn2cc(F)nn2)CN1c1ccc(C2=CCS(=O)(=O)CC2)c(F)c1,CHEMBL1951,1.0,1.0,0.634,3112,False
O=C1O[C@@H](Cn2ccnn2)CN1c1ccc(C2=CCS(=O)(=O)CC2)c(F)c1,CHEMBL1951,1.0,1.0,0.634,3112,False
O=C1O[C@@H](Cn2nncc2F)CN1c1ccc(C2=CCS(=O)(=O)CC2)c(F)c1,CHEMBL1951,1.0,1.0,0.643,3112,False
O=C1O[C@]2(CC[C@H](c3nc4cc(-c5nnco5)ccc4[nH]3)CC2)c2ccccc21,CHEMBL4561,1.0,1.0,0.75,1180,False
O=C1Oc2ccccc2CN1c1cnc(NCc2c(F)ccc3c2CCO3)n2cnnc12,CHEMBL2189117,1.0,1.0,0.806,581,False
O=C1[C@@H](CCO)O[C@H](c2cccc(Cl)c2)[C@H](c2ccc(Cl)cc2)N1CC1CC1,CHEMBL5023,1.0,1.0,1.0,4821,True
O=C1[C@@H](NS(=O)(=O)c2ccc(Oc3ccc(Cl)cc3)cc2)CC=CCN1O,CHEMBL333,1.0,1.0,1.0,3911,True
O=C1[C@@H](NS(=O)(=O)c2ccc(Oc3ccc(Cl)cc3)cc2)CC=CCN1O,CHEMBL321,4.0,4.0,1.0,2771,True
O=C1c2c(c3c4ccc(O)cc4n(O[C@@H]4O[C@H](CO)[C@@H](O)[C@H](O)[C@H]4O)c3c3[nH]c4cc(O)ccc4c23)C(=O)N1NCc1ccoc1,CHEMBL1781,1.0,1.0,0.857,447,False
O=C1c2cc(-c3ccnc(Nc4nccs4)n3)ccc2CN1C(CO)c1cccc(Cl)c1,CHEMBL4040,1.0,1.0,0.753,5246,False
O=C1c2ccccc2-c2onc3c(C4CCNCC4)cc(Nc4ccc(CN5CCCC5)cc4)c1c23,CHEMBL6032,3.0,3.0,0.474,647,False
O=C1c2ccccc2C(=O)N1CC#Cc1ccc2c(c1)C=C([N+](=O)[O-])C(C(F)(F)F)O2,CHEMBL4714,9.0,1.0,0.672,320,False
O=C1c2ccccc2C(=O)N1CC#Cc1ccc2c(c1)C=C([N+](=O)[O-])C(C(F)(F)F)O2,CHEMBL1867,2.0,3.0,0.609,1052,False
O=C1c2ccccc2C(=O)N1CC#Cc1ccc2c(c1)C=C([N+](=O)[O-])C(C(F)(F)F)O2,CHEMBL1850,1.0,2.0,0.61,395,False
O=C1c2ccccc2C(=O)N1CC#Cc1ccc2c(c1)C=C([N+](=O)[O-])C(C(F)(F)F)O2,CHEMBL1942,4.0,5.0,0.609,608,False
O=C1c2ccccc2C(=O)N1c1cccc(OCc2ccccc2)c1,CHEMBL3227,66.0,52.0,0.429,2955,False
O=C1c2ccccc2C(=O)N1c1n[nH]c(-c2ccco2)n1,CHEMBL5979,1.0,2.0,0.481,888,False
O=C1c2ccccc2C(=O)N1c1nc2cc([N+](=O)[O-])ccc2n1Cc1ccc(-c2ccccc2)cc1,CHEMBL230,1.0,1.0,0.852,4379,False
O=C1c2ccccc2C(=O)N1c1nc2cc([N+](=O)[O-])ccc2n1Cc1ccc(-c2ccccc2)cc1,CHEMBL215,2.0,2.0,0.852,2375,False
O=C1c2ccccc2C(=O)N1c1nc2cc([N+](=O)[O-])ccc2n1Cc1ccc(-c2ccccc2)cc1,CHEMBL2903,931.0,988.0,0.219,423,False
O=C1c2ccccc2NC(c2ccccc2F)N1c1ccc(OCCn2ccnc2-c2ccccc2)cc1,CHEMBL3860,1.0,1.0,0.812,185,False
O=C1c2ccccc2N[C@H]2[C@H](O)c3cc(F)ccc3N12,CHEMBL4685,135.0,53.0,0.293,3604,False
O=C1c2ccccc2N[C@H]2[C@H](O)c3ccccc3N12,CHEMBL4685,97.0,30.0,0.304,3604,False
O=C1c2ccccc2[C@@H]2[C@H](C(=O)O)[C@H](C(=O)O)[C@@H]2c2ccc(-c3cccc4ccccc34)cc21,CHEMBL252,1.0,1.0,0.738,1537,False
O=C1c2ccccc2[C@@H]2[C@H](C(=O)O)[C@H](C(=O)O)[C@@H]2c2ccc(-c3cccc4ccccc34)cc21,CHEMBL1785,2.0,2.0,0.738,1095,False
O=C1c2ccsc2CCC1CCN1CCC(c2noc3cc(F)ccc23)CC1,CHEMBL225,1.0,1.0,0.852,3966,False
O=CC[C@H]1O[C@H](c2cccc(Cl)c2)[C@H](c2ccc(Cl)cc2)N(CC2CC2)C1=O,CHEMBL5023,1.0,1.0,0.833,4821,False
O=Cc1cc(-c2ccc3ncnc(N[C@H]4CCN(C(=O)C5CCOCC5)C4)c3n2)ccc1O,CHEMBL3130,1.0,1.0,0.771,7171,False
O=Cc1ccc2cccc(C(=O)Nc3ccc(C(F)(F)F)cn3)c2n1,CHEMBL3973,2.0,2.0,0.492,2112,False
O=Cc1ccc2cccc(C(=O)Nc3ccc(C(F)(F)F)cn3)c2n1,CHEMBL2208,157.0,89.0,0.314,1083,False
O=Cc1cn(C[C@H]2CN(c3ccc(C4=CCS(=O)(=O)CC4)c(F)c3)C(=O)O2)nn1,CHEMBL1951,1.0,1.0,0.6,3112,False
O=Cc1nc2c(C(=O)Nc3ccc(C(F)(F)F)cn3)cccc2cc1O,CHEMBL3973,5.0,7.0,0.431,2112,False
O=P([O-])(Oc1c2ccccc2cc2ccccc12)Oc1c2ccccc2cc2ccccc12,CHEMBL3714079,1.0,1.0,0.625,829,False
O=P(c1ccccc1)(c1ccccc1)C(c1cccnc1)N1CCCCC1,CHEMBL4305,2.0,1.0,0.6,166,False
O=P(c1ccccc1)(c1ccccc1)C(c1cccnc1)N1CCCCC1,CHEMBL4306,3.0,2.0,0.6,776,False
O=S(=O)(/N=C/c1c(O)ccc2ccccc12)c1cccs1,CHEMBL1163101,1.0,2.0,0.476,653,False
O=S(=O)(/N=C/c1c(O)ccc2ccccc12)c1cccs1,CHEMBL4685,5.0,8.0,0.421,3604,False
O=S(=O)(/N=C/c1c(O)ccc2ccccc12)c1cccs1,CHEMBL2140,775.0,285.0,0.242,983,False
O=S(=O)(C1CC1)N(Cc1nc(-c2nnc(C(F)F)o2)cs1)c1cccc(Cl)c1,CHEMBL1865,1.0,1.0,0.794,6508,False
O=S(=O)(CC1CC1)NCCOc1ccc2c(c1)[C@@H](Cc1ccccc1)[C@@H](N1CCC1)CO2,CHEMBL2337,2.0,2.0,0.739,1047,False
O=S(=O)(CCNc1nonc1/C(=N/O)Nc1ccc(F)c(Br)c1)NC1CC1,CHEMBL4685,1.0,1.0,0.933,3604,False
O=S(=O)(CCc1ccc(Cl)cc1)Nc1nnc(-c2ccc(F)s2)n1-c1ccccc1OC(F)F,CHEMBL1628481,1.0,1.0,0.537,3358,False
O=S(=O)(CCc1ccc(Cl)cc1)Nc1nnc(-c2cccs2)n1-c1ccccc1OC(F)F,CHEMBL1628481,1.0,1.0,0.593,3358,False
O=S(=O)(Cc1ccccc1)NC1CCN(Cc2ccc(-c3nnc4n3-c3cccnc3Nc3ccccc3-4)cc2)CC1,CHEMBL4282,1.0,1.0,0.808,3688,False
O=S(=O)(NC[C@H]1CC[C@H](CNC2=NC3CCc4cc(Cl)ccc4C3C2)CC1)c1ccccc1,CHEMBL4561,1.0,2.0,0.447,1180,False
O=S(=O)(NC[C@H]1CC[C@H](CNC2=NC3CCc4cc(O)ccc4C3C2)CC1)c1ccccc1,CHEMBL4561,1.0,1.0,0.549,1180,False
O=S(=O)(NC[C@H]1CC[C@H](CNC2=NC3CCc4ccccc4C3C2)CC1)c1ccccc1,CHEMBL4561,2.0,2.0,0.424,1180,False
O=S(=O)(NCc1ccc(F)cc1)c1ccc2c(c1)nc(SCCO)n2Cc1ccccc1,CHEMBL1855,1.0,1.0,0.823,1565,False
O=S(=O)(Nc1ccc(-c2ccco2)cc1)c1cc(Cl)cc(Cl)c1,CHEMBL340,1.0,1.0,0.644,5556,False
O=S(=O)(Nc1ccncn1)c1cc2c(cc1F)N([C@H]1CC[C@H](c3cccc(C(F)(F)F)c3)C[C@@H]1N1CCCC1)CCO2,CHEMBL4296,1.0,1.0,0.8,7797,False
O=S(=O)(Nc1ccncn1)c1ccc2c(c1)OCC[C@@H]2c1ccc(C(F)(F)F)cc1-c1ccc(F)nc1,CHEMBL4296,1.0,1.0,0.843,7797,False
O=S(=O)(Nc1cscn1)c1cc(Cl)c(Oc2ccc(Cl)cc2-c2ccnn2C2CNC2)cc1F,CHEMBL4296,2.0,2.0,0.743,7797,False
O=S(=O)(Nc1cscn1)c1cc(Cl)c(Oc2ccc(F)cc2-c2ccnn2C2CNC2)cc1F,CHEMBL4296,1.0,1.0,0.744,7797,False
O=S(=O)(Nc1cscn1)c1cc(F)c(Oc2ccc(C(F)(F)F)cc2-c2ccnn2C2CNC2)cc1F,CHEMBL4296,1.0,1.0,0.675,7797,False
O=S(=O)(Nc1ncc(Cl)nc1OCc1cccc(Br)c1)c1cccc(Cl)c1Cl,CHEMBL2414,1.0,1.0,0.741,550,False
O=S(=O)(Nc1ncc(Cl)nc1OCc1ccccc1CO)c1cccc(Cl)c1Cl,CHEMBL2414,1.0,1.0,0.69,550,False
O=S(=O)(Nc1ncns1)N1CCc2c(cccc2-c2c(Br)cc(C(F)(F)F)cc2C2=CCNCC2)C1,CHEMBL4296,1.0,1.0,0.704,7797,False
O=S(=O)(Nc1ncns1)N1CCc2c(cccc2-c2ccc(C(F)(F)F)cc2C2=CCNCC2)C1,CHEMBL4296,1.0,1.0,0.873,7797,False
O=S(=O)(Nc1ncns1)N1CCc2c(cccc2-c2cccc3ccccc23)C1,CHEMBL4296,1.0,1.0,0.845,7797,False
O=S(=O)(c1ccc(/C=C/c2ccncc2)nc1)c1ccccc1F,CHEMBL224,1.0,1.0,0.791,6081,False
O=S(=O)(c1ccc(/C=C/c2ccncc2)nc1)c1ccccc1F,CHEMBL240,2.0,2.0,0.646,10985,False
O=S(=O)(c1ccccc1)N(F)S(=O)(=O)c1ccccc1,CHEMBL1741217,1458.0,134.0,0.297,921,False
O=S(=O)(c1ccccc1)c1cc(Cl)c2oc3c(c2c1)CN(c1cccnc1)CC3,CHEMBL3371,1.0,1.0,0.644,4324,False
O=S(=O)(c1ccccc1)n1ccc2ccc(N3CCN(CC(F)(F)F)CC3)cc21,CHEMBL3371,1.0,1.0,0.84,4324,False
O=S(=O)(c1ccccc1-c1ccc(-c2cnc3[nH]ccc3n2)c(F)c1)N1CCOCC1,CHEMBL4550,2.0,2.0,0.85,2239,False
O=S(=O)(c1ccccc1-c1ccc(-c2cnc3[nH]ccc3n2)c(F)c1)N1CCOCC1,CHEMBL5027,1.0,1.0,0.85,1419,False
O=S(=O)(c1cccnc1)N1CCN(c2ccc(/C=C/c3cc(F)cc(-c4ccncc4)c3)cc2)CC1,CHEMBL3522,1.0,1.0,0.702,729,False
O=S(=O)(c1cccnc1)N1CCN(c2ccc(/C=C/c3cc(F)cc(-c4ccncc4)c3)cc2)CC1,CHEMBL1908,2.0,2.0,0.702,1695,False
O=S(=O)(c1cccnc1)N1CCN(c2ccc(/C=C/c3cc(F)cc(-c4ccncc4)c3)cc2)CC1,CHEMBL2759,5.0,3.0,0.702,114,False
O=S1(=O)C=C(Sc2nnc(-c3cccnc3)o2)c2ccccc21,CHEMBL1822,3.0,2.0,0.787,162,False
O=S1(=O)C=C(Sc2nnc(-c3cccnc3)o2)c2ccccc21,CHEMBL2002,5.0,3.0,0.787,615,False
O=S1OC[C@@H]2[C@H](CO1)[C@@]1(Cl)C(Cl)=C(Cl)[C@]2(Cl)C1(Cl)Cl,CHEMBL3561,1798.0,666.0,0.119,47,True
O=S1OC[C@@H]2[C@H](CO1)[C@@]1(Cl)C(Cl)=C(Cl)[C@]2(Cl)C1(Cl)Cl,CHEMBL1847,1160.0,2297.0,0.071,19,True
O=[N+]([O-])c1ccc(Nc2nccc(-c3cnn4ncccc34)n2)cc1,CHEMBL301,4.0,4.0,0.617,2596,False
O=[N+]([O-])c1ccc(Nc2nccc(-c3cnn4ncccc34)n2)cc1,CHEMBL331,1.0,1.0,0.617,1424,False
O=[N+]([O-])c1ccc(Nc2nccc(-c3cnn4ncccc34)n2)cc1,CHEMBL262,3.0,3.0,0.617,5430,False
O=[N+]([O-])c1ccc2c(ncn2CCC[C@H]2NCCC[C@@H]2O)c1Cl,CHEMBL2638,1.0,1.0,0.662,89,False
O=[N+]([O-])c1cccc(Nc2nccc(-c3cnn4ncccc34)n2)c1,CHEMBL331,1.0,1.0,0.645,1424,False
O=[N+]([O-])c1cccc(Nc2nccc(-c3cnn4ncccc34)n2)c1,CHEMBL262,2.0,2.0,0.645,5430,False
O=[N+]([O-])c1cccc(Nc2nccc(-c3cnn4ncccc34)n2)c1,CHEMBL301,7.0,3.0,0.645,2596,False
O=[N+]([O-])c1cccc(Nc2nccc(-c3cnn4ncccc34)n2)c1,CHEMBL2535,18.0,9.0,0.544,781,False
O=[N+]([O-])c1cnc(OCCc2ccccc2)nc1Cl,CHEMBL2288,1.0,1.0,0.762,516,False
O=c1[nH]/c(=N\OCCc2ccccc2)ccn1[C@@H]1O[C@H](COP(=O)(O)OP(=O)(O)OP(=O)(O)O)[C@@H](O)[C@H]1O,CHEMBL4398,1.0,1.0,0.91,336,False
O=c1[nH]/c(=N\OCCc2ccccc2)ccn1[C@@H]1O[C@H](COP(=O)(O)OP(=O)(O)OP(=O)(O)O)[C@@H](O)[C@H]1O,CHEMBL2123,3.0,3.0,0.91,179,False
O=c1[nH]/c(=N\OCCc2ccccc2)ccn1[C@@H]1O[C@H](COP(=O)(O)OP(=O)(O)OP(=O)(O)O)[C@@H](O)[C@H]1O,CHEMBL4714,2.0,2.0,0.91,320,False
O=c1[nH]c(-c2cccc(NS(=O)(=O)Cc3ccccc3)c2)cs1,CHEMBL1163125,1.0,1.0,0.64,9315,False
O=c1[nH]c(NC2CCNC2)nc(N[C@@H]2C[C@H](CO)[C@@H](O)[C@H]2O)c1-c1nc2ccccc2s1,CHEMBL3778,1.0,1.0,0.912,7453,False
O=c1[nH]c(SCCN2CCN(CCCc3nc(-c4ccccc4)no3)CC2)nc2ccccc12,CHEMBL3105,3.0,3.0,0.673,4466,False
O=c1[nH]c(SCCN2CCN(CCCc3nc(-c4ccccc4)no3)CC2)nc2ccccc12,CHEMBL5366,4.0,4.0,0.673,773,False
O=c1[nH]c(SCCN2CCN(CCCc3nc(-c4ccccc4)no3)CC2)nc2ccccc12,CHEMBL6164,1.0,1.0,0.673,1063,False
O=c1[nH]c(SCCN2CCN(CCCc3nc(-c4ccccc4)no3)CC2)nc2ccccc12,CHEMBL6154,2.0,2.0,0.673,887,False
O=c1[nH]c2ncc(-c3ccc(O)cc3)nc2n1C1CCOCC1,CHEMBL2842,1.0,2.0,0.796,4921,False
O=c1[nH]cc(Cl)cc1Nc1ncc2[nH]c(=O)n([C@@H]3CCOc4c(F)cccc43)c2n1,CHEMBL2148,2.0,2.0,0.59,7416,False
O=c1[nH]cc(Cl)cc1Nc1ncc2[nH]c(=O)n([C@@H]3CCOc4c(F)cccc43)c2n1,CHEMBL2971,1.0,1.0,0.59,12637,False
O=c1[nH]cc(Cl)cc1Nc1ncc2[nH]c(=O)n([C@@H]3CCOc4c(F)cccc43)c2n1,CHEMBL2835,32.0,79.0,0.543,10399,False
O=c1[nH]cc(F)cc1Nc1ncc2[nH]c(=O)n([C@@H]3CCOc4c(F)cccc43)c2n1,CHEMBL2148,3.0,3.0,0.58,7416,False
O=c1[nH]cc(F)cc1Nc1ncc2[nH]c(=O)n([C@@H]3CCOc4c(F)cccc43)c2n1,CHEMBL2971,8.0,8.0,0.58,12637,False
O=c1[nH]cc(F)cc1Nc1ncc2[nH]c(=O)n([C@@H]3CCOc4c(F)cccc43)c2n1,CHEMBL2835,38.0,79.0,0.568,10399,False
O=c1[nH]ccc2c(Br)cnc(Nc3ccc(N4CCOCC4)cc3)c12,CHEMBL2803,1.0,1.0,0.672,305,False
O=c1[nH]ccc2cc(NCC(F)(F)F)nc(Nc3ccc(N4CCOCC4)cc3)c12,CHEMBL2803,1.0,1.0,0.625,305,False
O=c1[nH]cccc1Nc1ncc2[nH]c(=O)n([C@@H]3CCOc4c(F)cccc43)c2n1,CHEMBL2148,1.0,1.0,0.657,7416,False
O=c1[nH]cccc1Nc1ncc2[nH]c(=O)n([C@@H]3CCOc4c(F)cccc43)c2n1,CHEMBL2971,2.0,2.0,0.657,12637,False
O=c1[nH]cccc1Nc1ncc2[nH]c(=O)n([C@@H]3CCOc4c(F)cccc43)c2n1,CHEMBL2835,3.0,3.0,0.657,10399,False
O=c1[nH]cnc2c(Cl)cc(N3CCCC3)cc12,CHEMBL4523418,1.0,1.0,0.568,160,False
O=c1[nH]cnc2c(F)cc(N3CCCC3)cc12,CHEMBL4523418,1.0,1.0,0.568,160,False
O=c1[nH]cnc2c(Sc3ccc(OCc4c(F)c(F)c(F)c(F)c4F)cc3/C=C/P(=O)([O-])[O-])c[nH]c12,CHEMBL4338,1.0,1.0,0.873,310,False
O=c1[nH]cnc2cc(F)c(N3CCCC3)cc12,CHEMBL4523418,1.0,1.0,0.667,160,False
O=c1[nH]cnc2ccc(-c3cn[nH]c3)cc12,CHEMBL5903,9.0,2.0,0.531,1119,False
O=c1[nH]cnc2ccc(N3CCCC3)cc12,CHEMBL4523418,1.0,1.0,0.971,160,False
O=c1[nH]cnc2ccc(N3CCCC3)cc12,CHEMBL4523431,2.0,2.0,0.732,48,False
O=c1[nH]nc(-c2ccnc(Nc3nccs3)c2)n1-c1ccc2ccccc2c1,CHEMBL2637,3.0,3.0,0.737,1597,False
O=c1[nH]nc(-c2ccnc(Nc3nccs3)c2)n1-c1ccc2ccccc2c1,CHEMBL4179,2.0,2.0,0.737,1152,False
O=c1[nH]nc(N2CCC2)cc1O,CHEMBL5485,1.0,1.0,0.9,454,False
O=c1c(NCCCCCCCc2c3c(nc4ccccc24)CCCC3)c(NCCCCCCCc2c3c(nc4ccccc24)CCCC3)c1=O,CHEMBL220,2.0,2.0,0.696,6051,False
O=c1c(NCCCCCCCc2c3c(nc4ccccc24)CCCC3)c(NCCCCCCCc2c3c(nc4ccccc24)CCCC3)c1=O,CHEMBL1914,1.0,1.0,0.696,3653,False
O=c1c2c(O)c(O)ccc2c2cc(O)c(O)cc2n1Cc1ccc([N+](=O)[O-])cc1,CHEMBL267,1.0,1.0,0.667,3981,False
O=c1c2c(O)c(O)ccc2c2cc(O)c(O)cc2n1Cc1ccccc1,CHEMBL267,1.0,1.0,0.787,3981,False
O=c1c2cc(O)c(O)cc2c2cc(O)c(O)cc2n1Cc1cc([N+](=O)[O-])ccc1O,CHEMBL1250375,3.0,1.0,0.519,170,False
O=c1c2cc(O)c(O)cc2c2cc(O)c(O)cc2n1Cc1ccc(Cl)c(Cl)c1,CHEMBL267,1.0,1.0,0.617,3981,False
O=c1c2cc(O)c(O)cc2c2cc(O)c(O)cc2n1Cc1ccc([N+](=O)[O-])cc1,CHEMBL267,1.0,1.0,0.625,3981,False
O=c1c2cc(O)c(O)cc2c2cc(O)c(O)cc2n1Cc1ccc([N+](=O)[O-])cc1,CHEMBL1250375,58.0,3.0,0.455,170,False
O=c1c2cc(O)c(O)cc2c2cc(O)c(O)cc2n1Cc1cccc([N+](=O)[O-])c1,CHEMBL1250375,76.0,5.0,0.456,170,False
O=c1c2cc(O)c(O)cc2c2cc(O)c(O)cc2n1Cc1ccccc1,CHEMBL267,1.0,1.0,0.758,3981,False
O=c1c2ccccc2c(-c2ccc(OCCCC[P+](c3ccccc3)(c3ccccc3)c3ccccc3)cc2)nn1CC1CCCCC1,CHEMBL4662,1.0,1.0,0.946,1235,False
O=c1c2ccccc2c(-c2ccc(OCCCC[P+](c3ccccc3)(c3ccccc3)c3ccccc3)cc2)nn1CC1CCCCC1,CHEMBL4208,2.0,2.0,0.705,200,False
O=c1c2sc3ncc4c(c3c2ncn1-c1ccc(Cl)cc1)NCCO4,CHEMBL3772,1.0,1.0,0.565,799,False
O=c1cc(-c2ccc(C(F)(F)F)nc2)ccn1-c1ccc2c3c([nH]c2c1)CC1CCC3N1,CHEMBL344,1.0,1.0,0.671,3656,False
O=c1cc(-c2ccc(OCCCc3cn(CCOCCOCCOc4ccc(-c5oc6ccccc6c(=O)c5OCc5ccccc5)cc4)nn3)cc2)oc2cc(F)ccc12,CHEMBL5393,2.0,2.0,0.901,1337,False
O=c1cc(-c2ccc(OCCCc3cn(CCOCCOCCOc4ccc(-c5oc6ccccc6c(=O)c5OCc5ccccc5)cc4)nn3)cc2)oc2cc(F)ccc12,CHEMBL3004,3.0,3.0,0.901,539,False
O=c1cc(-c2ccc(OCCCc3cn(CCOCCOCCOc4ccc(-c5oc6ccccc6c(=O)c5OCc5ccccc5)cc4)nn3)cc2)oc2cc(F)ccc12,CHEMBL4302,1.0,1.0,0.901,2509,False
O=c1cc(C2CCNCC2)n2nc(-c3cccs3)cc2[nH]1,CHEMBL1873,1.0,1.0,0.655,834,False
O=c1cc(CCCC2(C3CC3)CC2)c2c(=O)[nH]c(C(F)F)nc2o1,CHEMBL3785,1.0,1.0,0.745,603,False
O=c1cc(N2CCOCC2)nc2n(Cc3cccc(Cl)c3Cl)c3ccccc3n12,CHEMBL3145,4.0,4.0,0.759,2776,False
O=c1cc(N2CCOCC2)nc2n(Cc3cccc(Cl)c3Cl)c3ccccc3n12,CHEMBL3130,1.0,1.0,0.759,7171,False
O=c1cc(N2CCOCC2)oc2c(-c3cccs3)cccc12,CHEMBL3142,1.0,1.0,0.82,1390,False
O=c1cc(OCc2ccc(F)cc2F)ccn1-c1ccc2c3c([nH]c2c1)CCN1CCCC31,CHEMBL344,1.0,1.0,0.767,3656,False
O=c1cc(OCc2ccccc2)ccn1-c1ccc(OCCN2CCCCC2)cc1,CHEMBL344,1.0,1.0,0.978,3656,False
O=c1cc(OCc2ccccc2)ccn1-c1ccc(OCCN2CCCCC2)cc1,CHEMBL240,2.0,2.0,0.978,10985,False
O=c1cc(OCc2ccccc2)ccn1-c1ccc2c3c([nH]c2c1)CCN1CCCC31,CHEMBL344,1.0,1.0,0.722,3656,False
O=c1ccc(-c2ccc(C(F)(F)F)cc2)c(-c2ccc(OCc3ccc4ccccc4n3)cc2)[nH]1,CHEMBL4409,1.0,1.0,1.0,5483,True
O=c1ccc(-c2ccc(F)cc2)c(-c2ccc(OCc3ccc4ccccc4n3)cc2)[nH]1,CHEMBL4409,1.0,1.0,1.0,5483,True
O=c1ccc(-c2ccccc2)c(-c2ccc(OCc3ccc4ccccc4n3)cc2)[nH]1,CHEMBL4409,1.0,1.0,1.0,5483,True
O=c1ccc(-c2ccncc2Nc2ncc3ccc(-c4c(F)cccc4F)nn23)c[nH]1,CHEMBL2147,1.0,1.0,0.688,4940,False
O=c1ccc(-c2ccncc2Nc2ncc3ccc(-c4c(F)cccc4F)nn23)c[nH]1,CHEMBL4523,2.0,2.0,0.688,2873,False
O=c1ccc2c(=O)n(Cc3nc([C@@H]4CO[C@@H](c5ccc(Cl)cc5)C4)no3)cnc2[nH]1,CHEMBL6007,1.0,1.0,0.718,1814,False
O=c1ccc2c(CO)nc(CO)nc2n1Cc1ccc(-c2ccccc2-c2nn[nH]n2)cc1,CHEMBL227,1.0,1.0,0.514,1165,False
O=c1ccc2c([C@@H](O)CNCCCCCCCCCN3CCC(Oc4nn(-c5c(O)cccc5F)c5c4CCCC5)CC3)ccc(O)c2[nH]1,CHEMBL245,2.0,2.0,0.529,2649,False
O=c1ccc2c([C@@H](O)CNCCCCCCCCCN3CCC(Oc4nn(-c5c(O)cccc5F)c5c4CCCC5)CC3)ccc(O)c2[nH]1,CHEMBL210,1.0,1.0,0.529,2135,False
O=c1ccc2c([nH]1)CCC(NCCCCNc1c3c(nc4cc(Cl)ccc14)CCCC3)C2,CHEMBL240,1.0,1.0,0.984,10985,False
O=c1ccc2ccc(CCCCCN3CCN(c4cccc5sccc45)CC3)cc2[nH]1,CHEMBL214,3.0,3.0,0.981,5809,False
O=c1ccc2ccc(CCCCCN3CCN(c4cccc5sccc45)CC3)cc2[nH]1,CHEMBL217,1.0,1.0,0.981,9217,False
O=c1ccc2ccc(CCCCCN3CCN(c4cccc5sccc45)CC3)cc2[nH]1,CHEMBL224,2.0,2.0,0.981,6081,False
O=c1ccc2ccc(Cn3cnnc3)cc2o1,CHEMBL1978,1.0,1.0,0.718,2984,False
O=c1ccc2ccc(OC[C@H]3CCCN3Cc3cccc4ccccc34)cc2o1,CHEMBL2243,1.0,1.0,1.0,1975,True
O=c1ccc2nc3ccc(OCc4cn(CCF)nn4)cc3oc-2c1,CHEMBL2487,1.0,1.0,0.632,1789,False
O=c1n(CCc2ccc3ccccc3n2)nc2cccc(N3CCOCC3)n12,CHEMBL4409,1.0,1.0,0.815,5483,False
O=c1nc(OCC2CCCO2)cc2n1CCc1cc(-c3ccc4ccccc4c3)ccc1-2,CHEMBL3714079,1.0,1.0,0.869,829,False
O=c1ncn2nc(Sc3ccc(Cl)c(Cl)c3)ccc2c1-c1c(Cl)cccc1Cl,CHEMBL260,4.0,4.0,0.306,5079,False
O=c1ncn2nc(Sc3ccc(F)c(Cl)c3)ccc2c1-c1c(Cl)cccc1Cl,CHEMBL260,3.0,4.0,0.328,5079,False
O=c1ncn2nc(Sc3ccc(F)cc3)ccc2c1-c1c(Cl)cccc1Cl,CHEMBL260,1.0,2.0,0.388,5079,False
O=c1ncn2nc(Sc3ccc(F)cc3Cl)ccc2c1-c1c(Cl)cccc1Cl,CHEMBL260,1.0,1.0,0.433,5079,False
O=c1ncn2nc(Sc3ccc(F)cc3F)ccc2c1-c1c(Cl)cccc1Cl,CHEMBL4134,495.0,291.0,0.222,48,False
O=c1ncn2nc(Sc3ccc(F)cc3F)ccc2c1-c1c(Cl)cccc1Cl,CHEMBL3987,492.0,288.0,0.222,51,False
O=c1ncn2nc(Sc3ccc(F)cc3F)ccc2c1-c1c(Cl)cccc1Cl,CHEMBL2073,472.0,286.0,0.222,221,False
O=c1ncn2nc(Sc3ccc(F)cc3F)ccc2c1-c1c(Cl)cccc1Cl,CHEMBL2068,557.0,298.0,0.222,800,False
O=c1ncn2nc(Sc3ccc(F)cc3F)ccc2c1-c1c(Cl)cccc1Cl,CHEMBL260,1.0,1.0,0.441,5079,False
O=c1ncn2nc(Sc3ccc(F)cc3F)ccc2c1-c1c(Cl)cccc1Cl,CHEMBL2007,159.0,251.0,0.222,933,False
O=c1ncn2nc(Sc3ccc(F)cc3F)ccc2c1-c1c(Cl)cccc1Cl,CHEMBL256,36.0,60.0,0.258,4904,False
O=c1ncn2nc(Sc3ccc(F)cc3F)ccc2c1-c1c(Cl)cccc1Cl,CHEMBL4014,606.0,302.0,0.222,148,False
O=c1ncn2nc(Sc3ccc(F)cc3F)ccc2c1-c1c(Cl)cccc1Cl,CHEMBL3961,2.0,2.0,0.441,254,False
O=c1ncn2nc(Sc3ccc(F)cc3F)ccc2c1-c1c(Cl)cccc1Cl,CHEMBL222,242.0,498.0,0.213,3692,False
O=c1ncn2nc(Sc3ccc(F)cc3F)ccc2c1-c1c(Cl)cccc1Cl,CHEMBL1844,419.0,281.0,0.222,2620,False
O=c1ncn2nc(Sc3ccc(F)cc3F)ccc2c1-c1c(Cl)cccc1Cl,CHEMBL5147,222.0,269.0,0.222,915,False
O=c1ncn2nc(Sc3ccc(F)cc3F)ccc2c1-c1c(Cl)cccc1Cl,CHEMBL5568,198.0,403.0,0.217,364,False
O=c1ncn2nc(Sc3ccc(F)cc3F)ccc2c1-c1c(Cl)cccc1Cl,CHEMBL3905,355.0,145.0,0.237,668,False
O=c1ncn2nc(Sc3ccc(F)cc3F)ccc2c1-c1c(Cl)cccc1Cl,CHEMBL4454,422.0,284.0,0.222,129,False
O=c1ncn2nc(Sc3ccc(F)cc3F)ccc2c1-c1c(Cl)cccc1Cl,CHEMBL3234,292.0,273.0,0.222,535,False
O=c1ncn2nc(Sc3ccc(F)cc3F)ccc2c1-c1c(Cl)cccc1Cl,CHEMBL2250,322.0,276.0,0.222,472,False
O=c1ncn2nc(Sc3ccc(F)cc3F)ccc2c1-c1c(Cl)cccc1Cl,CHEMBL3988,833.0,328.0,0.222,140,False
O=c1ncn2nc(Sc3ccc(F)cc3F)ccc2c1-c1c(Cl)cccc1Cl,CHEMBL1942,498.0,828.0,0.193,608,False
O=c1ncn2nc(Sc3ccc(F)cc3F)ccc2c1-c1c(Cl)cccc1Cl,CHEMBL5810,882.0,331.0,0.222,71,False
O=c1ncn2nc(Sc3cccc(Cl)c3)ccc2c1-c1c(Cl)cccc1Cl,CHEMBL260,2.0,2.0,0.406,5079,False
O=c1ncn2nc(Sc3cccc(F)c3)ccc2c1-c1c(Cl)cccc1Cl,CHEMBL260,3.0,3.0,0.314,5079,False
O=c1ncn2nc(Sc3ccccc3)ccc2c1-c1c(Cl)cccc1Cl,CHEMBL260,2.0,3.0,0.377,5079,False
O=c1ncn2nc(Sc3ccccc3)ccc2c1-c1c(F)cccc1C(F)(F)F,CHEMBL260,4.0,6.0,0.312,5079,False
O=c1ncn2nc(Sc3ccccc3)ccc2c1-c1c(F)cccc1F,CHEMBL260,1.0,2.0,0.317,5079,False
O=c1ncn2nc(Sc3ccccc3)ccc2c1-c1ccc(Cl)cc1Cl,CHEMBL260,1.0,2.0,0.344,5079,False
O=c1ncn2nc(Sc3ccccc3)ccc2c1-c1ccc(F)cc1,CHEMBL260,7.0,7.0,0.375,5079,False
O=c1ncn2nc(Sc3ccccc3)ccc2c1-c1ccccc1C(F)(F)F,CHEMBL260,8.0,13.0,0.289,5079,False
O=c1ncn2nc(Sc3ccccc3)ccc2c1-c1ccccc1Cl,CHEMBL260,1.0,3.0,0.349,5079,False
O=c1ncn2nc(Sc3ccccc3O)ccc2c1-c1c(Cl)cccc1Cl,CHEMBL260,1.0,2.0,0.361,5079,False
O=c1oc2ccccc2c(O)c1C1c2ccccc2Oc2c1c(=O)oc1ccccc21,CHEMBL3623,20.0,2.0,0.452,213,False
O=c1sc2cc(Br)ccc2n1CCCN1Cc2ccccc2C1,CHEMBL287,3.0,3.0,0.593,3166,False
O=c1sc2ccccc2n1CCCN1Cc2ccccc2C1,CHEMBL287,3.0,3.0,0.542,3166,False
OC(CCN1CCC(O)(Cc2ccccc2)CC1)c1ccc(Cl)c(Cl)c1,CHEMBL238,3.0,3.0,0.579,3420,False
OC(CCN1CCC(O)(Cc2ccccc2)CC1)c1ccc(Cl)c(Cl)c1,CHEMBL222,2.0,2.0,0.65,3692,False
OC(CCN1CCC(O)(Cc2ccccc2)CC1)c1ccc(Cl)c(Cl)c1,CHEMBL228,1.0,1.0,0.65,5328,False
OC(COc1cccc2ccccc12)CN1CCC(Oc2ccccc2)CC1,CHEMBL219,2.0,2.0,0.723,2981,False
OC(COc1cccc2ccccc12)CN1CCC(Oc2ccccc2)CC1,CHEMBL217,3.0,3.0,0.723,9217,False
OC(Cc1ccccc1)c1cc(Br)cc2[nH]ncc12,CHEMBL4685,1.0,1.0,0.721,3604,False
OC(Cc1ccccc1)c1cccc2[nH]ncc12,CHEMBL4685,1.0,1.0,0.667,3604,False
OC/C=C1/CN2CC[C@H]3[C@@H]2C[C@@H]1/C1=C/N2c4ccccc4[C@@]45CCN6CC7=CCO[C@H]([C@@H]([C@H]24)[C@H]7C[C@H]65)N(c2ccccc2)[C@@H]13,CHEMBL2492,1.0,1.0,0.632,1545,False
OC/C=C1/CN2CC[C@H]3[C@@H]2C[C@@H]1/C1=C/N2c4ccccc4[C@@]45CCN6CC7=CCO[C@H]([C@@H]([C@H]24)[C@H]7C[C@H]65)N(c2ccccc2)[C@@H]13,CHEMBL1899,2.0,2.0,0.632,1020,False
OC1(c2ccc(Cl)cc2)c2ccccc2C2=N[C@@H]3CCCC[C@@H]3N21,CHEMBL238,3.0,3.0,1.0,3420,True
OC1CCN(c2ccc(-c3cc4nccnc4c(NC[C@@H]4CNCCO4)n3)cc2)CC1,CHEMBL2599,1.0,1.0,0.841,5285,False
OCC(c1ccc(Cl)c(Cl)c1)C1CCNCC1,CHEMBL238,3.0,3.0,0.449,3420,False
OCC(c1ccc(Cl)c(Cl)c1)C1CCNCC1,CHEMBL222,1.0,1.0,0.449,3692,False
OCC(c1ccc(Cl)c(Cl)c1)C1CCNCC1,CHEMBL228,2.0,2.0,0.449,5328,False
OCC1(N2CCC(n3c(-c4ccc(Cl)cc4)nc4ccccc43)CC2)CCCCCCC1,CHEMBL2014,1.0,1.0,0.797,2731,False
OCC1(N2CCC(n3c(-c4ccc(Cl)cc4)nc4ccccc43)CC2)CCCCCCC1,CHEMBL233,4.0,4.0,0.613,7306,False
OCC1(N2CCC(n3c(-c4ccc(Cl)cc4)nc4ccccc43)CC2)CCCCCCC1,CHEMBL236,2.0,2.0,0.613,4835,False
OCC1(N2CCC(n3c(-c4ccc(F)c(Cl)c4)nc4ccccc43)CC2)CCCCCCC1,CHEMBL2014,1.0,1.0,1.0,2731,True
OCC1(N2CCC(n3c(-c4ccc(F)c(Cl)c4)nc4ccccc43)CC2)CCCCCCC1,CHEMBL233,2.0,2.0,0.559,7306,True
OCCCNC[C@@H]1OC(C2CCCCC2)Cc2c1ccc(O)c2O,CHEMBL2056,1.0,1.0,0.692,1513,False
OCCNc1ccc(-c2c[nH]c3cc(F)ccc23)cn1,CHEMBL2140,1.0,1.0,0.593,983,False
OCCOc1cc(CC2CCNCC2)ccc1Br,CHEMBL228,1.0,1.0,0.508,5328,False
OCCSc1nc(-c2ccc(F)cc2)c(-c2ccnc(N[C@H]3CC[C@H](O)CC3)c2)[nH]1,CHEMBL260,1.0,1.0,0.823,5079,False
OCC[n+]1ccc(-c2c3nc(c(-c4cc[n+](CCO)cc4)c4ccc([nH]4)c(-c4cc[n+](CCO)cc4)c4ccc([nH]4)c(-c4cc[n+](CCO)cc4)c4nc2C=C4)C=C3)cc1,CHEMBL2916,1.0,1.0,0.605,673,False
OC[C@@H]1CCN1c1nc(N2CC3CCC(C2)N3)c2cnc(-c3cc(O)cc4ccccc34)c(F)c2n1,CHEMBL2189121,1.0,1.0,0.91,2721,False
OC[C@@H]1[C@@H](O)[C@H](O)[C@@H](O)CN1CCCCCOCc1ccc(-c2ccnc(F)c2)cc1,CHEMBL2063,1.0,1.0,0.78,281,False
OC[C@@H]1[C@@H](O)[C@H](O)[C@@H](O)CN1CCCCCOCc1ccc(-c2ccnc(F)c2)cc1,CHEMBL2179,3.0,3.0,0.78,665,False
OC[C@@H]1[C@@H](O)[C@H](O)[C@@H](O)CN1CCCCCOCc1ccc(-c2ccnc(F)c2)cc1,CHEMBL3761,2.0,2.0,0.78,143,False
OC[C@@H]1[C@@H](O)[C@H](O)[C@@H](O)CN1CCCCCOCc1ccc(-c2ccncc2)cc1,CHEMBL2063,1.0,1.0,0.811,281,False
OC[C@@H]1[C@@H](O)[C@H](O)[C@@H](O)CN1CCCCCOCc1ccc(-c2ccncc2)cc1,CHEMBL2179,3.0,3.0,0.811,665,False
OC[C@@H]1[C@@H](O)[C@H](O)[C@@H](O)CN1CCCCCOCc1ccc(-c2ccncc2)cc1,CHEMBL3761,2.0,2.0,0.811,143,False
OC[C@@]12C[C@@H]1[C@@H](n1cc(-c3ccccc3)c3c(Nc4ccccc4)ncnc31)[C@H](O)[C@@H]2O,CHEMBL1833,9.0,9.0,0.458,2154,False
OC[C@@]12C[C@@H]1[C@@H](n1cc(-c3ccccc3)c3c(Nc4ccccc4)ncnc31)[C@H](O)[C@@H]2O,CHEMBL3589,1.0,1.0,0.594,456,False
OC[C@H]1O[C@@H](c2ccc(Cl)c(Cc3ccc(-c4cccnc4)nn3)c2)[C@H](O)[C@@H](O)[C@@H]1O,CHEMBL3884,1.0,1.0,0.81,1463,False
OC[C@H]1O[C@@H](c2ccc(Cl)c(Cc3ccc(-n4cccn4)s3)c2)[C@H](O)[C@@H](O)[C@@H]1O,CHEMBL3884,1.0,1.0,0.621,1463,False
OC[C@H]1O[C@@H](c2ccc(Cl)c(Cc3nnc(-c4ccnnc4)s3)c2)[C@H](O)[C@@H](O)[C@@H]1O,CHEMBL3884,1.0,1.0,0.817,1463,False
OC[C@H]1O[C@@H](c2nncn2-c2ccc3c(c2)OCCO3)[C@H](O)[C@@H](n2cc(-c3cc(F)c(F)c(F)c3)nn2)[C@H]1O,CHEMBL4531,1.0,1.0,0.913,950,False
OCc1cccc(-c2n[nH]c3cc(-c4ccc(O)cc4)ccc23)c1,CHEMBL3650,5.0,5.0,0.5,4143,False
OCc1nn[nH]c1-c1ccc2c(-c3cc4cc(CN5CCC(F)CC5)ccc4[nH]3)n[nH]c2c1,CHEMBL4630,1.0,1.0,0.63,2809,False
OCc1nn[nH]c1-c1ccc2c(-c3cc4cc(CN5CCC(F)CC5)ccc4[nH]3)n[nH]c2c1,CHEMBL3055,2.0,2.0,0.63,628,False
O[C@@H]1C[C@@H]2CN(c3nc(N4CCC4)nc4c(F)c(-c5cccc6cccc(Cl)c56)ncc34)CC1N2,CHEMBL2189121,1.0,1.0,0.696,2721,False
O[C@@H]1C[C@@H]2[C@H](CCCN2Cc2ccc(F)cc2)C[C@H]1N1CCC(c2ccccc2)CC1,CHEMBL4767,2.0,2.0,0.922,225,False
O[C@@H]1C[C@@H]2[C@H](CCCN2Cc2cccc(I)c2)C[C@H]1N1CCC(c2ccccc2)CC1,CHEMBL4767,1.0,1.0,0.926,225,False
O[C@@H]1[C@H](O)CO[C@H]1Cn1cnc2c(NCc3cccc(Br)c3)nc(Cl)nc21,CHEMBL235,2.0,2.0,0.815,4321,True
O[C@@H]1[C@H](O)CO[C@H]1Cn1cnc2c(NCc3cccc(Br)c3)nc(Cl)nc21,CHEMBL3979,1.0,1.0,1.0,1864,True
O[C@@H]1[C@H](O)CO[C@H]1Cn1cnc2c(NCc3cccc(Cl)c3)nc(Cl)nc21,CHEMBL235,1.0,1.0,0.841,4321,False
O[C@@H]1[C@H](O)CO[C@H]1Cn1cnc2c(NCc3cccc(Cl)c3)nc(Cl)nc21,CHEMBL3979,2.0,2.0,0.841,1864,False
O[C@@H]1[C@H](O)CO[C@H]1Cn1cnc2c(NCc3cccc(I)c3)nc(Cl)nc21,CHEMBL235,2.0,2.0,1.0,4321,True
O[C@@H]1[C@H](O)CO[C@H]1Cn1cnc2c(NCc3cccc(I)c3)nc(Cl)nc21,CHEMBL3979,1.0,1.0,1.0,1864,True
O[C@H]1CCCN[C@@H]1CCCn1cnc2c(Br)cccc21,CHEMBL2638,1.0,1.0,0.627,89,False
O[C@H]1CCCN[C@@H]1CCCn1cnc2c(Cl)c(F)ccc21,CHEMBL2638,1.0,1.0,0.655,89,False
O[C@H]1CCCN[C@@H]1CCCn1cnc2c(Cl)cccc21,CHEMBL2638,1.0,1.0,0.649,89,False
O[C@H]1CCCN[C@@H]1CCCn1cnc2c(F)c(Br)ccc21,CHEMBL2638,1.0,1.0,0.607,89,False
O[C@H]1CCCN[C@@H]1CCCn1cnc2c(F)c(F)ccc21,CHEMBL2638,1.0,1.0,0.621,89,False
O[C@H]1CCCN[C@@H]1CCCn1cnc2c(F)cc(Br)cc21,CHEMBL2638,1.0,1.0,0.59,89,False
O[C@H]1CCCN[C@@H]1CCCn1cnc2c(F)ccc(Cl)c21,CHEMBL2638,1.0,1.0,0.714,89,False
O[C@H]1CCCN[C@@H]1CCCn1cnc2cc(Br)c(F)cc21,CHEMBL2638,1.0,1.0,0.655,89,False
O[C@H]1CCCN[C@@H]1CCCn1cnc2cc(Br)cc(F)c21,CHEMBL2638,1.0,1.0,0.6,89,False
O[C@H]1CCCN[C@@H]1CCCn1cnc2cc(C(F)(F)F)cc(Br)c21,CHEMBL2638,1.0,1.0,0.551,89,False
O[C@H]1CCCN[C@@H]1CCCn1cnc2cc(C(F)(F)F)cc(Cl)c21,CHEMBL2638,1.0,1.0,0.641,89,False
O[C@H]1CCCN[C@@H]1CCCn1cnc2cc(Cl)c(Br)cc21,CHEMBL2638,1.0,1.0,0.714,89,False
O[C@H]1CCCN[C@@H]1CCCn1cnc2cc(Cl)c(Cl)cc21,CHEMBL2638,1.0,1.0,0.769,89,False
O[C@H]1CCCN[C@@H]1CCCn1cnc2cc(Cl)c(F)cc21,CHEMBL2638,1.0,1.0,0.714,89,False
O[C@H]1CCCN[C@@H]1CCCn1cnc2cc(Cl)ccc21,CHEMBL2638,1.0,1.0,0.709,89,False
O[C@H]1CCCN[C@@H]1CCCn1cnc2cc(F)c(Br)cc21,CHEMBL2638,1.0,1.0,0.655,89,False
O[C@H]1CCCN[C@@H]1CCCn1cnc2cc(F)c(Cl)cc21,CHEMBL2638,1.0,1.0,0.714,89,False
O[C@H]1CCCN[C@@H]1CCCn1cnc2cc(F)c(F)cc21,CHEMBL2638,1.0,1.0,0.704,89,False
O[C@H]1CCCN[C@@H]1CCCn1cnc2cc(F)ccc21,CHEMBL2638,1.0,1.0,0.649,89,False
O[C@H]1CCCN[C@@H]1CCCn1cnc2ccc(Br)c(Br)c21,CHEMBL2638,1.0,1.0,0.644,89,False
O[C@H]1CCCN[C@@H]1CCCn1cnc2ccc(Br)c(F)c21,CHEMBL2638,1.0,1.0,0.645,89,False
O[C@H]1CCCN[C@@H]1CCCn1cnc2ccc(C(F)(F)F)cc21,CHEMBL2638,1.0,1.0,0.667,89,False
O[C@H]1CCCN[C@@H]1CCCn1cnc2ccc(Cl)c(Cl)c21,CHEMBL2638,1.0,1.0,0.691,89,False
O[C@H]1CCCN[C@@H]1CCCn1cnc2ccc(Cl)cc21,CHEMBL2638,1.0,1.0,0.741,89,False
O[C@H]1CCCN[C@@H]1CCCn1cnc2ccc(F)c(F)c21,CHEMBL2638,1.0,1.0,0.667,89,False
O[C@H]1CCCN[C@@H]1CCCn1cnc2cccc(Br)c21,CHEMBL2638,1.0,1.0,0.732,89,False
O[C@H]1CCCN[C@@H]1CCCn1cnc2cccc(C(F)(F)F)c21,CHEMBL2638,1.0,1.0,0.695,89,False
O[C@H]1CCCN[C@@H]1CCCn1cnc2cccc(Cl)c21,CHEMBL2638,1.0,1.0,0.732,89,False
O[C@H]1CC[C@@H](Cn2nc(-c3ccc(N4CCOCC4)cc3)c3cnc(NCCCc4ccccc4)nc32)CC1,CHEMBL5331,1.0,1.0,0.847,2333,False
Oc1c2ccccc2nc2c3nc4ccccc4c-3ccn12,CHEMBL2231,42.0,8.0,0.36,561,False
Oc1c2ccccc2nc2c3nc4ccccc4c-3ccn12,CHEMBL3356,35.0,47.0,0.304,1600,False
Oc1c2ccccc2nc2c3nc4ccccc4c-3ccn12,CHEMBL4878,7.0,7.0,0.36,615,False
Oc1cc(-c2cn[nH]c2)ccc1-c1ccc(N2C[C@H]3CNC[C@H]3C2)nn1,CHEMBL240,1.0,1.0,0.571,10985,False
Oc1cc(-c2ncc3c(N4CC5CCC(C4)N5)nc(N4CC(O)C4)nc3c2F)c2ccccc2c1,CHEMBL2189121,1.0,1.0,0.841,2721,False
Oc1cc(-c2ncc3c(N4CC5CCC(C4)N5)nc(N4CCC4)nc3c2F)c2ccccc2c1,CHEMBL2189121,1.0,1.0,0.966,2721,False
Oc1cc(O)cc(CCc2ccc(Nc3c4c(nc5cc(Cl)ccc35)CCCC4)cc2)c1,CHEMBL220,1.0,1.0,0.732,6051,False
Oc1ccc(-c2ccc3c(-c4ccc(O)cc4)n[nH]c3c2)cc1,CHEMBL4142,3.0,3.0,0.675,1791,False
Oc1ccc(-c2ccc3c(-c4ccc(O)cc4)n[nH]c3c2)cc1,CHEMBL3650,4.0,4.0,0.675,4143,False
Oc1ccc(-c2ccc3c(-c4ccc(O)cc4)n[nH]c3c2)cc1,CHEMBL2742,15.0,21.0,0.523,2331,False
Oc1ccc(/C=C/c2cc(O)cc3c2[C@H](c2ccc(O)cc2O)[C@@H](c2ccc(O)cc2)O3)cc1,CHEMBL1951,4.0,4.0,0.745,3112,False
Oc1ccc(Cl)cc1C1=NN(c2ccccn2)C(c2ccccc2)C1,CHEMBL2189130,3733.0,3846.0,0.098,2,False
Oc1ccc(N2CCN(Cc3cccs3)CC2)cc1,CHEMBL219,1.0,1.0,0.59,2981,False
Oc1ccc(N2CCN(Cc3cccs3)CC2)cc1,CHEMBL234,5.0,6.0,0.46,6166,False
Oc1ccc(N2CCN(Cc3cccs3)CC2)cc1,CHEMBL217,6.0,7.0,0.46,9217,False
Oc1ccc([C@@H]2N=CN[C@@H]2c2c(Cl)cc(O)cc2Cl)c(Cl)c1,CHEMBL206,1.0,1.0,1.0,4427,True
Oc1ccc([C@@H]2N=CN[C@@H]2c2c(Cl)cc(O)cc2Cl)c(F)c1,CHEMBL206,1.0,1.0,0.8,4427,False
Oc1ccc([C@H]2NC=N[C@H]2c2ccc(O)cc2Cl)c(Cl)c1,CHEMBL206,1.0,1.0,0.806,4427,False
Oc1ccc([C@H]2Sc3cc(O)ccc3O[C@H]2c2ccc(OCCN3C4CCC3CC4)cc2)cc1,CHEMBL206,2.0,2.0,0.943,4427,False
Oc1ccc([C@H]2Sc3cc(O)ccc3O[C@H]2c2ccc(OCCN3C4CCC3CC4)cc2)cc1,CHEMBL242,1.0,1.0,0.943,2308,False
Oc1ccc2c(-c3ccnc(Nc4cccc(C(F)(F)F)c4)n3)cnn2n1,CHEMBL262,1.0,1.0,0.767,5430,False
Oc1ccc2c(-c3ccnc(Nc4cccc(C(F)(F)F)c4)n3)cnn2n1,CHEMBL301,2.0,2.0,0.767,2596,False
Oc1ccc2c(c1)CC[C@H](c1ccccc1)[C@@H]2c1ccc(NCCN2CC(CF)C2)cc1,CHEMBL206,1.0,1.0,1.0,4427,True
Oc1cccc(Nc2nc3ccccc3n2-c2ncnc(NCC(F)(F)F)n2)c1,CHEMBL2842,2.0,2.0,0.732,4921,False
Oc1cccc(Nc2nc3ccccc3n2-c2ncnc(NCC(F)(F)F)n2)c1,CHEMBL4005,1.0,1.0,0.732,7718,False
Oc1cccc(Nc2nc3ccccc3n2-c2ncncn2)c1,CHEMBL2842,2.0,2.0,0.735,4921,False
Oc1cccc(Nc2nc3ccccc3n2-c2ncncn2)c1,CHEMBL4005,1.0,1.0,0.735,7718,False
Oc1ccccc1N1CCN(Cc2cccs2)CC1,CHEMBL219,4.0,4.0,0.453,2981,False
Oc1nc(CCCN2CCCCC2)nc2ccccc12,CHEMBL3105,1.0,1.0,0.75,4466,False
S=C(NCC12CC3CC(CC(C3)C1)C2)Nc1ccc(C23CC4CC(CC(C4)C2)C3)cc1,CHEMBL2409,1.0,1.0,0.762,2764,False
S=C(NCCSCc1ccc(Cl)c(Cl)c1)Nc1ccccc1,CHEMBL1741221,107.0,4.0,0.46,421,False
S=C(NCCSCc1ccc(Cl)c(Cl)c1)Nc1ccccc1,CHEMBL4426,17.0,3.0,0.46,435,False
S=C=NCCCCCN1CCC(Cc2ccccc2)CC1,CHEMBL4349,10.0,9.0,0.512,390,False
Sc1nnc(-c2ccccn2)n1/N=C/c1cccc2ccccc12,CHEMBL1741217,2.0,1.0,0.723,921,False
[2H]C([2H])(C)Oc1ccc([C@H](CO)NC(=O)[C@H]2C[C@@H]2c2ccccc2)cn1,CHEMBL2492,1.0,1.0,0.591,1545,False
[2H]C([2H])([2H])NC(=O)c1nnc(NC(=O)C2CC2)cc1Nc1cccc(C(=O)Nc2ccc(-n3ccnc3)cc2)c1OC,CHEMBL3553,1.0,1.0,0.792,6084,False
[2H]C([2H])([2H])Oc1ccc(CNC(=O)c2sc3nnc(C)c(C)c3c2N)cc1F,CHEMBL1821,1.0,1.0,0.677,1918,False
[2H]c1cc(-n2c(-c3cc(Oc4nc(F)ccc4F)ccc3F)nc3c2CN(C(=O)C=C)C3)nc([2H])n1,CHEMBL203,1.0,1.0,0.512,11022,False
[2H]c1cc(-n2c(-c3cc(Oc4nc(F)ccc4F)ccc3F)nc3c2CN(C(=O)C=C)C3)ncn1,CHEMBL203,1.0,1.0,0.57,11022,False
[2H]c1nccc(-n2c(-c3cc(Oc4nc(F)ccc4F)ccc3F)nc3c2CN(C(=O)C=C)C3)n1,CHEMBL203,1.0,1.0,0.57,11022,False
[C-]#[N+]/C(=C\C(C)C)C(=O)N1CCC[C@@H](n2nc(-c3ccc(Oc4cccc(F)c4F)cc3F)c3c(N)ncnc32)C1,CHEMBL5251,1.0,1.0,0.707,9782,False
[N-]=[N+]=Nc1ccc(C(=O)NC(CCCCNC(=O)CCCCC2SCC3NC(=O)NC32)C(=O)NCCSSCCC(=O)NCCCCCCN(CCc2c[nH]c3ccccc23)Cc2ccc(/C=C/C(=O)NO)cc2)cc1,CHEMBL325,3.0,3.0,0.5,8231,False
[N-]=[N+]=Nc1ccc(C(=O)NC(CCCCNC(=O)CCCCC2SCC3NC(=O)NC32)C(=O)NCCSSCCC(=O)NCCCCCCN(CCc2c[nH]c3ccccc23)Cc2ccc(/C=C/C(=O)NO)cc2)cc1,CHEMBL1829,4.0,4.0,0.5,2582,False
[N-]=[N+]=Nc1ccc(C(=O)NC(CCCCNC(=O)CCCCC2SCC3NC(=O)NC32)C(=O)NCCSSCCC(=O)NCCCCCCN(CCc2c[nH]c3ccccc23)Cc2ccc(/C=C/C(=O)NO)cc2)cc1,CHEMBL3524,2.0,2.0,0.5,1200,False
[N-]=[N+]=Nc1ccc(C(=O)NC(CCCCNC(=O)CCCCC2SCC3NC(=O)NC32)C(=O)NCCSSCCC(=O)NCCCCCCN(CCc2c[nH]c3ccccc23)Cc2ccc(/C=C/C(=O)NO)cc2)cc1,CHEMBL1865,1.0,1.0,0.5,6508,False
c1cc(-c2c[nH]c3nccc(N4CCC5(CCCN5)C4)c23)cnn1,CHEMBL5052,1.0,1.0,0.943,245,False
c1cc(-c2c[nH]c3nccc(N4CCC5(CCCN5)C4)c23)cnn1,CHEMBL3231,2.0,2.0,0.943,2738,False
c1cc(-c2ccc(Cn3ccnc3)cn2)ccn1,CHEMBL1908,1.0,1.0,0.811,1695,False
c1cc(-c2ccc(Cn3ccnc3)cn2)ccn1,CHEMBL2722,2.0,2.0,0.811,2212,False
c1cc(-c2nc3ccc(OCCCN4CCCC4)cc3o2)ccc1OCCCN1CCCC1,CHEMBL5804,2.0,2.0,0.977,3644,False
c1cc(-c2nc3ccc(OCCCN4CCCC4)cc3o2)ccc1OCCCN1CCCC1,CHEMBL5936,1.0,1.0,0.977,5391,False
c1cc(-c2ncn(Cc3cn4cc(CNCC5CCC5)ccc4n3)n2)c2cn[nH]c2c1,CHEMBL4739695,1.0,1.0,0.753,766,False
c1cc(NC2CNC2)nc(-c2cnc3ccc(-c4cn[nH]c4)cn23)c1,CHEMBL2079845,3.0,3.0,0.704,319,False
c1cc(NC2CNC2)nc(-c2cnc3ccc(-c4cn[nH]c4)cn23)c1,CHEMBL1974,1.0,1.0,0.852,4344,False
c1cc(OCC2CN(C3CCCC3)CCO2)ccc1CN1CCCC1,CHEMBL264,1.0,1.0,0.977,4372,False
c1cc(OCCCN2CCC(Cc3c[nH]cn3)CC2)cc(OC2CCCCC2)c1,CHEMBL289,1.0,1.0,0.815,3036,False
c1cc2cc(c1)C[n+]1ccc(cc1)NCc1ccc(cc1)CNc1cc[n+](cc1)C2,CHEMBL3117,1.0,1.0,0.897,217,False
c1ccc(-c2ccc(CN3CCN4c5cccc6[nH]cc(c56)CC4C3)cc2)cc1,CHEMBL217,1.0,1.0,0.878,9217,False
c1ccc(-c2ccc(Cc3ccncc3)cn2)cc1,CHEMBL2722,2.0,2.0,0.735,2212,False
c1ccc(-c2ccc(Cc3ccncc3)cn2)cc1,CHEMBL1908,1.0,1.0,0.735,1695,False
c1ccc(-c2ccn3c(-c4cncs4)cnc3c2)cc1,CHEMBL279,1.0,1.0,0.667,10551,False
c1ccc(-c2nc(-n3cnc4cnccc43)c3cccn3n2)nc1,CHEMBL4439,1.0,1.0,0.725,2681,False
c1ccc(-c2nc(Cc3c[nH]c4ccccc34)nnc2-c2ccc(CN3CCOCC3)cc2)cc1,CHEMBL3714079,1.0,1.0,1.0,829,True
c1ccc(-c2ncnc3c2cnn3CCN2CCCCC2)cc1,CHEMBL287,1.0,1.0,0.8,3166,False
c1ccc(CC2(c3cnc4[nH]ccc4c3)CCNC2)cc1,CHEMBL228,4.0,4.0,0.66,5328,False
c1ccc(CC2(c3cnc4[nH]ccc4c3)CCNC2)cc1,CHEMBL222,2.0,2.0,0.66,3692,False
c1ccc(CC2(c3cnc4[nH]ccc4c3)CCNC2)cc1,CHEMBL238,5.0,5.0,0.66,3420,False
c1ccc(CC2(c3cnc4[nH]ccc4c3)CCNC2)cc1,CHEMBL289,3.0,3.0,0.66,3036,False
c1ccc(CC2CCNCC2)cc1,CHEMBL2179,21.0,8.0,0.457,665,False
c1ccc(CCN2CCn3c(nc4ccccc43)C2)cc1,CHEMBL5137,1.0,1.0,0.85,1873,False
c1ccc(CCN[C@H]2C3C4CC5C6C4CC3C6C52)cc1,CHEMBL2035,8.0,8.0,0.634,1102,False
c1ccc(CCN[C@H]2C3C4CC5C6C4CC3C6C52)cc1,CHEMBL1821,9.0,9.0,0.634,1918,False
c1ccc(CCN[C@H]2C3C4CC5C6C4CC3C6C52)cc1,CHEMBL245,6.0,6.0,0.634,2649,False
c1ccc(CCN[C@H]2C3C4CC5C6C4CC3C6C52)cc1,CHEMBL211,7.0,7.0,0.634,2278,False
c1ccc(CCN[C@H]2C3C4CC5C6C4CC3C6C52)cc1,CHEMBL1941,4.0,4.0,0.714,626,False
c1ccc(CCN[C@H]2C3C4CC5C6C4CC3C6C52)cc1,CHEMBL234,11.0,11.0,0.535,6166,False
c1ccc(CCN[C@H]2C3C4CC5C6C4CC3C6C52)cc1,CHEMBL229,10.0,10.0,0.634,1882,False
c1ccc(CCN[C@H]2C3C4CC5C6C4CC3C6C52)cc1,CHEMBL238,3.0,3.0,0.714,3420,False
c1ccc(CN2CCN(Cc3nnc(-c4ccccc4)o3)CC2)cc1,CHEMBL240,1.0,2.0,0.617,10985,False
c1ccc(COCCCOc2ccc([C@H]3CCNC[C@@H]3OCc3ccc4ccccc4c3)cn2)cc1,CHEMBL286,1.0,1.0,0.81,2967,False
c1ccc(COc2ccc3[nH]nc(-c4nc5cc(N6CCCCC6)ccc5[nH]4)c3c2)nc1,CHEMBL3650,1.0,1.0,0.75,4143,False
c1ccc(CSc2nnc(-c3cc4ccccc4[nH]3)n2CCCc2c[nH]cn2)cc1,CHEMBL1853,1.0,1.0,0.71,1162,False
c1ccc(CSc2nnc(-c3cc4ccccc4[nH]3)n2CCCc2c[nH]cn2)cc1,CHEMBL2028,2.0,2.0,0.707,820,False
c1ccc(N2CCN(Cc3cccs3)CC2)cc1,CHEMBL219,1.0,1.0,0.588,2981,False
c1ccc(N2CCN(Cc3cccs3)CC2)cc1,CHEMBL234,3.0,3.0,0.512,6166,False
c1ccc(Nc2nccc(-c3cnn4ncccc34)n2)cc1,CHEMBL262,2.0,3.0,0.679,5430,False
c1ccc(Nc2nccc(-c3cnn4ncccc34)n2)cc1,CHEMBL301,5.0,5.0,0.679,2596,False
c1ccc(Nc2nccc(-c3cnn4ncccc34)n2)cc1,CHEMBL331,1.0,2.0,0.679,1424,False
c1ccc(Nc2nccc(-c3cnn4ncccc34)n2)cc1,CHEMBL2292,4.0,1.0,0.705,3800,False
c1ccc(Oc2ccc(OCc3ccc(CN4CCCCC4)cc3)cc2)cc1,CHEMBL264,1.0,1.0,0.882,4372,False
c1ccc2c(c1)CN1CCCCCC1=N2,CHEMBL220,1.0,1.0,1.0,6051,True
c1cn2cc(Cn3nnc4ncc(N5CCOCC5)nc43)ccc2n1,CHEMBL3717,1.0,1.0,0.594,4639,False
c1cnc(Oc2ccc(Nc3nc4ccccc4s3)cc2)c(-c2ccc3c(c2)OCCO3)c1,CHEMBL4409,1.0,1.0,0.898,5483,False
c1cncc(-c2cnc(NCc3cccc4occc34)n3cnnc23)c1,CHEMBL2189117,1.0,1.0,0.828,581,False
c1cncc(-c2nc3c([nH]2)-c2ccccc2CCC3)c1,CHEMBL4561,1.0,1.0,0.756,1180,False
c1coc(-c2nc(-c3ccco3)c(-c3ccco3)nc2-c2ccco2)c1,CHEMBL2219,2.0,1.0,0.739,355,False
c1coc(-c2nc(-c3ccco3)c(-c3ccco3)nc2-c2ccco2)c1,CHEMBL6089,1704.0,809.0,0.175,328,False
c1nc(N2CCC3(CCCN3)C2)c2cc[nH]c2n1,CHEMBL2148,1.0,1.0,0.591,7416,False
c1nc(N[C@H]2CC[C@H](N3CCOCC3)CC2)c2c(C3CCOCC3)c[nH]c2n1,CHEMBL3778,1.0,1.0,1.0,7453,True
c1nc(N[C@H]2CC[C@H](N3CCOCC3)CC2)c2c(C3CCOCC3)c[nH]c2n1,CHEMBL5081,3.0,3.0,1.0,77,True
c1nc(N[C@H]2CC[C@H](N3CCOCC3)CC2)c2c(C3CCOCC3)c[nH]c2n1,CHEMBL4105759,,,0.0,1,True
c1nc(N[C@H]2CC[C@H](N3CCOCC3)CC2)c2c(C3CCOCC3)c[nH]c2n1,CHEMBL3357,2.0,2.0,1.0,681,True
c1nc(N[C@H]2CC[C@H](N3CCOCC3)CC2)c2c(C3CCOCC3)c[nH]c2n1,CHEMBL4224,6.0,6.0,0.478,575,True
c1nc(N[C@H]2CC[C@H](N3CCOCC3)CC2)c2c(C3CCOCC3)c[nH]c2n1,CHEMBL4225,7.0,7.0,0.478,1438,True
c1nc(N[C@H]2CC[C@H](N3CCOCC3)CC2)c2c(C3CCOCC3)c[nH]c2n1,CHEMBL4203,8.0,8.0,0.478,1069,True
c1nc(N[C@H]2CC[C@H](N3CCOCC3)CC2)c2c(C3CCOCC3)c[nH]c2n1,CHEMBL1075163,30.0,40.0,0.333,227,True
c1nc(OCC2CCCCC2)c2nc[nH]c2n1,CHEMBL308,4.0,5.0,0.518,1494,False
c1nc(OCC2CCCCC2)c2nc[nH]c2n1,CHEMBL301,7.0,1.0,0.538,2596,False
